idx,question,true_label,predicted_label,correct,score_yes,score_no,score_maybe,confidence_margin,generated_text,prompt_token_len,truncated,uncertain,parsed_from_text,is_parsable,text_label_match,margin_bucket,length_bucket
0,Is anorectal endosonography valuable in dyschesia?,yes,no,False,6.3037,7.2122,5.2186,0.9085,"""no"" in the control group, ""short"" in the patient group.",301,False,True,no,True,True,< 1 (uncertain),<= 512 (normal)
1,Is there a connection between sublingual varices and hypertension?,yes,no,False,6.4733,7.7818,2.5989,1.3085,sublingual varices indicate hypertension.,362,False,False,unparsable,False,False,1–2,<= 512 (normal)
2,Is the affinity column-mediated immunoassay method suitable as an alternative to the microparticle enzyme immunoassay method as a blood tacrolimus assay?,yes,yes,True,8.1632,7.7453,5.7024,0.4179,"""The affinity column-mediated immunoassay method is suitable as an alternative to the microparticle enzyme immunoassay method as a blood tacrolimus assay.""",302,False,True,unparsable,False,False,< 1 (uncertain),<= 512 (normal)
3,Does a physician's specialty influence the recording of medication history in patients' case notes?,yes,no,False,6.0335,8.8075,3.2532,2.774,"""Yes,"" the frequency of documentation of adverse drug reactions was highest in the Cardiology specialty; while the frequency of documentation of adherence to medicines was",309,False,False,yes,True,False,2–5,<= 512 (normal)
4,Locoregional opening of the rodent blood-brain barrier for paclitaxel using Nd:YAG laser-induced thermo therapy: a new concept of adjuvant glioma therapy?,yes,no,False,5.8765,7.6496,4.355,1.7731,LITT-induced BBB disruption allows a locoregional passage of chemotherapeutic agents into brain tissue to treat malignant gliomas.,219,False,False,unparsable,False,False,1–2,<= 512 (normal)
5,Spinal subdural hematoma: a sequela of a ruptured intracranial aneurysm?,yes,no,False,2.4486,3.9182,0.1986,1.4697,SSDH: a sequela of a ruptured intracranial aneurysm.,237,False,False,unparsable,False,False,1–2,<= 512 (normal)
6,Is there a correlation between androgens and sexual desire in women?,yes,no,False,3.0762,6.6951,1.8021,3.6189,The correlation between androgens and sexual desire in women is not strong enough to warrant further investigation.,323,False,False,unparsable,False,False,2–5,<= 512 (normal)
7,Is the zeolite hemostatic agent beneficial in reducing blood loss during arterial injury?,yes,no,False,3.4869,5.4547,3.2423,1.9678,QuikClot is a promising hemostatic agent in the treatment of arterial injury.,261,False,False,unparsable,False,False,1–2,<= 512 (normal)
8,Are endothelial cell patterns of astrocytomas indicative of grade?,yes,no,False,2.3257,6.2125,1.4359,3.8868,The vascular pattern of astrocytomas is a useful adjunct to the current grading scheme.,268,False,False,unparsable,False,False,2–5,<= 512 (normal)
9,Should cavitation in proximal surfaces be reported in cone beam computed tomography examination?,yes,no,False,6.894,7.6227,3.1486,0.7287,CBCT was superior to bitewing radiography in detecting cavitated proximal surfaces.,262,False,True,unparsable,False,False,< 1 (uncertain),<= 512 (normal)
10,Ultrasound in squamous cell carcinoma of the penis; a useful addition to clinical staging?,yes,no,False,4.66,8.0944,3.5261,3.4344,the ultrasound examination is not a useful addition to clinical staging in squamous cell carcinoma of the penis.,236,False,False,unparsable,False,False,2–5,<= 512 (normal)
11,Can third trimester ultrasound predict the presentation of the first twin at delivery?,yes,no,False,4.538,6.6406,2.855,2.1027,The positive predictive value of noncephalic presentation as determined by ultrasound for the persistence of noncephalic at delivery reached 95% after 32 weeks gestation.,226,False,False,unparsable,False,False,2–5,<= 512 (normal)
12,Is micro-computed tomography reliable to determine the microstructure of the maxillary alveolar bone?,yes,no,False,8.1442,8.349,7.2724,0.2048,"""no.""",313,False,True,no,True,True,< 1 (uncertain),<= 512 (normal)
13,Is primary angioplasty an acceptable alternative to thrombolysis?,yes,no,False,2.6189,5.9775,1.8408,3.3586,Primary angioplasty is an acceptable alternative to thrombolysis for the treatment of acute myocardial infarction.,295,False,False,unparsable,False,False,2–5,<= 512 (normal)
14,Is endometrial polyp formation associated with increased expression of vascular endothelial growth factor and transforming growth factor-beta1?,yes,no,False,5.1653,7.8326,2.0869,2.6672,VEGF and TGF-β1 expression in endometrial polyps is associated with steroid receptor expression.,386,False,False,unparsable,False,False,2–5,<= 512 (normal)
15,Improvements in survival of gynaecological cancer in the Anglia region of England: are these an effect of centralisation of care and use of multidisciplinary management?,yes,no,False,8.1146,8.8316,5.743,0.717,"OR = 2.95, 95% CI 2.41-3.83, p < 0.001.",286,False,True,unparsable,False,False,< 1 (uncertain),<= 512 (normal)
16,Estimated fetal weight by ultrasound: a modifiable risk factor for cesarean delivery?,yes,yes,True,5.1936,4.3153,3.466,0.8784,US-EFW > 3500 g is a modifiable risk factor for CD.,230,False,True,unparsable,False,False,< 1 (uncertain),<= 512 (normal)
17,Are financial incentives cost-effective to support smoking cessation during pregnancy?,yes,no,False,4.2757,6.8489,3.1295,2.5732,£400 vouchers for smoking cessation during pregnancy.,395,False,False,unparsable,False,False,2–5,<= 512 (normal)
18,Do adjuvant aromatase inhibitors increase the cardiovascular risk in postmenopausal women with early breast cancer?,yes,no,False,3.8653,5.914,2.3332,2.0487,AIs increase the risk of CVAE in postmenopausal women with early breast cancer.,352,False,False,unparsable,False,False,2–5,<= 512 (normal)
19,Is fear of anaphylactic shock discouraging surgeons from more widely adopting percutaneous and laparoscopic techniques in the treatment of liver hydatid cyst?,yes,no,False,2.8677,7.2889,3.5934,3.6955,fear of anaphylaxis and / or dissemination was the main reason given by only 3 surgeons (10%).,187,False,False,unparsable,False,False,2–5,<= 512 (normal)
20,Risk stratification in emergency surgical patients: is the APACHE II score a reliable marker of physiological impairment?,yes,no,False,3.5321,5.8387,2.9902,2.3065,The APACHE II score is a reliable marker of physiological impairment in emergency surgical patients.,329,False,False,unparsable,False,False,2–5,<= 512 (normal)
21,Can Flexible Instruments Create Adequate Femoral Tunnel Lengths at 90° of Knee Flexion in Anterior Cruciate Ligament Reconstruction?,yes,no,False,2.4196,6.4429,4.3596,2.0834,The flexible reamer system can create adequate femoral tunnel lengths at 90 ° of knee flexion.,426,False,False,unparsable,False,False,2–5,<= 512 (normal)
22,Do mitochondria play a role in remodelling lace plant leaves during programmed cell death?,yes,no,False,2.327,5.7916,2.7366,3.055,Mitochondria play a role in the regulation of lace plant leaf PCD.,382,False,False,unparsable,False,False,2–5,<= 512 (normal)
23,"""Occult"" posttraumatic lesions of the knee: can magnetic resonance substitute for diagnostic arthroscopy?",yes,no,False,6.0385,8.415,5.436,2.3765,"""don't know.""",468,False,False,no,True,True,2–5,<= 512 (normal)
24,Does Sensation Return to the Nasal Tip After Microfat Grafting?,yes,yes,True,9.2388,9.2358,7.6846,0.003,"mild, moderate, or severe.",283,False,True,unparsable,False,False,< 1 (uncertain),<= 512 (normal)
25,Do some U.S. states have higher/lower injury mortality rates than others?,yes,no,False,5.5662,6.5201,3.3629,0.9539,The results of this study suggest that the U.S. states with the highest rates of road traffic deaths also have higher / lower rates of other forms of injury.,190,False,True,unparsable,False,False,< 1 (uncertain),<= 512 (normal)
26,Hepatorenal syndrome: are we missing some prognostic factors?,yes,no,False,5.8239,7.2699,4.0975,1.446,"HRS associated with alcoholic liver disease, HRS associated with cardiac cirrhosis, HRS associated with viral, idiopathic, or neoplastic liver disease, HRS associated with ESL",347,False,False,unparsable,False,False,1–2,<= 512 (normal)
27,"The Main Gate Syndrome: a new format in mass-casualty victim ""surge"" management?",yes,no,False,1.6991,6.5877,0.9021,4.8886,"""No.""",162,False,False,no,True,True,2–5,<= 512 (normal)
28,Is EQ-5D a valid quality of life instrument in patients with acute coronary syndrome?,yes,no,False,6.7269,8.6181,4.5942,1.8912,"""I don't know"" (β = -0.521; 95% CI: -0.718 to -0.299; p < 0.001), """,292,False,False,no,True,True,1–2,<= 512 (normal)
29,Is portable ultrasonography accurate in the evaluation of Schanz pin placement during extremity fracture fixation in austere environments?,yes,no,False,6.7853,7.2704,4.4989,0.4851,"""The ultrasound methodology is not accurate in the evaluation of Schanz pin placement in the cadaveric model.""",289,False,True,unparsable,False,False,< 1 (uncertain),<= 512 (normal)
30,Is grandmultiparity an independent risk factor for adverse perinatal outcomes?,yes,no,False,3.1788,6.3209,0.5524,3.142,"Grandmultiparous women were at significantly higher risk for abruptio placentae (OR: 1.3; 95% CI: 1.1-1.5), preterm",295,False,False,unparsable,False,False,2–5,<= 512 (normal)
31,Does depression diagnosis and antidepressant prescribing vary by location?,yes,no,False,1.3379,7.4271,1.9358,5.4913,the results suggest that the neighbourhood environment may be a factor in the differential diagnosis and treatment of depression in different ethnic groups.,339,False,False,unparsable,False,False,> 5 (confident),<= 512 (normal)
32,Learning needs of postpartum women: does socioeconomic status matter?,yes,no,False,2.9662,6.3168,2.6579,3.3507,The findings suggest that postpartum women's concerns and unmet learning needs are not necessarily related to socioeconomic status.,348,False,False,unparsable,False,False,2–5,<= 512 (normal)
33,Is there a differential in the dental health of new recruits to the British Armed Forces?,yes,no,False,2.2829,8.2348,0.2755,5.9519,the null hypothesis was rejected.,291,False,False,unparsable,False,False,> 5 (confident),<= 512 (normal)
34,Do patients with rheumatoid arthritis established on methotrexate and folic acid 5 mg daily need to continue folic acid supplements long term?,yes,no,False,1.2652,6.2299,2.8994,3.3305,The results of this study suggest that stopping FA supplementation in patients with RA established on methotrexate < 20 mg weekly and FA 5 mg daily may be associated with,350,False,False,unparsable,False,False,2–5,<= 512 (normal)
35,Can teaching medical students to investigate medication errors change their attitudes towards patient safety?,yes,no,False,6.0007,7.9923,3.1722,1.9916,"""I am not sure I am.""",230,False,False,no,True,True,1–2,<= 512 (normal)
36,Does a delay in transfer to a rehabilitation unit for older people affect outcome after fracture of the proximal femur?,yes,no,False,4.922,6.7867,3.8302,1.8646,The results suggest that transfer to a rehabilitation ward for older people with fracture of the proximal femur is associated with a longer hospital length of stay.,245,False,False,unparsable,False,False,1–2,<= 512 (normal)
37,Are there gender differences in the reasons why African Americans delay in seeking medical help for symptoms of an acute myocardial infarction?,yes,no,False,1.1904,6.1523,2.0343,4.1181,Women delay longer than men in seeking medical care for symptoms of AMI.,274,False,False,unparsable,False,False,2–5,<= 512 (normal)
38,Does ambulatory process of care predict health-related quality of life outcomes for patients with chronic disease?,yes,yes,True,6.1011,4.6855,2.7238,1.4156,The use of ambulatory process of care is associated with better health-related quality of life outcomes for patients with chronic disease.,282,False,False,unparsable,False,False,1–2,<= 512 (normal)
39,Is the combination with 2-methoxyestradiol able to reduce the dosages of chemotherapeutices in the treatment of human ovarian cancer?,yes,no,False,4.441,9.691,5.7354,3.9557,additive effects were observed with the other chemotherapeutics.,231,False,False,unparsable,False,False,2–5,<= 512 (normal)
40,Does a dedicated discharge coordinator improve the quality of hospital discharge?,yes,no,False,2.9549,7.0136,2.8311,4.0587,The discharge coordinator is a useful and effective role for the medical specialist in the discharge planning process.,353,False,False,unparsable,False,False,2–5,<= 512 (normal)
41,Impact of MPH programs: contributing to health system strengthening in low- and middle-income countries?,yes,no,False,1.3111,5.4679,1.9922,3.4757,"The findings of this study suggest that MPH programs can have a significant impact on the workplace and society of graduates, and that the impact of MPH programs is",481,False,False,unparsable,False,False,2–5,<= 512 (normal)
42,Pap smears with glandular cell abnormalities: Are they detected by rapid prescreening?,yes,no,False,3.8934,7.1897,2.717,3.2963,"""The sensitivity of RPS for detecting glandular cell abnormalities is low, and the false-negative rate is high.""",340,False,False,unparsable,False,False,2–5,<= 512 (normal)
43,Can transcranial direct current stimulation be useful in differentiating unresponsive wakefulness syndrome from minimally conscious state patients?,yes,no,False,4.4262,6.3018,4.5197,1.7821,"a-tDCS might be useful in differentiating UWS from MCS patients, even when no conscious behavior can be observed.",270,False,False,unparsable,False,False,1–2,<= 512 (normal)
44,Is etoricoxib effective in preventing heterotopic ossification after primary total hip arthroplasty?,yes,no,False,6.6463,7.8266,4.6549,1.1803,"No, mayor, or yes: No.",240,False,False,no,True,True,1–2,<= 512 (normal)
45,Assessing Patient Reported Outcomes Measures via Phone Interviews Versus Patient Self-Survey in the Clinic: Are We Measuring the Same Thing?,yes,no,False,4.9207,6.9234,1.0867,2.0027,FTE-dependent: ODI (yes: 23.67% vs.,531,False,False,unparsable,False,False,2–5,> 512 (long)
46,Can emergency physicians accurately and reliably assess acute vertigo in the emergency department?,yes,no,False,7.2426,8.8475,6.9335,1.605,"""No.""",383,False,False,no,True,True,1–2,<= 512 (normal)
47,Proof of concept study: does fenofibrate have a role in sleep apnoea syndrome?,yes,no,False,4.045,7.0992,1.8173,3.0542,fenofibrate has a role in the treatment of sleep apnoea syndrome.,463,False,False,no,True,True,2–5,<= 512 (normal)
48,Does implant coating with antibacterial-loaded hydrogel reduce bacterial colonization and biofilm formation in vitro?,yes,no,False,4.1265,6.3465,3.7102,2.22,"""We believe that the DAC hydrogel is a promising candidate for use in orthopaedic surgery.""",284,False,False,unparsable,False,False,2–5,<= 512 (normal)
49,Does bone anchor fixation improve the outcome of percutaneous bladder neck suspension in female stress urinary incontinence?,yes,no,False,2.2058,6.8082,3.9345,2.8737,The bone anchor system is a safe and effective method for fixing the suture at the pubic bone.,308,False,False,unparsable,False,False,2–5,<= 512 (normal)
50,Is leptin involved in phagocytic NADPH oxidase overactivity in obesity?,yes,no,False,2.3607,4.3313,2.2032,1.9706,Leptin is involved in the development of vascular remodeling in obesity.,310,False,False,unparsable,False,False,1–2,<= 512 (normal)
51,Can we predict which head and neck cancer survivors develop fears of recurrence?,yes,no,False,3.4332,4.9417,2.4937,1.5084,"The findings suggest that fears of recurrence are not a stable characteristic of HNC patients and that fears of recurrence are not related to current symptoms, disease, or",322,False,False,unparsable,False,False,1–2,<= 512 (normal)
52,Differentiation of nonalcoholic from alcoholic steatohepatitis: are routine laboratory markers useful?,yes,no,False,5.4757,7.5778,2.7344,2.1021,"AST / ALT ratio (P = 0.0014), age (P = 0.0014), and sex (P = 0.0014).",321,False,False,unparsable,False,False,2–5,<= 512 (normal)
53,Traumatic aortic injury: does the anatomy of the aortic arch influence aortic trauma severity?,yes,no,False,6.9711,8.8072,6.7876,1.836,"""The aortic arch angle is a significant predictor of the severity of TAI.""",255,False,False,unparsable,False,False,1–2,<= 512 (normal)
54,The Prevalence of Incidentally Detected Idiopathic Misty Mesentery on Multidetector Computed Tomography: Can Obesity Be the Triggering Cause?,yes,no,False,5.7477,8.6961,7.911,0.7851,"""No.""",301,False,True,no,True,True,< 1 (uncertain),<= 512 (normal)
55,Fast foods - are they a risk factor for asthma?,yes,no,False,7.1433,7.9079,6.1685,0.7646,"OR = 1.00, 95% CI: 0.54-1.87).",385,False,True,unparsable,False,False,< 1 (uncertain),<= 512 (normal)
56,Assessment of appropriate antimicrobial prescribing: do experts agree?,yes,no,False,4.2178,7.3219,2.7701,3.1041,The results of this study suggest that infectious disease specialists can reliably assess the appropriateness of antimicrobial prescribing.,278,False,False,unparsable,False,False,2–5,<= 512 (normal)
57,Pulmonary valve replacement in adults late after repair of tetralogy of fallot: are we operating too late?,yes,no,False,5.5742,7.6328,3.7552,2.0586,"""no.""",338,False,False,no,True,True,2–5,<= 512 (normal)
58,Is amoxapine an atypical antipsychotic?,yes,no,False,3.2512,6.0208,1.4423,2.7696,amoxapine is an atypical antipsychotic.,217,False,False,unparsable,False,False,2–5,<= 512 (normal)
59,Do older patients who refuse to participate in a self-management intervention in the Netherlands differ from older patients who agree to participate?,yes,no,False,3.6517,6.4986,3.3412,2.8469,The results of this study suggest that the reasons for refusing to participate in a self-management intervention are different from those of patients who agree to participate,300,False,False,unparsable,False,False,2–5,<= 512 (normal)
60,Is horizontal semicircular canal ocular reflex influenced by otolith organs input?,yes,no,False,5.5026,7.4357,5.5778,1.8579,"""Horizontal canal ocular reflex is influenced by otolith organs input.""",198,False,False,unparsable,False,False,1–2,<= 512 (normal)
61,Preoperative tracheobronchoscopy in newborns with esophageal atresia: does it matter?,yes,no,False,6.8156,9.0982,5.7467,2.2826,"""The procedure is not indicated in all patients with EA.""",342,False,False,no,True,True,2–5,<= 512 (normal)
62,Is it appropriate to implant kidneys from elderly donors in young recipients?,yes,no,False,4.8836,7.0926,4.1801,2.2089,P = 0.105.,363,False,False,unparsable,False,False,2–5,<= 512 (normal)
63,Is muscle power related to running speed with changes of direction?,yes,no,False,5.4749,7.2959,4.7214,1.821,the results of this study suggest that the relationship between muscle power and sprinting speed with changes of direction is not strong enough to be used as a basis,260,False,False,unparsable,False,False,1–2,<= 512 (normal)
64,Stretch-sensitive KCNQ1 mutation A link between genetic and environmental factors in the pathogenesis of atrial fibrillation?,yes,no,False,2.0155,3.6996,1.7782,1.6841,This study provides evidence that mutations in KCNQ1 may be a genetic risk factor for AF.,294,False,False,unparsable,False,False,1–2,<= 512 (normal)
65,Are pelvic anatomical structures in danger during arthroscopic acetabular labral repair?,yes,no,False,4.075,8.1768,3.1565,4.1017,"0, 1, or 2.",279,False,False,unparsable,False,False,2–5,<= 512 (normal)
66,Is intraoperative neuromonitoring associated with better functional outcome in patients undergoing open TME?,yes,no,False,7.1341,7.383,6.4042,0.2489,IONM is associated with better urogenital and anorectal functional outcome after open TME.,281,False,True,unparsable,False,False,< 1 (uncertain),<= 512 (normal)
67,Profiling quality of care: Is there a role for peer review?,yes,no,False,6.5458,6.9702,2.966,0.4244,"""The quality of care is a function of the quality of care received by the patient.""",374,False,True,unparsable,False,False,< 1 (uncertain),<= 512 (normal)
68,Multidisciplinary decisions in breast cancer: does the patient receive what the team has recommended?,yes,no,False,1.5975,7.2298,2.6042,4.6257,The MDT decision was considered 'justifiable' in 94.5% (2956 out of 3230) of cases.,258,False,False,unparsable,False,False,2–5,<= 512 (normal)
69,Are performance measurement systems useful?,yes,no,False,6.6731,8.809,6.0266,2.136,"""the use of PMS is not related to the level of improved processes in health care organizations.""",228,False,False,unparsable,False,False,2–5,<= 512 (normal)
70,The colour of pain: can patients use colour to describe osteoarthritis pain?,yes,no,False,3.3388,5.6454,3.4299,2.2155,The findings of the present study suggest that colour is a useful tool for describing OA pain and that it could be used to communicate pain to healthcare professionals.,324,False,False,unparsable,False,False,2–5,<= 512 (normal)
71,Do mossy fibers release GABA?,yes,no,False,3.0064,4.6167,1.0247,1.6104,GABA release by mossy fibers is a physiologic mechanism that can be modulated by epileptic activity.,280,False,False,unparsable,False,False,1–2,<= 512 (normal)
72,Is severe macrosomia manifested at 11-14 weeks of gestation?,yes,no,False,8.2375,8.608,4.7521,0.3705,"""The fetus is larger than expected"" (i.e., the difference between expected and measured CRL).",297,False,True,unparsable,False,False,< 1 (uncertain),<= 512 (normal)
73,Visceral adipose tissue area measurement at a single level: can it represent visceral adipose tissue volume?,yes,no,False,4.0549,6.721,2.7971,2.666,"""The slice 3 cm above the lower margin of L3 is the best slice location for measuring VAT area.""",221,False,False,unparsable,False,False,2–5,<= 512 (normal)
74,Is an advance care planning model feasible in community palliative care?,yes,no,False,1.9576,5.1795,2.1059,3.0736,The model is feasible in community palliative care settings and is a useful tool for health service improvement.,271,False,False,unparsable,False,False,2–5,<= 512 (normal)
75,Do cytokines have any role in epilepsy?,yes,no,False,4.2666,9.1513,2.0023,4.8847,"IL-1beta (25% to 12.5%), IL-2 (12.5% to 0%), IL-4 (12.5% to 0",477,False,False,unparsable,False,False,2–5,<= 512 (normal)
76,Is expert breast pathology assessment necessary for the management of ductal carcinoma in situ ?,yes,no,False,4.2597,7.4036,3.2729,3.1438,"in the remaining cases, the change in treatment recommendation was due to the presence of DCIS in the review pathology report.",278,False,False,unparsable,False,False,2–5,<= 512 (normal)
77,Treadmill testing of children who have spina bifida and are ambulatory: does peak oxygen uptake reflect maximum oxygen uptake?,yes,no,False,3.6428,5.5548,3.4689,1.912,(.) Vo (2) peak is a valid measure of (.) Vo (2) max in children who have spina bifida and,404,False,False,unparsable,False,False,1–2,<= 512 (normal)
78,Subclavian steal syndrome: can the blood pressure difference between arms predict the severity of steal?,yes,no,False,4.686,5.6726,2.2362,0.9866,The Doppler waveform type of the vertebral artery is a useful screening tool for the diagnosis of SSS.,361,False,True,unparsable,False,False,< 1 (uncertain),<= 512 (normal)
79,Is size-reducing ascending aortoplasty with external reinforcement an option in modern aortic surgery?,yes,no,False,1.1676,6.67,2.3939,4.2761,size-reducing ascending aortoplasty with external reinforcement is a safe and effective procedure in the treatment of ascending aortic aneurysms.,322,False,False,unparsable,False,False,2–5,<= 512 (normal)
80,Is digoxin use for cardiovascular disease associated with risk of prostate cancer?,yes,no,False,6.5257,8.3817,2.4696,1.8559,"OR = 0.31, 95% CI: 0.13-0.75; OR = 0.45, 95% CI: 0.22-0.89; OR = 0.45, 95%",296,False,False,unparsable,False,False,1–2,<= 512 (normal)
81,Screening for gestational diabetes mellitus: are the criteria proposed by the international association of the Diabetes and Pregnancy Study Groups cost-effective?,yes,no,False,5.713,7.1535,1.9183,1.4404,1) The IADPSG criteria are not cost-effective when postdelivery care is not achieved; 2) the IADPSG criteria are not cost,351,False,False,unparsable,False,False,1–2,<= 512 (normal)
82,Does a 4 diagram manual enable laypersons to operate the Laryngeal Mask Supreme®?,yes,no,False,4.8313,7.1717,3.4538,2.3404,"""No.""",385,False,False,no,True,True,2–5,<= 512 (normal)
83,Is laparoscopic reoperation for failed antireflux surgery feasible?,yes,no,False,5.3092,7.7328,3.42,2.4235,laparoscopic reoperation for failed antireflux surgery.,528,False,False,unparsable,False,False,2–5,> 512 (long)
84,The Omega-3 Index: a new risk factor for death from coronary heart disease?,yes,no,False,6.8019,8.9881,6.8038,2.1843,"""The Omega-3 Index is a new risk factor for death from CHD.""",263,False,False,unparsable,False,False,2–5,<= 512 (normal)
85,Do cytokine concentrations in pancreatic juice predict the presence of pancreatic diseases?,yes,no,False,2.976,5.3302,1.5934,2.3542,Interleukin-8 in pancreatic juice is a useful biomarker for the diagnosis of pancreatic diseases.,308,False,False,unparsable,False,False,2–5,<= 512 (normal)
86,Factors determining the survival of nasopharyngeal carcinoma with lung metastasis alone: does combined modality treatment benefit?,yes,no,False,4.0506,6.4741,2.9963,2.4235,"Combined modality treatment might benefit the patients with DFI > 1 year, but not those with DFI ≤ 1 year.",323,False,False,unparsable,False,False,2–5,<= 512 (normal)
87,Is minimally invasive mitral valve repair with artificial chords reproducible and applicable in routine surgery?,yes,no,False,2.984,6.384,2.9857,3.3982,minimally invasive mitral valve repair with artificial chords is a reproducible and effective technique.,326,False,False,unparsable,False,False,2–5,<= 512 (normal)
88,Does receipt of hospice care in nursing homes improve the management of pain at the end of life?,yes,no,False,3.0482,5.1157,1.8491,2.0675,The results suggest that receipt of hospice care in nursing homes may improve the management of pain at the end of life.,474,False,False,unparsable,False,False,2–5,<= 512 (normal)
89,Is intensive chemotherapy safe for rural cancer patients?,yes,no,False,2.2912,8.0398,2.5925,5.4473,the safety of this practice is supported by the results of this study.,319,False,False,unparsable,False,False,> 5 (confident),<= 512 (normal)
90,Is the urinary biomarkers assessment a non-invasive approach to tubular lesions of the solitary kidney?,yes,no,False,6.5422,8.0135,5.0829,1.4714,"NAG (p = 0.001), alpha 1-microglobulin (p = 0.001), and albuminuria (p = 0.001).",373,False,False,unparsable,False,False,1–2,<= 512 (normal)
91,Does open access endoscopy close the door to an adequately informed patient?,yes,no,False,5.6436,6.5344,5.3273,0.8908,Open access endoscopy closes the door to an adequately informed patient.,316,False,True,unparsable,False,False,< 1 (uncertain),<= 512 (normal)
92,Do viral infections have a role in benign paroxysmal positional vertigo?,yes,no,False,4.9395,7.0089,3.5927,2.0694,"""The results of this study suggest that viral infections may play a role in the pathogenesis of BPPV.""",232,False,False,unparsable,False,False,2–5,<= 512 (normal)
93,Does reducing spasticity translate into functional benefit?,yes,no,False,4.5878,4.8632,2.87,0.2755,Spasticity and arm function are closely related.,341,False,True,unparsable,False,False,< 1 (uncertain),<= 512 (normal)
94,Is the Retromandibular Transparotid Approach a Reliable Option for the Surgical Treatment of Condylar Fractures?,yes,no,False,3.1709,6.5277,2.2547,3.3567,The retromandibular transparotid approach is a reliable option for the surgical treatment of condylar fractures.,252,False,False,unparsable,False,False,2–5,<= 512 (normal)
95,Do ventricular arrhythmias in athletes subside over time?,yes,no,False,2.5488,6.4463,1.3751,3.8975,The exercise test can be a useful tool to detect athletes with ventricular arrhythmias and to identify those who are at risk for sudden death.,318,False,False,unparsable,False,False,2–5,<= 512 (normal)
96,Are complex coronary lesions more frequent in patients with diabetes mellitus?,yes,no,False,3.2511,5.9118,1.0953,2.6607,DM and age are independent predictors for the presence of complex coronary lesions.,351,False,False,unparsable,False,False,2–5,<= 512 (normal)
97,Can dogs prime autistic children for therapy?,yes,yes,True,7.9537,7.4478,3.3492,0.5059,"""The dog was able to prime the child for therapy.""",292,False,True,unparsable,False,False,< 1 (uncertain),<= 512 (normal)
98,Quality of life in lung cancer patients: does socioeconomic status matter?,yes,no,False,5.1786,8.1466,3.749,2.9681,the results suggest that socioeconomic status does not influence quality of life in lung cancer patients.,320,False,False,unparsable,False,False,2–5,<= 512 (normal)
99,Is there a model to teach and practice retroperitoneoscopic nephrectomy?,yes,no,False,3.2567,5.5732,1.246,2.3165,"""The model is a good training model for retroperitoneoscopic nephrectomy.""",277,False,False,unparsable,False,False,2–5,<= 512 (normal)
100,Is the type of remission after a major depressive episode an important risk factor to relapses in a 4-year follow up?,yes,no,False,3.6953,4.7488,3.1328,1.0535,"""The type of remission after a major depressive episode is an important risk factor to relapses in a 4-year follow-up.""",249,False,False,unparsable,False,False,1–2,<= 512 (normal)
101,Implementation of epidural analgesia for labor: is the standard of effective analgesia reachable in all women?,yes,no,False,6.5499,8.44,6.04,1.8901,"""don't know.""",321,False,False,no,True,True,1–2,<= 512 (normal)
102,Longer term quality of life and outcome in stroke patients: is the Barthel index alone an adequate measure of outcome?,yes,no,False,4.6527,7.7327,3.0417,3.08,The Barthel index alone is not a good measure of outcome in stroke patients.,383,False,False,unparsable,False,False,2–5,<= 512 (normal)
103,Does a special interest in laparoscopy affect the treatment of acute cholecystitis?,yes,no,False,4.2227,5.044,2.3217,0.8213,The results of this study suggest that the treatment of patients with AC is improved under the care of laparoscopic specialists.,340,False,True,unparsable,False,False,< 1 (uncertain),<= 512 (normal)
104,Do older adults with cancer fall more often?,yes,no,False,3.7172,4.6338,1.9125,0.9166,Older adults with cancer are more likely to fall than those without cancer.,283,False,True,unparsable,False,False,< 1 (uncertain),<= 512 (normal)
105,Two-year follow-up survey of patients with allergic contact dermatitis from an occupational cohort: is the prognosis dependent on the omnipresence of the allergen?,yes,no,False,3.5605,7.0559,1.3955,3.4954,The prognosis for occupational contact dermatitis is not dependent on the presence of the allergen.,293,False,False,no,True,True,2–5,<= 512 (normal)
106,Is there a favorable subset of patients with prostate cancer who develop oligometastases?,yes,no,False,4.8796,6.7287,4.2514,1.8491,The results of this study suggest that patients with < or = 5 metastatic lesions have a better prognosis than patients with > 5 metastatic lesions.,446,False,False,unparsable,False,False,1–2,<= 512 (normal)
107,Does radiotherapy around the time of pregnancy for Hodgkin's disease modify the risk of breast cancer?,yes,no,False,2.912,5.2109,1.4418,2.2989,The risk of breast cancer is increased among women treated with RT around the time of pregnancy for Hodgkin's disease.,372,False,False,unparsable,False,False,2–5,<= 512 (normal)
108,Does left atrial appendage (LAA) occlusion device alter the echocardiography and electrocardiogram parameters in patients with atrial fibrillation?,yes,no,False,5.721,7.8313,6.6416,1.1896,the difference was statistically significant (P < 0.05).,281,False,False,unparsable,False,False,1–2,<= 512 (normal)
109,Is non-invasive diagnosis of esophageal varices in patients with compensated hepatic cirrhosis possible by duplex Doppler ultrasonography?,yes,no,False,3.4329,7.1687,2.7506,3.7358,"""If the patient has a SPI ≥ 5.0, then the patient has no varices, then screening endoscopy is not necessary.""",440,False,False,unparsable,False,False,2–5,<= 512 (normal)
110,Do inhaled steroids differ from cromones in terms of hospital admission rates for asthma in children?,yes,no,False,4.9533,6.804,1.5014,1.8507,The results suggest that inhaled steroids are more effective than cromones in reducing hospital admissions for asthma in children.,312,False,False,unparsable,False,False,1–2,<= 512 (normal)
111,Does airway surgery lower serum lipid levels in obstructive sleep apnea patients?,yes,no,False,2.5011,4.8788,0.8435,2.3777,UPPP surgery may improve serum lipid profiles in OSA patients.,377,False,False,unparsable,False,False,2–5,<= 512 (normal)
112,Israeli hospital preparedness for terrorism-related multiple casualty incidents: can the surge capacity and injury severity distribution be better predicted?,yes,no,False,3.8476,7.555,4.8129,2.7421,"""no"" in the remaining HMCIs. The mean number of casualties per HMCI was significantly higher in the HMCIs with a higher severity score",348,False,False,no,True,True,2–5,<= 512 (normal)
113,Do instrumental activities of daily living predict dementia at 1- and 2-year follow-up?,yes,yes,True,6.1837,5.2348,1.93,0.9489,IADL disability can help predict dementia at 1- and 2-year follow-up.,339,False,True,unparsable,False,False,< 1 (uncertain),<= 512 (normal)
114,Is pelvic pain associated with defecatory symptoms in women with pelvic organ prolapse?,yes,no,False,4.2985,8.5842,2.0532,4.2857,"""Pain"" or ""No Pain"" Pelvic pain is associated with straining with bowel movement, sense of incomplete emptying, pain with bowel movement, and",217,False,False,no,True,True,2–5,<= 512 (normal)
115,Does the SCL 90-R obsessive-compulsive dimension identify cognitive impairments?,yes,no,False,4.1298,5.2131,1.8756,1.0833,The SCL 90-R Obsessive-Compulsive subscale may be a useful screening tool for cognitive impairments in patients with brain tumors.,265,False,False,unparsable,False,False,1–2,<= 512 (normal)
116,Is non-HDL-cholesterol a better predictor of long-term outcome in patients after acute myocardial infarction compared to LDL-cholesterol?,yes,no,False,3.1095,5.7207,3.5127,2.2081,Non-HDL-C is a better predictor of long-term outcome in Thai patients after AMI compared to LDL-C.,424,False,False,no,True,True,2–5,<= 512 (normal)
117,Body diffusion-weighted MR imaging of uterine endometrial cancer: is it helpful in the detection of cancer in nonenhanced MR imaging?,yes,no,False,3.7575,6.1037,0.2556,2.3462,DW images and fused DW images / T2-weighted images are useful for the detection of endometrial cancer in addition to T2-weighted images.,352,False,False,unparsable,False,False,2–5,<= 512 (normal)
118,Does pediatric housestaff experience influence tests ordered for infants in the neonatal intensive care unit?,yes,no,False,3.1891,6.4121,4.0157,2.3963,The results of this study suggest that pediatric housestaff experience influences the ordering of arterial blood gases per infant in the neonatal ICU.,379,False,False,unparsable,False,False,2–5,<= 512 (normal)
119,Biomolecular identification of allergenic pollen: a new perspective for aerobiological monitoring?,yes,no,False,2.3407,6.3781,3.4787,2.8994,pollen grains.,288,False,False,unparsable,False,False,2–5,<= 512 (normal)
120,Is the 7th TNM edition suitable for biological predictor in early gastric cancer?,yes,no,False,4.7916,7.2803,4.6223,2.4887,"N3a, N3b, N3a, N3b, N3b, N3a, N3b, N3b, N3b, N3b,",252,False,False,unparsable,False,False,2–5,<= 512 (normal)
121,Are lower fasting plasma glucose levels at diagnosis of type 2 diabetes associated with improved outcomes?,yes,no,False,3.1706,4.9762,1.8153,1.8056,Low FPG levels at diagnosis of type 2 diabetes are associated with a reduced risk for a range of clinical outcomes.,309,False,False,unparsable,False,False,1–2,<= 512 (normal)
122,Remote ischemic postconditioning: does it protect against ischemic damage in percutaneous coronary revascularization?,yes,yes,True,8.9412,8.0983,3.4293,0.8429,yes.,247,False,True,yes,True,True,< 1 (uncertain),<= 512 (normal)
123,Does multi-modal cervical physical therapy improve tinnitus in patients with cervicogenic somatic tinnitus?,yes,no,False,7.3971,7.6773,4.3664,0.2801,"""no.""",363,False,True,no,True,True,< 1 (uncertain),<= 512 (normal)
124,Processing fluency effects: can the content and presentation of participant information sheets influence recruitment and participation for an antenatal intervention?,yes,no,False,2.3699,5.13,-0.2091,2.7601,The Double Awkward condition was rated as significantly more complex than the Double Fluent (p = .021) and Awkward Tit,263,False,False,unparsable,False,False,2–5,<= 512 (normal)
125,Fulfilling human resources development goal in West Africa: can the training of ophthalmologist diplomates be improved?,yes,no,False,5.0854,7.4408,3.1515,2.3555,"the trainees' suggestions were: increase in sponsorship (33.3%), training allowance (33.3%), and incentives for trainers /",433,False,False,unparsable,False,False,2–5,<= 512 (normal)
126,Predicting admission at triage: are nurses better than a simple objective score?,yes,no,False,3.6152,5.2715,0.1992,1.6564,"GAPS 'accuracy' was 82.5%, 'over-ruled' it was 80.1%, and 'under-ruled' it was 7",370,False,False,unparsable,False,False,1–2,<= 512 (normal)
127,Are adult body circumferences associated with height?,yes,no,False,2.7039,7.3511,1.2417,4.6472,"WC / height scaled positively to height in men and women, and HC / height scaled positively to height in men and women.",380,False,False,unparsable,False,False,2–5,<= 512 (normal)
128,Can progression of valvar aortic stenosis be predicted accurately?,yes,no,False,6.616,7.8504,5.2854,1.2344,"""The patient is in a state of rapid hemodynamic progression of valvar aortic stenosis.""",299,False,False,unparsable,False,False,1–2,<= 512 (normal)
129,Does the National Institutes of Health Stroke Scale favor left hemisphere strokes?,yes,yes,True,4.179,3.959,1.0058,0.2201,"The NIHSS is a valid, reproducible scale for the assessment of stroke severity.",412,False,True,unparsable,False,False,< 1 (uncertain),<= 512 (normal)
130,MiraLAX vs. Golytely: is there a significant difference in the adenoma detection rate?,yes,no,False,0.8906,5.4301,0.3295,4.5395,Golytely is associated with a higher adenoma detection rate than MiraLAX.,369,False,False,unparsable,False,False,2–5,<= 512 (normal)
131,Can gingival crevicular blood be relied upon for assessment of blood glucose level?,yes,no,False,8.1154,10.0483,6.75,1.933,no.,280,False,False,no,True,True,1–2,<= 512 (normal)
132,Is zero central line-associated bloodstream infection rate sustainable?,yes,no,False,2.7995,6.0983,-0.1655,3.2988,The NICU of the Floating Hospital for Children at Tufts Medical Center has achieved zero CLABSI rates for > 370 consecutive days.,305,False,False,unparsable,False,False,2–5,<= 512 (normal)
133,Does treatment duration affect outcome after radiotherapy for prostate cancer?,yes,no,False,4.5663,5.0535,2.8675,0.4871,The NTDR is a significant predictor of outcome after RT for prostate cancer.,373,False,True,unparsable,False,False,< 1 (uncertain),<= 512 (normal)
134,Patient-Controlled Therapy of Breathlessness in Palliative Care: A New Therapeutic Concept for Opioid Administration?,yes,no,False,6.1304,8.6882,4.9417,2.5578,"""No.""",418,False,False,no,True,True,2–5,<= 512 (normal)
135,Is pain a clinically relevant problem in general adult psychiatry?,yes,no,False,7.2993,8.9015,5.9149,1.6022,"""I don't know.""",263,False,False,no,True,True,1–2,<= 512 (normal)
136,Should displaced midshaft clavicular fractures be treated surgically?,yes,no,False,5.1847,6.2693,2.656,1.0846,The results of this study suggest that operative treatment is superior to nonoperative treatment for DMCF.,321,False,False,unparsable,False,False,1–2,<= 512 (normal)
137,Telemedicine and type 1 diabetes: is technology per se sufficient to improve glycaemic control?,yes,no,False,3.5138,6.2357,0.1318,2.7219,Telemedicine and teleconsultation are not sufficient to improve glycaemic control in patients with type 1 diabetes.,343,False,False,unparsable,False,False,2–5,<= 512 (normal)
138,Do European people with type 1 diabetes consume a high atherogenic diet?,yes,no,False,2.448,7.6475,2.3364,5.1995,"Protein (76% at baseline and 78% at follow-up), fat (34, 40%), carbohydrate (34, 41%)",363,False,False,unparsable,False,False,> 5 (confident),<= 512 (normal)
139,Preoperative platelet count in esophageal squamous cell carcinoma: is it a prognostic factor?,yes,no,False,5.4238,6.6195,1.9319,1.1957,"platelet count ≤ 205, T grade (P = 0.001), N staging (P < 0.001).",326,False,False,unparsable,False,False,1–2,<= 512 (normal)
140,Should serum pancreatic lipase replace serum amylase as a biomarker of acute pancreatitis?,yes,no,False,4.7982,6.8884,3.02,2.0902,serum pancreatic lipase is a better biomarker of acute pancreatitis than serum amylase.,399,False,False,unparsable,False,False,2–5,<= 512 (normal)
141,Do Electrochemiluminescence Assays Improve Prediction of Time to Type 1 Diabetes in Autoantibody-Positive TrialNet Subjects?,yes,yes,True,4.7837,4.7411,1.4218,0.0425,to what extent can ECL assays improve prediction of time to type 1 diabetes in autoantibody-positive TrialNet subjects?,374,False,True,unparsable,False,False,< 1 (uncertain),<= 512 (normal)
142,Does SYNTAX score predict in-hospital outcomes in patients with ST elevation myocardial infarction undergoing primary percutaneous coronary intervention?,yes,no,False,7.302,10.4598,4.1301,3.1578,SxS > 22.,373,False,False,unparsable,False,False,2–5,<= 512 (normal)
143,Are behavioural risk factors to be blamed for the conversion from optimal blood pressure to hypertensive status in Black South Africans?,yes,no,False,5.1554,6.8006,2.1035,1.6452,'The study found that the risk factors for the conversion from optimal BP to hypertension were similar to those reported in other populations.,384,False,False,unparsable,False,False,1–2,<= 512 (normal)
144,Does the type of tibial component affect mechanical alignment in unicompartmental knee replacement?,yes,no,False,2.9597,7.0383,3.1476,3.8907,"""The thickness of the tibial insert has a significant effect on postoperative alignment.""",286,False,False,unparsable,False,False,2–5,<= 512 (normal)
145,Upstream solutions: does the supplemental security income program reduce disability in the elderly?,yes,no,False,4.4488,6.5606,1.513,2.1118,The SSI program has a positive effect on disability among the elderly.,337,False,False,unparsable,False,False,2–5,<= 512 (normal)
146,Can serum be used for analyzing the EGFR mutation status in patients with advanced non-small cell lung cancer?,yes,no,False,4.8278,5.2943,2.6438,0.4665,EGFR mutations in serum samples can be used for analyzing the EGFR mutation status in patients with advanced NSCLC.,319,False,True,unparsable,False,False,< 1 (uncertain),<= 512 (normal)
147,Are failures of anterior cruciate ligament reconstruction associated with steep posterior tibial slopes?,yes,no,False,4.5872,6.3859,3.1985,1.7987,The results of this study suggest that the failure of ACLR is associated with steep medial and lateral PTSs.,405,False,False,unparsable,False,False,1–2,<= 512 (normal)
148,Do teleoncology models of care enable safe delivery of chemotherapy in rural towns?,yes,no,False,3.2646,7.6588,3.7406,3.9183,The TTN teleoncology model for managing cancer patients in rural towns is safe and effective.,299,False,False,unparsable,False,False,2–5,<= 512 (normal)
149,Is solitary kidney really more resistant to ischemia?,yes,no,False,4.9604,6.8899,4.7022,1.9295,solitary kidney is more resistant to warm ischemia.,285,False,False,unparsable,False,False,1–2,<= 512 (normal)
150,Is it safe to perform rectal anastomosis in gynaecological debulking surgery without a diverting stoma?,yes,no,False,4.0729,9.0774,3.9049,5.0045,diverting stoma was created in the remaining 36 (86%) patients.,197,False,False,unparsable,False,False,> 5 (confident),<= 512 (normal)
151,Has the mammography quality standards act affected the mammography quality in North Carolina?,yes,no,False,1.8685,6.4453,0.5324,4.5768,The percentage of facilities that met quality standards increased from the first inspection to the second inspection.,228,False,False,unparsable,False,False,2–5,<= 512 (normal)
152,Is breast cancer prognosis inherited?,yes,no,False,4.5552,4.6574,2.0322,0.1022,The results suggest that breast cancer prognosis is inherited.,337,False,True,unparsable,False,False,< 1 (uncertain),<= 512 (normal)
153,c-Kit-dependent growth of uveal melanoma cells: a potential therapeutic target?,yes,no,False,7.8553,7.9721,5.4038,0.1169,c-kit is a potential therapeutic target in uveal melanoma.,320,False,True,unparsable,False,False,< 1 (uncertain),<= 512 (normal)
154,Pituitary apoplexy: do histological features influence the clinical presentation and outcome?,yes,no,False,5.6288,8.0926,2.599,2.4637,"The mean age of the patients with infarction alone was 51.4 years, compared with 51.3 years for the patients with hemorrhagic infarction and / or frank",186,False,False,unparsable,False,False,2–5,<= 512 (normal)
155,Orthostatic myoclonus: an underrecognized cause of unsteadiness?,yes,no,False,0.8258,5.8649,2.0324,3.8326,orthostatic myoclonus is a rare cause of unsteadiness and gait impairment in neurodegenerative diseases.,331,False,False,unparsable,False,False,2–5,<= 512 (normal)
156,Is low serum chloride level a risk factor for cardiovascular mortality?,yes,yes,True,8.3555,8.2328,7.3379,0.1226,"""No.""",358,False,True,no,True,False,< 1 (uncertain),<= 512 (normal)
157,Does ethnicity affect where people with cancer die?,yes,no,False,1.8839,6.9189,1.7456,5.035,'I don't know': 'I don't know': 'I don't know': 'I don't know': 'I,481,False,False,no,True,True,> 5 (confident),<= 512 (normal)
158,Transesophageal echocardiographic assessment of left ventricular function in brain-dead patients: are marginally acceptable hearts suitable for transplantation?,yes,no,False,6.5618,7.8042,3.5456,1.2424,FAC < 50% in donors and FAC > 50% in recipients.,381,False,False,no,True,True,1–2,<= 512 (normal)
159,Can the postoperative pain level be predicted preoperatively?,yes,no,False,8.0445,8.6204,6.5227,0.5759,"""",220,False,True,unparsable,False,False,< 1 (uncertain),<= 512 (normal)
160,Does age moderate the effect of personality disorder on coping style in psychiatric inpatients?,yes,no,False,2.4096,5.1803,2.5237,2.6565,The findings suggest that older adults with personality disorder may be more likely to use maladaptive coping strategies than younger adults.,271,False,False,unparsable,False,False,2–5,<= 512 (normal)
161,Is neck pain associated with worse health-related quality of life 6 months later?,yes,no,False,4.6066,5.8179,2.6617,1.2113,Neck pain is associated with worse physical HRQoL 6 months later.,490,False,False,unparsable,False,False,1–2,<= 512 (normal)
162,Dose end-tidal carbon dioxide measurement correlate with arterial carbon dioxide in extremely low birth weight infants in the first week of life?,yes,no,False,6.8933,8.706,5.0402,1.8128,"""no.""",346,False,False,no,True,True,1–2,<= 512 (normal)
163,Does Residency Selection Criteria Predict Performance in Orthopaedic Surgery Residency?,yes,no,False,6.3933,6.4606,2.8495,0.0673,"""The answer to the question: Does residency selection criteria predict performance in orthopaedic surgery residency?",499,False,True,unparsable,False,False,< 1 (uncertain),<= 512 (normal)
164,Is CA72-4 a useful biomarker in differential diagnosis between ovarian endometrioma and epithelial ovarian cancer?,yes,no,False,6.6107,8.6247,4.6213,2.014,"""CA72-4 is not useful in the differential diagnosis between ovarian endometrioma and epithelial ovarian cancer.""",239,False,False,no,True,True,2–5,<= 512 (normal)
165,Is the breast best for children with a family history of atopy?,yes,no,False,4.665,7.5186,3.6411,2.8536,breast-feeding protects normal children with a family history of atopy against a variety of illnesses.,269,False,False,unparsable,False,False,2–5,<= 512 (normal)
166,Is Bare-Metal Stent Implantation Still Justifiable in High Bleeding Risk Patients Undergoing Percutaneous Coronary Intervention?,yes,no,False,1.5414,4.5656,2.3313,2.2343,"This study suggests that in HBR patients, E-ZES implantation may be a viable option for DES implantation, with a lower ischemic risk and similar",415,False,False,unparsable,False,False,2–5,<= 512 (normal)
167,"Marital status, living arrangement and mortality: does the association vary by gender?",yes,no,False,2.4856,7.4101,2.3077,4.9245,"widowed men (HR 2.39 (95% CI 2.40 to 2.41)), divorced men (HR 2.40 (95% CI",329,False,False,unparsable,False,False,2–5,<= 512 (normal)
168,Does ibuprofen increase perioperative blood loss during hip arthroplasty?,yes,no,False,5.8378,7.5196,2.3686,1.6818,The results of this study suggest that ibuprofen increases perioperative blood loss during total hip arthroplasty.,217,False,False,unparsable,False,False,1–2,<= 512 (normal)
169,Can magnetic resonance imaging accurately predict concordant pain provocation during provocative disc injection?,yes,no,False,3.7862,6.4543,2.5614,2.6681,"To predict concordant pain provocation during provocative disc injection, the combination of an HIZ and disc contour abnormalities is more accurate than the use of either a HI",354,False,False,unparsable,False,False,2–5,<= 512 (normal)
170,Does case-mix based reimbursement stimulate the development of process-oriented care delivery?,yes,no,False,4.7647,7.0217,4.0184,2.257,the case-mix based reimbursement does not stimulate the development of care coordination.,262,False,False,unparsable,False,False,2–5,<= 512 (normal)
171,Cerebromediastinal tuberculosis in a child with a probable Say-Barber-Miller syndrome: a causative link?,yes,no,False,1.0944,6.2318,5.7075,0.5244,tuberculosis.,266,False,True,unparsable,False,False,< 1 (uncertain),<= 512 (normal)
172,Is the determination of specific IgE against components using ISAC 112 a reproducible technique?,yes,no,False,4.9026,7.6075,4.8711,2.7049,"""no.""",392,False,False,no,True,True,2–5,<= 512 (normal)
173,Schizophrenia patients with high intelligence: A clinically distinct sub-type of schizophrenia?,yes,no,False,3.2317,5.8975,2.3249,2.6657,"Schizophrenia patients with very high pre-morbid IQ have a distinct symptom profile, and may be a distinct sub-type of schizophrenia.",320,False,False,unparsable,False,False,2–5,<= 512 (normal)
174,Is halofantrine ototoxic?,yes,no,False,4.8643,7.584,4.5452,2.7197,there is no ototoxicity of halofantrine in guinea pigs.,214,False,False,no,True,True,2–5,<= 512 (normal)
175,Identification of racial disparities in breast cancer mortality: does scale matter?,yes,no,False,3.9813,7.0086,4.888,2.1206,"""The results of this study suggest that the use of RD statistics may be more sensitive to the presence of racial disparities in breast cancer mortality than RR statistics",244,False,False,unparsable,False,False,2–5,<= 512 (normal)
176,Can fractional lasers enhance transdermal absorption of topical lidocaine in an in vivo animal model?,yes,no,False,4.3633,6.8801,2.4384,2.5168,The results of this study demonstrate that fractional laser pretreatment of skin enhances transdermal absorption of topical lidocaine in an in vivo animal model.,395,False,False,unparsable,False,False,2–5,<= 512 (normal)
177,Does laparoscopic surgery decrease the risk of atrial fibrillation after foregut surgery?,yes,no,False,6.147,7.0925,2.1791,0.9455,Laparoscopic surgery is associated with a lower risk of atrial fibrillation after foregut surgery.,365,False,True,unparsable,False,False,< 1 (uncertain),<= 512 (normal)
178,Is breast cancer survival improving?,yes,no,False,7.2013,7.7438,5.0833,0.5425,"OR = 0.999, 95% CI 0.999-1.000, P = 0.054.",297,False,True,unparsable,False,False,< 1 (uncertain),<= 512 (normal)
179,Does partial expander deflation exacerbate the adverse effects of radiotherapy in two-stage breast reconstruction?,yes,no,False,4.7371,6.7648,3.9828,2.0277,partial expander deflation should be avoided in two-stage breast reconstruction.,253,False,False,unparsable,False,False,2–5,<= 512 (normal)
180,Does the clinical presentation of a prior preterm birth predict risk in a subsequent pregnancy?,yes,no,False,2.5635,5.5018,0.5533,2.9383,The clinical presentation of a prior preterm birth is an important predictor of risk for recurrent preterm birth.,334,False,False,unparsable,False,False,2–5,<= 512 (normal)
181,Cold preparation use in young children after FDA warnings: do concerns still exist?,yes,no,False,3.2263,7.1023,4.4536,2.6487,"""If you have a cold, you will not treat with cold medicine.""",183,False,False,unparsable,False,False,2–5,<= 512 (normal)
182,Does occupational nuclear power plant radiation affect conception and pregnancy?,yes,no,False,4.6927,7.2455,3.5233,2.5529,The results of this study suggest that occupational exposure to ionizing radiation in a nuclear power plant does not affect male or female fecundity.,193,False,False,unparsable,False,False,2–5,<= 512 (normal)
183,Can shape analysis differentiate free-floating internal carotid artery thrombus from atherosclerotic plaque in patients evaluated with CTA for stroke or transient ischemic attack?,yes,no,False,2.1546,5.5425,1.2082,3.3879,"""The shape analysis of FFT can differentiate FFT from atherosclerotic plaque.""",347,False,False,unparsable,False,False,2–5,<= 512 (normal)
184,Can pictorial warning labels on cigarette packages address smoking-related health disparities?,yes,no,False,1.4255,4.4959,1.0035,3.0704,The results suggest that HWLs with didactic textual forms are more effective than HWLs with testimonial forms for smokers and that educational attainment,278,False,False,unparsable,False,False,2–5,<= 512 (normal)
185,Surgical treatment of prosthetic valve endocarditis in patients with double prostheses: is single-valve replacement safe?,yes,no,False,4.8851,7.795,2.3655,2.9098,single-valve replacement.,319,False,False,unparsable,False,False,2–5,<= 512 (normal)
186,Do nomograms designed to predict biochemical recurrence (BCR) do a better job of predicting more clinically relevant prostate cancer outcomes than BCR?,yes,no,False,2.0806,6.5999,2.4593,4.1406,"The DPC nomogram predicted aggressive BCR with a c-index of 0.709, the JHH nomogram predicted aggressive BCR with a c-index of 0.7",366,False,False,no,True,True,2–5,<= 512 (normal)
187,"Do ""America's Best Hospitals"" perform better for acute myocardial infarction?",yes,no,False,3.6107,5.4422,2.5223,1.8315,"""The best hospitals in cardiology are better than the others for the treatment of acute myocardial infarction.""",430,False,False,unparsable,False,False,1–2,<= 512 (normal)
188,Do socioeconomic differences in mortality persist after retirement?,yes,no,False,3.4326,6.2169,2.3805,2.7843,to assess the relative risk of death associated with work based and non-work based measures of socioeconomic status before and after retirement.,282,False,False,unparsable,False,False,2–5,<= 512 (normal)
189,Convulsions and retinal haemorrhage: should we look further?,yes,no,False,2.0443,6.0769,2.0749,4.002,Convulsions and retinal haemorrhages: should we look further?,177,False,False,unparsable,False,False,2–5,<= 512 (normal)
190,Is the use of cyanoacrylate in intestinal anastomosis a good and reliable alternative?,yes,no,False,3.4645,6.0304,1.0926,2.5659,Ethyl-2-cyanoacrylate is a good alternative to polyglactin 910 sutures in intestinal anastomosis.,338,False,False,no,True,True,2–5,<= 512 (normal)
191,Are increased carotid artery pulsatility and resistance indexes early signs of vascular abnormalities in young obese males?,yes,no,False,7.3374,8.1036,5.4057,0.7662,the pulsatility index and resistance index were significantly higher in obese subjects than in healthy controls (P < 0.001).,193,False,True,unparsable,False,False,< 1 (uncertain),<= 512 (normal)
192,Does topical ropivacaine reduce the post-tonsillectomy morbidity in pediatric patients?,yes,no,False,3.46,7.0341,3.0465,3.5741,Topical ropivacaine hydrochloride is a safe and effective analgesic in pediatric patients undergoing tonsillectomy.,292,False,False,unparsable,False,False,2–5,<= 512 (normal)
193,Is robotically assisted laparoscopic radical prostatectomy less invasive than retropubic radical prostatectomy?,yes,no,False,2.9246,6.4156,1.6504,3.4911,RALP is less invasive than RRP.,415,False,False,unparsable,False,False,2–5,<= 512 (normal)
194,Is specialty care associated with improved survival of patients with congestive heart failure?,yes,no,False,3.4126,7.0223,2.8446,3.6097,The results of this study suggest that the pattern of outpatient care is associated with survival of patients with CHF.,467,False,False,unparsable,False,False,2–5,<= 512 (normal)
195,Histologic evaluation of the testicular remnant associated with the vanishing testes syndrome: is surgical management necessary?,yes,no,False,3.2228,7.3039,1.2885,4.0811,The incidence of viable germ cell elements in the testicular remnant associated with the vanishing testes syndrome is 14%.,258,False,False,unparsable,False,False,2–5,<= 512 (normal)
196,Does oxybutynin hydrochloride cause arrhythmia in children with bladder dysfunction?,yes,no,False,6.159,8.1206,6.6282,1.4925,"""We believe that the use of oxybutynin hydrochloride in children with bladder dysfunction is associated with an increased risk of cardiac arrhythmia.""",114,False,False,unparsable,False,False,1–2,<= 512 (normal)
197,Does the manic/mixed episode distinction in bipolar disorder patients run true over time?,yes,yes,True,6.4779,6.0599,3.1919,0.418,The observed distribution of manic and mixed episodes in patients with bipolar disorder is consistent over time.,150,False,True,unparsable,False,False,< 1 (uncertain),<= 512 (normal)
198,Is the first urinary albumin/creatinine ratio (ACR) in women with suspected preeclampsia a prognostic factor for maternal and neonatal adverse outcome?,yes,yes,True,6.3654,6.0858,2.6174,0.2797,The first ACR is a prognostic factor for adverse maternal and neonatal outcomes.,325,False,True,unparsable,False,False,< 1 (uncertain),<= 512 (normal)
199,Are pediatric concussion patients compliant with discharge instructions?,yes,no,False,2.3866,5.2742,-0.9345,2.8876,The majority of pediatric concussion patients were discharged with instructions for return to play and were compliant with discharge instructions.,433,False,False,unparsable,False,False,2–5,<= 512 (normal)
200,Can communication with terminally ill patients be taught?,yes,no,False,5.6632,6.5289,3.4127,0.8656,"""The course model is a good starting point for further development of communication skills in palliative care.""",306,False,True,unparsable,False,False,< 1 (uncertain),<= 512 (normal)
201,Are environmental factors important in primary systemic vasculitis?,yes,no,False,2.1521,7.0721,-0.5198,4.92,No significant associations were found for any of the other exposures.,503,False,False,no,True,True,2–5,<= 512 (normal)
202,Diagnosis and follow-up in constipated children: should we use ultrasound?,yes,no,False,4.3527,7.1351,4.0571,2.7824,"""We believe that the rectal diameter is a good predictor of constipation and fecal load and that it can be used as a diagnostic tool for constipation.""",415,False,False,unparsable,False,False,2–5,<= 512 (normal)
203,Out of the smokescreen II: will an advertisement targeting the tobacco industry affect young people's perception of smoking in movies and their intention to smoke?,yes,no,False,4.5111,8.0598,2.9889,3.5488,"""The antismoking advertisement was not OK"" for the intervention group (47.8%) compared with the control group (43.8%) (p",411,False,False,unparsable,False,False,2–5,<= 512 (normal)
204,Do general practitioner hospitals reduce the utilisation of general hospital beds?,yes,no,False,3.6863,8.1022,4.5234,3.5788,"GP hospitals reduce the utilisation of general hospitals by patients with respiratory diseases, cardiac failure, and cancer, and by patients with stroke and fractures.",250,False,False,unparsable,False,False,2–5,<= 512 (normal)
205,Does insulin resistance drive the association between hyperglycemia and cardiovascular risk?,yes,no,False,3.9192,6.1159,2.2087,2.1967,Insulin resistance explains the association between hyperglycemia and CVD risk.,367,False,False,unparsable,False,False,2–5,<= 512 (normal)
206,Ultra high risk (UHR) for psychosis criteria: are there different levels of risk for transition to psychosis?,yes,no,False,3.0076,7.4282,1.1415,4.4207,"APS + Trait = BLIPS < APS < Trait alone (p = 0.001, adjusted analysis).",314,False,False,unparsable,False,False,2–5,<= 512 (normal)
207,Aberrant loss of dickkopf-3 in gastric cancer: can it predict lymph node metastasis preoperatively?,yes,yes,True,9.0874,8.2912,5.9485,0.7963,"yes, no, or mayor: no, mayor: no, mayor: yes, or mayor: no: no.",355,False,True,yes,True,True,< 1 (uncertain),<= 512 (normal)
208,Can CT predict the level of CSF block in tuberculous hydrocephalus?,yes,no,False,1.6036,5.5795,1.8718,3.7078,The shape of the third ventricle is a useful indicator of the level of CSF block in TBM.,204,False,False,unparsable,False,False,2–5,<= 512 (normal)
209,Is oral endotracheal intubation efficacy impaired in the helicopter environment?,yes,no,False,4.0276,7.3256,3.1835,3.298,"""The in-flight environment of BO-105 helicopter does not impair the ability of flight nurses to perform oral endotracheal intubation.""",256,False,False,unparsable,False,False,2–5,<= 512 (normal)
210,Sternal plating for primary and secondary sternal closure; can it improve sternal stability?,yes,no,False,2.7125,7.0603,1.6549,4.3478,plate fixation.,321,False,False,unparsable,False,False,2–5,<= 512 (normal)
211,Can early second-look tympanoplasty reduce the rate of conversion to modified radical mastoidectomy?,yes,no,False,4.3334,7.3544,4.802,2.5524,the rate of conversion to a modified radical mastoidectomy was low (3%).,225,False,False,unparsable,False,False,2–5,<= 512 (normal)
212,Can T-cell deficiency affect spatial learning ability following toluene exposure?,yes,yes,True,8.3075,7.7848,5.7254,0.5226,"""The escape latency was longer in nude mice exposed to 90 ppm toluene than in the control group.""",237,False,True,unparsable,False,False,< 1 (uncertain),<= 512 (normal)
213,Are acceptance rates of a national preventive home visit programme for older people socially imbalanced?,yes,no,False,5.839,6.7352,5.2578,0.8962,The results suggest that the association between socioeconomic status and acceptance of preventive home visits is complex and that the invitational procedures may modify the association.,296,False,True,unparsable,False,False,< 1 (uncertain),<= 512 (normal)
214,Increased neutrophil migratory activity after major trauma: a factor in the etiology of acute respiratory distress syndrome?,yes,no,False,1.5142,5.7342,1.9596,3.7746,increased neutrophil migratory activity in the early postinjury phase may be a critical factor in the development of ARDS.,431,False,False,unparsable,False,False,2–5,<= 512 (normal)
215,"Do improvements in outreach, clinical, and family and community-based services predict improvements in child survival?",yes,no,False,3.0063,5.7709,2.3793,2.7646,"The findings suggest that improvements in clinical services are associated with reductions in under-five mortality, while improvements in outreach and family and community-based services are",400,False,False,unparsable,False,False,2–5,<= 512 (normal)
216,Vertical lines in distal esophageal mucosa (VLEM): a true endoscopic manifestation of esophagitis in children?,yes,no,False,3.678,8.0522,2.7583,4.3742,VLEM is a true endoscopic manifestation of esophagitis in children.,279,False,False,unparsable,False,False,2–5,<= 512 (normal)
217,An HIV1/2 point of care test on sputum for screening TB/HIV co-infection in Central India - Will it work?,yes,no,False,4.7588,7.8822,3.2427,3.1234,OraQuick ® HIV-1 / 2 Assay in sputum is a valid tool for HIV surveillance among TB patients in Central India.,258,False,False,unparsable,False,False,2–5,<= 512 (normal)
218,Is crime associated with over-the-counter pharmacy syringe sales?,yes,no,False,3.9918,7.2031,1.3381,3.2113,"adjusted rate ratio: 0.89; 95% confidence interval: 0.82, 0.98).",289,False,False,unparsable,False,False,2–5,<= 512 (normal)
219,Colorectal cancer in young patients: is it a distinct clinical entity?,yes,no,False,1.7034,5.1921,1.6185,3.4887,Colorectal cancer in young patients is a distinct clinical entity.,356,False,False,unparsable,False,False,2–5,<= 512 (normal)
220,Does evidence-based practice improve patient outcomes?,yes,no,False,3.2539,6.2621,1.2191,3.0082,EBP is a useful tool for improving patient outcomes.,387,False,False,unparsable,False,False,2–5,<= 512 (normal)
221,Can the prognosis of polymyalgia rheumatica be predicted at disease onset?,yes,no,False,3.4419,6.9856,1.864,3.5438,"PV > or = 2.00 mPa s, HLA-DRB1 * 0101 or - * 0401 alleles, initial prednisolone dose > 15 mg, and",380,False,False,unparsable,False,False,2–5,<= 512 (normal)
222,Does prior benign prostate biopsy predict outcome for patients treated with radical perineal prostatectomy?,yes,no,False,3.717,5.824,3.2817,2.1071,"To conclude, prior benign prostate biopsies are associated with improved pathologic features and biochemical disease-free survival after radical prostatectomy.",323,False,False,unparsable,False,False,2–5,<= 512 (normal)
223,Is the Distance Worth It?,yes,no,False,3.0299,5.6635,2.8778,2.6336,The distance of patients with rectal cancer from high-volume centers is associated with worse outcomes.,416,False,False,unparsable,False,False,2–5,<= 512 (normal)
224,Treatment as prevention in resource-limited settings: is it feasible to maintain HIV viral load suppression over time?,yes,no,False,3.3951,8.9958,2.6394,5.6008,"""no.""",352,False,False,no,True,True,> 5 (confident),<= 512 (normal)
225,Does head positioning influence anterior chamber depth in pseudoexfoliation syndrome?,yes,no,False,2.5784,3.9548,2.9559,0.9989,The increased mobility of the lens in pseudoexfoliation syndrome may be a factor in the development of anterior chamber depth changes in pseudoexfoliation syndrome.,272,False,True,unparsable,False,False,< 1 (uncertain),<= 512 (normal)
226,Are intraoperative precursor events associated with postoperative major adverse events?,yes,yes,True,5.943,5.8691,4.0047,0.0739,"""The incidence of MACE was significantly higher in the MACE group than in the non-MACE group.""",332,False,True,unparsable,False,False,< 1 (uncertain),<= 512 (normal)
227,Transient tachypnea of the newborn (TTN): a role for polymorphisms in the beta-adrenergic receptor (ADRB) encoding genes?,yes,no,False,6.4462,9.0264,3.3703,2.5802,no.,270,False,False,no,True,True,2–5,<= 512 (normal)
228,Could ADMA levels in young adults born preterm predict an early endothelial dysfunction?,yes,no,False,7.1118,7.2961,5.2982,0.1843,"""don't know.""",326,False,True,no,True,True,< 1 (uncertain),<= 512 (normal)
229,Informed consent for total hip arthroplasty: does a written information sheet improve recall by patients?,yes,no,False,6.2533,7.0974,2.4857,0.844,(p = 0.001).,182,False,True,unparsable,False,False,< 1 (uncertain),<= 512 (normal)
230,Quaternary cytoreductive surgery in ovarian cancer: does surgical effort still matter?,yes,no,False,4.2074,6.6507,2.6209,2.4434,Quaternary cytoreductive surgery in EOC relapse is feasible and safe.,434,False,False,unparsable,False,False,2–5,<= 512 (normal)
231,Can a Novel Surgical Approach to the Temporomandibular Joint Improve Access and Reduce Complications?,yes,no,False,6.9676,7.2059,4.6463,0.2383,Question: The VMPA is a safe and effective approach to the TMJ.,200,False,True,unparsable,False,False,< 1 (uncertain),<= 512 (normal)
232,Hepatic arterial embolization for unresectable hepatocellular carcinomas: do technical factors affect prognosis?,yes,no,False,4.2703,6.8961,2.3164,2.6258,"Child-Pugh class-A, alpha-fetoprotein level lower than 100 ng / ml, tumor size of 3 cm or smaller, tumor number of 3",331,False,False,unparsable,False,False,2–5,<= 512 (normal)
233,Is plate clearing a risk factor for obesity?,yes,yes,True,5.4879,4.9972,3.4746,0.4907,plate clearing is a risk factor for obesity.,207,False,True,unparsable,False,False,< 1 (uncertain),<= 512 (normal)
234,Outcomes of severely injured adult trauma patients in an Australian health service: does trauma center level make a difference?,yes,no,False,4.2531,5.6974,1.8731,1.4444,Level III trauma center.,335,False,False,unparsable,False,False,1–2,<= 512 (normal)
235,Does the lipid-lowering peroxisome proliferator-activated receptors ligand bezafibrate prevent colon cancer in patients with coronary artery disease?,yes,no,False,3.6612,6.5687,3.6486,2.9075,bezafibrate may have a preventive effect on colon cancer development in patients with coronary artery disease.,426,False,False,unparsable,False,False,2–5,<= 512 (normal)
236,Serum angiotensin-converting enzyme and frequency of severe hypoglycaemia in Type 1 diabetes: does a relationship exist?,yes,no,False,4.0083,5.9532,1.5582,1.9449,Serum ACE is not a useful biomarker for predicting the risk of SH in people with Type 1 diabetes.,342,False,False,no,True,True,1–2,<= 512 (normal)
237,Hypotension in patients with coronary disease: can profound hypotensive events cause myocardial ischaemic events?,yes,no,False,2.1654,7.2457,3.1852,4.0605,"HII events were associated with a history of myocardial infarction (chi (2) = 4.05, p = 0.055), and with a history",345,False,False,unparsable,False,False,2–5,<= 512 (normal)
238,Measuring hospital mortality rates: are 30-day data enough?,yes,no,False,1.5083,4.3388,2.1833,2.1555,Measuring hospital mortality rates for 30 days postadmission is a good indicator of hospital performance.,314,False,False,unparsable,False,False,2–5,<= 512 (normal)
239,Is the ability to perform transurethral resection of the prostate influenced by the surgeon's previous experience?,yes,no,False,6.2187,7.0835,5.1644,0.8648,the surgeon's experience does not influence the surgical results and complications of transurethral resection of the prostate.,304,False,True,unparsable,False,False,< 1 (uncertain),<= 512 (normal)
240,"Syncope during bathing in infants, a pediatric form of water-induced urticaria?",yes,no,False,2.6414,7.3231,4.5456,2.7775,"""Aquagenic maladies"" should be considered in the differential diagnosis of sudden infant death syndrome.",265,False,False,unparsable,False,False,2–5,<= 512 (normal)
241,Do women residents delay childbearing due to perceived career threats?,yes,no,False,4.99,6.6607,2.9105,1.6707,Women were more likely to plan to have children during residency if they perceived that they had been pregnant (odds ratio 3.01 [95% confidence interval 1.43,314,False,False,unparsable,False,False,1–2,<= 512 (normal)
242,Is trabecular bone related to primary stability of miniscrews?,yes,no,False,6.0319,8.6766,6.1606,2.516,"""No.""",278,False,False,no,True,True,2–5,<= 512 (normal)
243,Acute respiratory distress syndrome in children with malignancy--can we predict outcome?,yes,no,False,3.1587,7.605,0.4131,4.4464,"PaO (2) / FIO (2) < 200, P (A-a) O (2) > or = 200, and",225,False,False,unparsable,False,False,2–5,<= 512 (normal)
244,"Neoadjuvant Imatinib in Locally Advanced Gastrointestinal stromal Tumours, Will Kit Mutation Analysis Be a Pathfinder?",yes,no,False,5.3161,7.5927,4.6698,2.2766,NA IM is a pathfinder for GIST.,395,False,False,unparsable,False,False,2–5,<= 512 (normal)
245,Is obesity a risk factor for wheezing among adolescents?,yes,no,False,6.6698,9.5837,6.8979,2.6857,OR = 2.44 (95% CI: 1.42-4.15).,415,False,False,unparsable,False,False,2–5,<= 512 (normal)
246,Could ESC (Electronic Stability Control) change the way we drive?,yes,no,False,4.1714,5.6239,2.2392,1.4524,The results of the present study suggest that ESC is likely to be effective in reducing collisions involving loss of control and that behavioral adaptation to ESC is likely to,350,False,False,unparsable,False,False,1–2,<= 512 (normal)
247,Does a geriatric oncology consultation modify the cancer treatment plan for elderly patients?,yes,no,False,4.3235,7.1934,5.1753,2.0181,the geriatric oncology consultation is a useful tool to improve the treatment plan for elderly cancer patients.,287,False,False,unparsable,False,False,2–5,<= 512 (normal)
248,Can students' scores on preclerkship clinical performance examinations predict that they will fail a senior clinical performance examination?,yes,no,False,5.3238,5.585,1.5355,0.2613,The odds ratio for a student's low performance relative to his or her class on the year 2 CPEs was 3.09 (95% confidence interval [,298,False,True,unparsable,False,False,< 1 (uncertain),<= 512 (normal)
249,Adults with mild intellectual disabilities: can their reading comprehension ability be improved?,yes,yes,True,6.8768,6.4717,1.4773,0.4051,the question.,386,False,True,unparsable,False,False,< 1 (uncertain),<= 512 (normal)
250,Can nurse-led preoperative education reduce anxiety and postoperative complications of patients undergoing cardiac surgery?,yes,yes,True,7.8034,7.6894,7.0282,0.114,"""I am not anxious"" (P = 0.001).",322,False,True,no,True,False,< 1 (uncertain),<= 512 (normal)
251,Is there a relationship between homocysteine and vitiligo?,yes,no,False,3.3828,7.2535,3.2453,3.8707,Hcy is a risk factor for vitiligo.,473,False,False,unparsable,False,False,2–5,<= 512 (normal)
252,Does para-cervical block offer additional advantages in abortion induction with gemeprost in the 2nd trimester?,yes,no,False,3.316,7.4967,3.0284,4.1807,the use of paracervical anaesthesia in the second trimester of pregnancy termination with gemeprost is not recommended.,369,False,False,unparsable,False,False,2–5,<= 512 (normal)
253,Is a 9-month treatment sufficient in tuberculous enterocolitis?,yes,no,False,2.286,7.5885,5.8089,1.7796,the 9-month treatment is sufficient in tuberculous enterocolitis.,276,False,False,unparsable,False,False,1–2,<= 512 (normal)
254,Reporting and interpreting red blood cell morphology: is there discordance between clinical pathologists and clinicians?,yes,no,False,4.4591,6.1857,0.5871,1.7267,"""No.""",303,False,False,no,True,True,1–2,<= 512 (normal)
255,The inverse equity hypothesis: does it apply to coverage of cancer screening in middle-income countries?,yes,no,False,2.4594,7.0704,1.8987,4.6109,The inverse equity hypothesis is not supported for breast cancer screening in middle-income countries.,329,False,False,unparsable,False,False,2–5,<= 512 (normal)
256,Menopausal hormone therapy and irregular endometrial bleeding: a potential role for uterine natural killer cells?,yes,no,False,1.2002,6.3583,2.398,3.9603,uNK cells and IL-15 expression in endometrial biopsies may be useful in the diagnosis of irregular bleeding in HT users.,290,False,False,unparsable,False,False,2–5,<= 512 (normal)
257,Can we ease the financial burden of colonoscopy?,yes,no,False,5.1924,8.6786,5.2695,3.4091,"""no"" to the question: Can we ease the financial burden of colonoscopy surveillance intervals based on real-time endoscopic assessment of polyp histology?",345,False,False,no,True,True,2–5,<= 512 (normal)
258,Does open access publishing increase the impact of scientific articles?,yes,yes,True,6.4688,6.193,4.2853,0.2758,Open access publishing of scientific articles in intensive care medicine journals increases the citation count of the articles.,357,False,True,unparsable,False,False,< 1 (uncertain),<= 512 (normal)
259,Can biofeedback training of psychophysiological responses enhance athletes' sport performance?,yes,no,False,7.5634,7.6346,3.5723,0.0712,biofeedback training of psychophysiological responses can enhance athletes' performance in competitive sports.,431,False,True,unparsable,False,False,< 1 (uncertain),<= 512 (normal)
260,Are patients willing participants in the new wave of community-based medical education in regional and rural Australia?,yes,no,False,3.1541,6.1022,1.5881,2.9482,"The majority of patients (89%) felt that they had a role in the consultation, and most (90%) felt that they had a role",257,False,False,unparsable,False,False,2–5,<= 512 (normal)
261,Are pectins involved in cold acclimation and de-acclimation of winter oil-seed rape plants?,yes,no,False,0.294,6.3259,2.8514,3.4745,the results suggest that pectin content and methylation degree participate in the regulation of cell wall mechanical properties and in the cold acclimation and de-acclimation of winter oil,258,False,False,unparsable,False,False,2–5,<= 512 (normal)
262,The HELPP syndrome--evidence of a possible systemic inflammatory response in pre-eclampsia?,yes,no,False,3.3914,6.8461,3.9107,2.9354,"the HELLP syndrome is a systemic inflammatory response syndrome, with a high risk of maternal and fetal morbidity and mortality.",366,False,False,unparsable,False,False,2–5,<= 512 (normal)
263,Optimism and survival: does an optimistic outlook predict better survival at advanced ages?,yes,no,False,5.9486,7.8172,6.3803,1.437,pessimistic outlook was not associated with survival.,378,False,False,unparsable,False,False,1–2,<= 512 (normal)
264,Is combined therapy more effective than growth hormone or hyperbaric oxygen alone in the healing of left ischemic and non-ischemic colonic anastomoses?,yes,no,False,4.8549,6.6117,2.8556,1.7568,"GH, hyperbaric oxygen, and combined therapy.",325,False,False,unparsable,False,False,1–2,<= 512 (normal)
265,The promise of specialty pharmaceuticals: are they worth the price?,yes,no,False,1.9669,3.9897,0.0937,2.0228,"The promise of specialty pharmaceuticals: increased life expectancy, improved quality of life, enhanced workplace productivity, decreased burden of disease, and reduced health care spending come",267,False,False,unparsable,False,False,2–5,<= 512 (normal)
266,A comparison of 500 prefilled textured saline breast implants versus 500 standard textured saline breast implants: is there a difference in deflation rates?,yes,no,False,3.949,5.574,2.5062,1.625,Poly Implant Prosthesis prefilled textured saline breast implants deflate at a significantly higher rate than Mentor Siltex breast implants.,380,False,False,unparsable,False,False,1–2,<= 512 (normal)
267,Is withdrawal-induced anxiety in alcoholism based on beta-endorphin deficiency?,yes,no,False,3.3801,6.8229,2.7529,3.4428,"beta E is not a suitable marker for anxiety, depression, or craving in alcohol withdrawal.",394,False,False,no,True,True,2–5,<= 512 (normal)
268,Cardiac reoperations in octogenarians: Do they really benefit?,yes,no,False,5.9688,6.9443,4.5906,0.9755,"""I am not at all disabled"" (Barthel Index: 0-100).",332,False,True,no,True,True,< 1 (uncertain),<= 512 (normal)
269,Is first-line single-agent mitoxantrone in the treatment of high-risk metastatic breast cancer patients as effective as combination chemotherapy?,yes,no,False,3.9569,6.5181,5.0539,1.4642,The results of this study do not support the use of mitoxantrone as first-line treatment for metastatic breast cancer.,337,False,False,unparsable,False,False,1–2,<= 512 (normal)
270,Can clinical supervision sustain our workforce in the current healthcare landscape?,yes,no,False,7.6319,9.5008,4.5956,1.8689,"'The clinical supervision was effective', 'the clinical supervision was not effective', 'the clinical supervision was not effective', 'the clinical supervision",382,False,False,unparsable,False,False,1–2,<= 512 (normal)
271,Can distal ureteral diameter predict reflux resolution after endoscopic injection?,yes,no,False,4.6882,8.1752,3.0707,3.487,VUR resolution.,317,False,False,unparsable,False,False,2–5,<= 512 (normal)
272,Is lumbar drainage of postoperative cerebrospinal fluid fistula after spine surgery effective?,yes,no,False,3.9704,7.5521,2.2382,3.5817,the lumbar drainage of postoperative CSF fistula is effective and safe.,186,False,False,unparsable,False,False,2–5,<= 512 (normal)
273,Assessing joint line positions by means of the contralateral knee: a new approach for planning knee revision surgery?,yes,no,False,7.0211,8.8415,6.231,1.8204,"""no."" For the medial epicondyle, the mean difference between the treated and the control knee was -1.0 mm with narrow confidence limits ranging",247,False,False,no,True,True,1–2,<= 512 (normal)
274,Can myometrial electrical activity identify patients in preterm labor?,yes,no,False,4.4577,4.6658,2.4303,0.2081,The EUM index is a useful tool for identifying patients in preterm labor who are at risk for PTD.,245,False,True,unparsable,False,False,< 1 (uncertain),<= 512 (normal)
275,Does the Transmissible Liability Index (TLI) assessed in late childhood predict suicidal symptoms at young adulthood?,yes,no,False,4.804,5.739,-0.9494,0.935,The TLI was associated with number of lifetime suicide attempts (p = .016) and with number of suicide attempts from age 12-14 to age,258,False,True,unparsable,False,False,< 1 (uncertain),<= 512 (normal)
276,Does strategy training reduce age-related deficits in working memory?,no,no,True,1.641,4.2218,0.9712,2.5808,The results suggest that training strategies that are effective for young adults may not be effective for older adults.,308,False,False,unparsable,False,False,2–5,<= 512 (normal)
277,Does the sex of acute stroke patients influence the effectiveness of rt-PA?,no,yes,False,6.5213,5.7629,4.1616,0.7584,Sex does not influence the effectiveness of IV rt-PA in acute stroke patients.,383,False,True,no,True,False,< 1 (uncertain),<= 512 (normal)
278,Does the early adopter of drugs exist?,no,no,True,6.9473,7.8618,5.0631,0.9144,the correlation between adoption of drugs and adoption of other drugs was not significant.,303,False,True,unparsable,False,False,< 1 (uncertain),<= 512 (normal)
279,Can 'high-risk' human papillomaviruses (HPVs) be detected in human breast milk?,no,no,True,6.8805,9.9894,8.4216,1.5678,'low-risk' HPV DNA was detected in one sample.,125,False,False,unparsable,False,False,1–2,<= 512 (normal)
280,Is nasogastric decompression useful in prevention of leaks after laparoscopic sleeve gastrectomy?,no,no,True,6.352,8.4652,5.521,2.1132,nasogastric tube is not useful in preventing staple line leaks after LSG.,330,False,False,unparsable,False,False,2–5,<= 512 (normal)
281,"Regional anesthesia as compared with general anesthesia for surgery in geriatric patients with hip fracture: does it decrease morbidity, mortality, and health care costs?",no,no,True,4.2421,6.7937,4.0977,2.5516,"regional anesthesia for surgery for hip fracture in geriatric patients does not decrease morbidity, mortality, or hospitalization costs.",333,False,False,unparsable,False,False,2–5,<= 512 (normal)
282,Double reading of barium enemas: is it necessary?,no,no,True,6.5907,7.5282,3.3587,0.9375,"98.9% (95% CI, 96.5-99.7%) for the first reading and 98.9% (95% CI, 96.5",382,False,True,unparsable,False,False,< 1 (uncertain),<= 512 (normal)
283,"Is there any evidence of a ""July effect"" in patients undergoing major cancer surgery?",no,no,True,2.4498,6.7407,2.8615,3.8792,The July effect is not present in major cancer surgery.,299,False,False,unparsable,False,False,2–5,<= 512 (normal)
284,Characterization of the gender dimorphism after injury and hemorrhagic shock: are hormonal differences responsible?,no,no,True,4.1273,5.6167,1.9789,1.4894,Gender dimorphism after injury and hemorrhagic shock: Gender dimorphism after injury and hemorrhagic shock: Gender dimorphism after injury and hemorrhagic shock: Gender dimorphism after injury and hemorrhagic,333,False,False,unparsable,False,False,1–2,<= 512 (normal)
285,Cardiogenic shock complicating acute myocardial infarction in elderly patients: does admission to a tertiary center improve survival?,no,no,True,3.2012,4.7371,0.9082,1.5359,The role of onsite coronary revascularization services in the management of elderly patients with acute myocardial infarction complicated by cardiogenic shock remains unclear.,334,False,False,unparsable,False,False,1–2,<= 512 (normal)
286,Sub-classification of low-grade cerebellar astrocytoma: is it clinically meaningful?,no,no,True,6.1112,7.0637,4.61,0.9525,"""We recommend that the Daumas-Duport system be used for the histological sub-classification of low-grade cerebellar astrocytomas.""",264,False,True,unparsable,False,False,< 1 (uncertain),<= 512 (normal)
287,Department of Transportation vs self-reported data on motor vehicle collisions and driving convictions for stroke survivors: do they agree?,no,no,True,2.1912,4.0835,1.0269,1.8923,The results of this study suggest that the 2 sources of data may not be interchangeable.,346,False,False,unparsable,False,False,1–2,<= 512 (normal)
288,Cholesterol screening in school children: is family history reliable to choose the ones to screen?,no,no,True,6.3179,7.7307,6.051,1.4128,The results of this study showed that family history is not reliable to choose the ones to screen for hypercholesterolemia in school children.,174,False,False,unparsable,False,False,1–2,<= 512 (normal)
289,Did the call for boycott by the Catholic bishops affect the polio vaccination coverage in Kenya in 2015?,no,no,True,3.7679,7.1946,4.2194,2.9753,the Catholic bishops call for a boycott campaign to improve the polio vaccination coverage in Kenya.,331,False,False,unparsable,False,False,2–5,<= 512 (normal)
290,Does early discharge with nurse home visits affect adequacy of newborn metabolic screening?,no,no,True,4.3347,6.6393,2.1459,2.3046,Early discharge infants were more likely to have an adequate specimen within the first 9 days of life (99.2% early discharge vs 96.0% traditional stay,335,False,False,unparsable,False,False,2–5,<= 512 (normal)
291,Is alexithymia a risk factor for unexplained physical symptoms in general medical outpatients?,no,no,True,4.7232,6.9063,3.7319,2.1831,Alexithymia is not a risk factor for medically unexplained physical symptoms in general medical outpatients.,269,False,False,no,True,True,2–5,<= 512 (normal)
292,Are sports medicine journals relevant and applicable to practitioners and athletes?,no,no,True,3.9493,6.6525,1.1642,2.7032,The sports medicine journals are not relevant and applicable to the practice of sports medicine.,149,False,False,unparsable,False,False,2–5,<= 512 (normal)
293,Does quantitative left ventricular regional wall motion change after fibrous tissue resection in endomyocardial fibrosis?,no,no,True,4.284,6.0779,1.8459,1.7939,The left ventricular ejection fraction did not change after fibrous tissue resection in New York Heart Association FC III and IV endomyocardial fibrosis patients.,312,False,False,unparsable,False,False,1–2,<= 512 (normal)
294,Does gestational age misclassification explain the difference in birthweights for Australian aborigines and whites?,no,no,True,2.6654,5.3246,2.8341,2.4905,The results suggest that the difference in birthweight distributions between Aborigines and whites is due to gestational age misclassification.,254,False,False,unparsable,False,False,2–5,<= 512 (normal)
295,Utility of unenhanced fat-suppressed T1-weighted MRI in children with sickle cell disease -- can it differentiate bone infarcts from acute osteomyelitis?,no,no,True,4.4141,6.6856,3.0954,2.2715,The sensitivity and specificity of unenhanced T1-W fat-saturated MRI for the differentiation between bone infarcts and acute osteomyelitis in children with SCD is 100%,356,False,False,unparsable,False,False,2–5,<= 512 (normal)
296,Do African American women require fewer calories to maintain weight?,no,no,True,2.1148,5.3872,1.8842,3.2724,AA women require fewer calories to maintain weight than non-AA women.,366,False,False,unparsable,False,False,2–5,<= 512 (normal)
297,The use of audit to identify maternal mortality in different settings: is it just a difference between the rich and the poor?,no,no,True,-0.3385,5.7061,3.3842,2.3219,The causes of maternal deaths in the three settings are similar.,283,False,False,unparsable,False,False,2–5,<= 512 (normal)
298,Are wandering and physically nonaggressive agitation equivalent?,no,no,True,3.9582,6.3327,1.0589,2.3745,"Wandering correlated significantly with PNA Factor 1 (r = -0.48, p < 0.001) and PNA Factor 2 (r = -0.35, p",244,False,False,unparsable,False,False,2–5,<= 512 (normal)
299,Is the covering of the resection margin after distal pancreatectomy advantageous?,no,no,True,5.4273,7.7496,4.1325,2.3223,"""No.""",454,False,False,no,True,True,2–5,<= 512 (normal)
300,Does continuous intravenous infusion of low-concentration epinephrine impair uterine blood flow in pregnant ewes?,no,no,True,4.1303,7.6839,3.0721,3.5537,No.,271,False,False,no,True,True,2–5,<= 512 (normal)
301,Do healthier lifestyles lead to less utilization of healthcare resources?,no,no,True,5.5452,8.1396,2.8674,2.5944,"exercise habits, dietary habits, regular blood pressure measurement, drinking habits, and having the same physician for medical care.",276,False,False,unparsable,False,False,2–5,<= 512 (normal)
302,Do risk factors for suicidal behavior differ by affective disorder polarity?,no,no,True,1.8126,6.0348,-0.6817,4.2222,Affective disorder polarity does not influence subsequent suicidal behavior.,296,False,False,unparsable,False,False,2–5,<= 512 (normal)
303,Thrombosis prophylaxis in hospitalised medical patients: does prophylaxis in all patients make sense?,no,no,True,7.1931,9.1016,4.4842,1.9084,no prophylaxis).,216,False,False,no,True,True,1–2,<= 512 (normal)
304,Is late-night salivary cortisol a better screening test for possible cortisol excess than standard screening tests in obese patients with Type 2 diabetes?,no,no,True,3.9131,7.7175,3.5309,3.8044,"the sensitivity of late-night salivary cortisol was 70% (95% CI 53-83%), 90% (76-97%) and",276,False,False,unparsable,False,False,2–5,<= 512 (normal)
305,Does escalation of the apical dose change treatment outcome in beta-radiation of posterior choroidal melanomas with 106Ru plaques?,no,no,True,6.4981,7.9783,5.7518,1.4802,"""no.""",264,False,False,no,True,True,1–2,<= 512 (normal)
306,Estradiol and Antagonist Pretreatment Prior to Microdose Leuprolide in in Vitro Fertilization. Does It Improve IVF Outcomes in Poor Responders as Compared to Oral Contraceptive Pill?,no,no,True,2.8655,6.0862,2.4768,3.2207,E2 + antag pretreatment prior to COH in poor responders is associated with improved IVF outcomes.,268,False,False,unparsable,False,False,2–5,<= 512 (normal)
307,Do risk calculators accurately predict surgical site occurrences?,no,no,True,4.6914,5.6922,1.103,1.0009,"The VHRS, VHWG, and Centers for Disease Control and Prevention Wound Class, whereas the HW-RAT and ACS-NSQ",568,False,False,unparsable,False,False,1–2,> 512 (long)
308,Is diffusion-weighted imaging a significant indicator of the development of vascularization in hypovascular hepatocellular lesions?,no,yes,False,9.0026,7.5312,6.8505,1.4714,"The sensitivity, specificity, positive predictive value, negative predictive value, and accuracy of DWI in predicting the development of vascularization in HHLs were 100%",177,False,False,unparsable,False,False,1–2,<= 512 (normal)
309,Does confined placental mosaicism account for adverse perinatal outcomes in IVF pregnancies?,no,no,True,4.616,5.8427,5.0186,0.8241,confined placental mosaicism is not a risk factor for adverse perinatal outcomes in IVF pregnancies.,314,False,True,unparsable,False,False,< 1 (uncertain),<= 512 (normal)
310,Do elderly cancer patients have different care needs compared with younger ones?,no,yes,False,6.6505,6.4056,5.4298,0.2448,"""I am not sure.""",276,False,True,no,True,False,< 1 (uncertain),<= 512 (normal)
311,Does increased nerve length within the treatment volume improve trigeminal neuralgia radiosurgery?,no,no,True,3.352,5.2954,1.1181,1.9434,To answer the question: Does increased nerve length within the treatment volume improve trigeminal neuralgia radiosurgery?,294,False,False,unparsable,False,False,1–2,<= 512 (normal)
312,Amblyopia: is visual loss permanent?,no,no,True,4.222,6.7707,0.7191,2.5488,The results of this study suggest that visual loss in patients with age related macular degeneration is not permanent and that the visual loss is not due to the disease,212,False,False,unparsable,False,False,2–5,<= 512 (normal)
313,Are physicians meeting the needs of family caregivers of the frail elderly?,no,no,True,3.3591,5.7011,1.3845,2.342,The results of this study suggest that physicians are not meeting the needs of family caregivers of frail elderly.,237,False,False,unparsable,False,False,2–5,<= 512 (normal)
314,Will CT ordering practices change if we educate residents about the potential effects of radiation exposure?,no,no,True,2.6646,4.4036,1.9906,1.7391,CT ordering practices change if residents educate residents about the potential effects of radiation exposure from CT scans.,315,False,False,unparsable,False,False,1–2,<= 512 (normal)
315,Is arch form influenced by sagittal molar relationship or Bolton tooth-size discrepancy?,no,no,True,4.0169,7.4233,2.8815,3.4065,the presence of significant Bolton discrepancy is significantly more prevalent in females.,195,False,False,unparsable,False,False,2–5,<= 512 (normal)
316,Are the long-term results of the transanal pull-through equal to those of the transabdominal pull-through?,no,no,True,6.3565,6.8781,6.1529,0.5216,"""The TERPT is a good alternative to the ABD pull-through for HD.""",349,False,True,unparsable,False,False,< 1 (uncertain),<= 512 (normal)
317,Should temperature be monitorized during kidney allograft preservation?,no,no,True,3.2154,5.7391,3.9973,1.7417,temperature monitoring during preservation is not necessary.,308,False,False,unparsable,False,False,1–2,<= 512 (normal)
318,Should all human immunodeficiency virus-infected patients with end-stage renal disease be excluded from transplantation?,no,no,True,5.0845,5.287,3.2863,0.2025,The current policy of excluding HIV-infected patients from transplantation is not supported by the results of this survey.,267,False,True,unparsable,False,False,< 1 (uncertain),<= 512 (normal)
319,Does minimal access major surgery in the newborn hurt less?,no,no,True,6.3659,8.3151,5.9027,1.9491,MAS patients had significantly lower pain scores at all time points.,347,False,False,unparsable,False,False,1–2,<= 512 (normal)
320,Does increased patient awareness improve accrual into cancer-related clinical trials?,no,yes,False,6.8268,6.6485,4.6211,0.1783,"""I am very satisfied with the information they received about clinical trials.""",244,False,True,unparsable,False,False,< 1 (uncertain),<= 512 (normal)
321,Continuity of care experience of residents in an academic vascular department: are trainees learning complete surgical care?,no,no,True,4.8553,7.8421,0.6147,2.9868,The rate of complete in-hospital continuity of care was significantly higher for elective cases admitted before the day of surgery compared with same-day admission cases (,421,False,False,unparsable,False,False,2–5,<= 512 (normal)
322,Health habits and vaccination status of Lebanese residents: are future doctors applying the rules of prevention?,no,no,True,5.4189,8.5235,5.4628,3.0607,no.,421,False,False,no,True,True,2–5,<= 512 (normal)
323,Landolt C and snellen e acuity: differences in strabismus amblyopia?,no,no,True,1.9478,4.9952,1.3963,3.0473,Landolt C acuity is a more accurate measure of visual acuity than Snellen E acuity.,344,False,False,unparsable,False,False,2–5,<= 512 (normal)
324,The insertion allele of the ACE gene I/D polymorphism. A candidate gene for insulin resistance?,no,no,True,3.5621,4.7003,1.9797,1.1382,The ACE gene I / D polymorphism is associated with insulin resistance in NIDDM.,312,False,False,unparsable,False,False,1–2,<= 512 (normal)
325,Is fetal gender associated with emergency department visits for asthma during pregnancy?,no,no,True,4.6278,6.1633,2.9335,1.5355,Fetal gender was not associated with the risk of having an ED visit for asthma during pregnancy.,308,False,False,no,True,True,1–2,<= 512 (normal)
326,Blunt trauma in intoxicated patients: is computed tomography of the abdomen always necessary?,no,no,True,5.7165,7.5412,0.5933,1.8247,"(1) abdominal injury was present in 5 of 7 patients with chest injury (71%), (2) abdominal injury was present in 4 of",190,False,False,unparsable,False,False,1–2,<= 512 (normal)
327,Risk factors for avascular necrosis of bone in patients with systemic lupus erythematosus: is there a role for antiphospholipid antibodies?,no,no,True,5.2135,9.0929,3.4486,3.8793,aPL antibodies were not a risk factor for AVN in this cohort of patients with SLE.,223,False,False,unparsable,False,False,2–5,<= 512 (normal)
328,Volume change of uterine myomas during pregnancy: do myomas really grow?,no,no,True,5.0654,7.455,2.2502,2.3896,Question: What is the change in volume of uterine myomas during pregnancy?,356,False,False,unparsable,False,False,2–5,<= 512 (normal)
329,Do foreign bodies migrate through the body towards the heart?,no,no,True,3.2913,6.8362,3.6616,3.1747,"""The patient is not a victim of a foreign body, but a victim of a foreign body.""",234,False,False,no,True,True,2–5,<= 512 (normal)
330,Does concomitant anterior/apical repair during midurethral sling improve the overactive bladder component of mixed incontinence?,no,no,True,3.9631,6.5184,3.5883,2.5553,"""We cannot conclude"" Concomitant MUS and AA repair during MUS does not improve OAB symptoms in women with MUI. """,378,False,False,no,True,True,2–5,<= 512 (normal)
331,Is hypoalbuminemia an independent prognostic factor in patients with gastric cancer?,no,no,True,4.7832,6.6657,3.2318,1.8826,hypoalbuminemia is an independent prognostic factor in patients with gastric cancer.,272,False,False,unparsable,False,False,1–2,<= 512 (normal)
332,Is adjustment for reporting heterogeneity necessary in sleep disorders?,no,no,True,5.2459,5.4262,2.9352,0.1803,"""The answer is"" yes, ""the answer is"" no. """,323,False,True,yes,True,False,< 1 (uncertain),<= 512 (normal)
333,Can the growth rate of a gallbladder polyp predict a neoplastic polyp?,no,no,True,3.5319,4.9653,1.8994,1.4334,The growth rate of a polyp is not a reliable predictor of the neoplastic nature of a polyp.,289,False,False,unparsable,False,False,1–2,<= 512 (normal)
334,Preoperative locoregional staging of gastric cancer: is there a place for magnetic resonance imaging?,no,no,True,3.9709,7.8086,2.6659,3.8377,MRI is superior to MDCT and EUS in the preoperative locoregional staging of gastric cancer.,349,False,False,unparsable,False,False,2–5,<= 512 (normal)
335,Are hepatitis G virus and TT virus involved in cryptogenic chronic liver disease?,no,no,True,3.5434,7.3225,1.8829,3.7791,hepatitis G virus infection in cryptogenic chronic liver disease.,383,False,False,unparsable,False,False,2–5,<= 512 (normal)
336,Are patients with Werlhof's disease at increased risk for bleeding complications when undergoing cardiac surgery?,no,no,True,3.8769,6.1974,3.5413,2.3206,The risk for bleeding complications in patients with WD undergoing cardiac surgery with extracorporeal circulation is increased.,412,False,False,unparsable,False,False,2–5,<= 512 (normal)
337,Does Mammographic Density have an Impact on the Margin Re-excision Rate After Breast-Conserving Surgery?,no,no,True,3.7242,5.6559,2.664,1.9317,The results of this study suggest that the presence of dense breast tissue on mammography may be associated with a higher rate of re-excision after BCS.,402,False,False,unparsable,False,False,1–2,<= 512 (normal)
338,Are UK radiologists satisfied with the training and support received in suspected child abuse?,no,no,True,4.0657,5.5374,3.3914,1.4717,The survey results suggest that there is a need for more training and support for radiologists in the interpretation of skeletal surveys for suspected child abuse.,224,False,False,unparsable,False,False,1–2,<= 512 (normal)
339,Do oblique views add value in the diagnosis of spondylolysis in adolescents?,no,no,True,2.1369,5.3791,1.4386,3.2422,The results of this study suggest that the use of oblique views in the evaluation of adolescents with L5 spondylolysis is not necessary.,487,False,False,unparsable,False,False,2–5,<= 512 (normal)
340,The clinical significance of bile duct sludge: is it different from bile duct stones?,no,no,True,3.1442,7.2425,3.5263,3.7162,"BDS is not different from CBD stones in terms of frequency, associated risk factors, and clinical outcome after endoscopic therapy.",330,False,False,no,True,True,2–5,<= 512 (normal)
341,Can bedside assessment reliably exclude aspiration following acute stroke?,no,no,True,5.9146,7.7199,2.4179,1.8052,to the question: Can bedside assessment reliably exclude aspiration following acute stroke?,290,False,False,unparsable,False,False,1–2,<= 512 (normal)
342,Does frozen section alter surgical management of multinodular thyroid disease?,no,no,True,4.3147,6.6706,2.9096,2.3558,FS is not useful in the management of patients with multinodular goiter.,234,False,False,no,True,True,2–5,<= 512 (normal)
343,Does type 1 diabetes mellitus affect Achilles tendon response to a 10 km run?,no,no,True,5.4596,6.8269,2.9716,1.3673,"the Achilles tendon structure of T1DM and control participants did not differ at day-0, day-2 or day-4 after a 10 km run.",290,False,False,unparsable,False,False,1–2,<= 512 (normal)
344,Are higher rates of depression in women accounted for by differential symptom reporting?,no,no,True,5.8319,6.743,3.3251,0.9111,"Women were no more likely than men to endorse any of the nine symptom groups, as evidenced by a direct effect coefficient that was not significantly different from",321,False,True,no,True,True,< 1 (uncertain),<= 512 (normal)
345,Do Indigenous Australians age prematurely?,no,no,True,3.885,6.961,2.9215,3.076,Indigenous people age prematurely.,220,False,False,no,True,True,2–5,<= 512 (normal)
346,Adjuvant radiation of stage III thymoma: is it necessary?,no,no,True,4.4992,8.0897,2.7539,3.5906,"local recurrence (n = 5), distant recurrence (n = 4), or both (n = 1).",269,False,False,unparsable,False,False,2–5,<= 512 (normal)
347,Are patients with diabetes receiving the same message from dietitians and nurses?,no,no,True,5.8355,7.574,4.7294,1.7385,The results of this study suggest that CDEs are more likely to recommend carbohydrate intake and use of the glycemic index to treat hypoglycemia than RDs.,222,False,False,unparsable,False,False,1–2,<= 512 (normal)
348,"Do lipids, blood pressure, diabetes, and smoking confer equal risk of myocardial infarction in women as in men?",no,no,True,3.1195,5.5403,1.7276,2.4208,"The results of this study suggest that the risk of coronary events in women is higher than in men, and that the risk factors for coronary events in women",339,False,False,unparsable,False,False,2–5,<= 512 (normal)
349,Diabetes mellitus among Swedish art glass workers--an effect of arsenic exposure?,no,no,True,4.8613,8.1551,1.6792,3.2938,The results of this study do not support the hypothesis that occupational arsenic exposure is associated with diabetes mellitus.,323,False,False,unparsable,False,False,2–5,<= 512 (normal)
350,Preoperative staging of patients with liver metastases of colorectal carcinoma. Does PET/CT really add something to multidetector CT?,no,no,True,1.0191,6.2027,2.0515,4.1512,PET / CT was superior to MDCT / MR in the detection of hepatic and extrahepatic metastases (p < 0.001).,292,False,False,unparsable,False,False,2–5,<= 512 (normal)
351,Epidural analgesia for surgical treatment of peritoneal carcinomatosis: a risky technique?,no,no,True,4.1039,6.8809,4.0438,2.777,Epidural analgesia for cytoreductive surgery and HIPEC is a safe technique.,289,False,False,unparsable,False,False,2–5,<= 512 (normal)
352,Do acute changes in heart rate by isoproterenol affect aortic stiffness in patients with hypertension?,no,no,True,6.7206,7.0237,4.5591,0.3031,"""The HR does not affect the aortic stiffness in patients with hypertension.""",381,False,True,no,True,True,< 1 (uncertain),<= 512 (normal)
353,Totally implantable venous access device placement by interventional radiologists: are prophylactic antibiotics necessary?,no,no,True,3.9,7.4581,1.7943,3.5581,Prophylactic antibiotics are not necessary for TIVAD placement.,282,False,False,unparsable,False,False,2–5,<= 512 (normal)
354,Does increasing blood pH stimulate protein synthesis in dialysis patients?,no,no,True,3.0372,7.1328,3.2052,3.9276,The results of this study suggest that the effect of bicarbonate supplementation on protein synthesis in hemodialysis patients is not mediated by changes in nutritional parameters.,409,False,False,unparsable,False,False,2–5,<= 512 (normal)
355,Necrotizing fasciitis: an indication for hyperbaric oxygenation therapy?,no,no,True,4.3167,6.0386,1.0824,1.7219,HBO therapy for NF is not recommended.,292,False,False,unparsable,False,False,1–2,<= 512 (normal)
356,MR arthrography of the shoulder: do we need local anesthesia?,no,no,True,8.773,9.2839,7.1622,0.5109,"""No pain.""",436,False,True,no,True,True,< 1 (uncertain),<= 512 (normal)
357,Prognosis of low-tone sudden deafness - does it inevitably progress to Meniere's disease?,no,no,True,4.1059,6.5498,4.0066,2.444,Low-tone SD is not a precursor of Meniere's disease.,284,False,False,no,True,True,2–5,<= 512 (normal)
358,Is there a relationship between complex fractionated atrial electrograms recorded during atrial fibrillation and sinus rhythm fractionation?,no,no,True,6.4933,8.7723,3.9729,2.279,no.,317,False,False,no,True,True,2–5,<= 512 (normal)
359,Is bicompartmental knee arthroplasty more favourable to knee muscle strength and physical performance compared to total knee arthroplasty?,no,no,True,6.9543,7.3934,5.6514,0.4391,Bicompartmental knee arthroplasty is not better than TKA in the recovery of knee muscle strength and physical performance.,336,False,True,unparsable,False,False,< 1 (uncertain),<= 512 (normal)
360,Does pain intensity predict a poor opioid response in cancer patients?,no,no,True,7.4244,8.8904,6.3115,1.466,'no'.,249,False,False,no,True,True,1–2,<= 512 (normal)
361,Does the radiographic transition zone correlate with the level of aganglionosis on the specimen in Hirschsprung's disease?,no,no,True,4.8117,8.2305,6.8367,1.3938,"""no.""",270,False,False,no,True,True,1–2,<= 512 (normal)
362,Serovar specific immunity to Neisseria gonorrhoeae: does it exist?,no,no,True,2.6878,7.1155,3.8223,3.2932,The results suggest that the host immune response to gonorrhoea does not provide limited serovar specific protection from reinfection.,143,False,False,unparsable,False,False,2–5,<= 512 (normal)
363,Is calibration the cause of variation in liquid chromatography tandem mass spectrometry testosterone measurement?,no,no,True,2.7545,6.0724,3.1444,2.928,the results suggest that the variation in testosterone measurement is due to differences in the calibration of the LC-MS / MS assay.,265,False,False,unparsable,False,False,2–5,<= 512 (normal)
364,Internal derangement of the temporomandibular joint: is there still a place for ultrasound?,no,no,True,6.9536,7.9066,6.8732,0.953,"""No.""",187,False,True,no,True,True,< 1 (uncertain),<= 512 (normal)
365,Does delivery mode affect women's postpartum quality of life in rural China?,no,no,True,5.9747,7.3196,4.7382,1.3449,"the total score of quality of life was 0 · 725, 0 · 724 and 0 · 725, respectively.",318,False,False,unparsable,False,False,1–2,<= 512 (normal)
366,Endovenous laser ablation in the treatment of small saphenous varicose veins: does site of access influence early outcomes?,no,no,True,1.8596,7.5154,-0.5888,5.6558,The study concluded that the site of access does not influence early outcomes of EVLA of small saphenous varicosities.,318,False,False,unparsable,False,False,> 5 (confident),<= 512 (normal)
367,Is there a role for fondaparinux in perioperative bridging?,no,no,True,3.4014,5.8666,2.9601,2.4652,Fondaparinux may be used as a bridging agent in the perioperative setting.,360,False,False,unparsable,False,False,2–5,<= 512 (normal)
368,Is it better to be big?,no,no,True,3.5149,5.8971,3.2549,2.3822,The results of this study suggest that the merger of Blekinge Hospital is not a successful strategy for improving the quality of care.,238,False,False,unparsable,False,False,2–5,<= 512 (normal)
369,Chemotherapy and survival in advanced non-small cell lung carcinoma: is pneumologists' skepticism justified?,no,no,True,4.2767,6.6384,1.3202,2.3616,Chemotherapy and survival in advanced non-small cell lung carcinoma: Pneumologists' skepticism justified the skepticism of a large number of pneumologists,429,False,False,unparsable,False,False,2–5,<= 512 (normal)
370,The association of puberty and young adolescent alcohol use: do parents have a moderating role?,no,no,True,3.9063,5.8919,2.093,1.9857,"The results suggest that pubertal stage is associated with alcohol use in adolescents, but that the association is moderated by family factors.",227,False,False,unparsable,False,False,1–2,<= 512 (normal)
371,Does increased use of private health care reduce the demand for NHS care?,no,no,True,3.9502,5.9182,3.8086,1.968,"NHS referral rates were higher in wards with private referral rates in the top fifth compared with the bottom fifth (rate ratio 1.32, 95 percent CI 1.09 to",308,False,False,unparsable,False,False,1–2,<= 512 (normal)
372,Is decompressive surgery effective for spinal cord sarcoidosis accompanied with compressive cervical myelopathy?,no,no,True,3.0188,5.7223,1.5393,2.7035,Decompressive surgery is effective for spinal cord sarcoidosis accompanied with compressive cervical myelopathy.,379,False,False,unparsable,False,False,2–5,<= 512 (normal)
373,Does the aggressive use of polyvalent antivenin for rattlesnake bites result in serious acute side effects?,no,no,True,4.0399,6.0683,-0.9505,2.0283,The incidence of acute side effects from the use of antivenin in rattlesnake bites is low.,463,False,False,unparsable,False,False,2–5,<= 512 (normal)
374,Does successful completion of the Perinatal Education Programme result in improved obstetric practice?,no,no,True,3.2519,7.0485,0.3746,3.7966,The results of this study suggest that the PEP is effective in improving obstetric practice.,491,False,False,unparsable,False,False,2–5,<= 512 (normal)
375,Can surgeon familiarization with current evidence lead to a change in practice?,no,no,True,4.6462,7.2226,4.2364,2.5764,the difference in prophylactic NG use between the two groups was not statistically significant.,279,False,False,unparsable,False,False,2–5,<= 512 (normal)
376,Kell alloimmunization in pregnancy: associated with fetal thrombocytopenia?,no,no,True,6.6036,7.8494,4.8947,1.2458,"Kell alloimmunization in pregnancy: associated with fetal thrombocytopenia, fetal thrombocytopenia is not a rare finding.",258,False,False,unparsable,False,False,1–2,<= 512 (normal)
377,Globulomaxillary cysts--do they really exist?,no,no,True,2.1269,7.2097,2.3992,4.8105,"""The globulomaxillary cyst"" is a rare entity, which is not yet considered for its own entity. """,229,False,False,unparsable,False,False,2–5,<= 512 (normal)
378,Colorectal cancer with synchronous liver metastases: does global management at the same centre improve results?,no,no,True,4.6179,7.5575,3.8087,2.9396,GM or SM.,342,False,False,unparsable,False,False,2–5,<= 512 (normal)
379,Are octogenarians at high risk for carotid endarterectomy?,no,no,True,2.097,8.9544,2.4528,6.5017,There were no perioperative myocardial infarctions.,297,False,False,no,True,True,> 5 (confident),<= 512 (normal)
380,Is there a need for pelvic CT scan in cases of renal cell carcinoma?,no,no,True,3.8215,7.9993,5.009,2.9903,the need for pelvic CT scan in patients of RCC is not clear.,298,False,False,unparsable,False,False,2–5,<= 512 (normal)
381,Should circumcision be performed in childhood?,no,no,True,7.6414,7.9338,5.2928,0.2924,"""I don't want to circumcise.""",307,False,True,unparsable,False,False,< 1 (uncertain),<= 512 (normal)
382,Does the Simultaneous Use of a Neuroendoscope Influence the Incidence of Ventriculoperitoneal Shunt Infection?,no,no,True,7.2748,7.6648,3.2678,0.3899,The infection rate was significantly higher in the group in which an endoscope was used (P = 0.001).,334,False,True,unparsable,False,False,< 1 (uncertain),<= 512 (normal)
383,Is the probability of prenatal diagnosis or termination of pregnancy different for fetuses with congenital anomalies conceived following assisted reproductive techniques?,no,no,True,2.5078,7.7821,2.3882,5.2743,The probability of PND and TOPFA for ART-conceived fetuses with CHD is not different from that of spontaneously conceived fetuses with CHD.,299,False,False,unparsable,False,False,> 5 (confident),<= 512 (normal)
384,Is There an Additional Value of Using Somatostatin Receptor Subtype 2a Immunohistochemistry Compared to Somatostatin Receptor Scintigraphy Uptake in Predicting Gastroenteropancreatic Neuroendocrine Tumor Response?,no,no,True,7.596,8.2409,5.8036,0.6449,sst2a IHC-negative and positive tumors were not significantly different in terms of best GEP-NET response 1 year after PRRT (p =,370,False,True,unparsable,False,False,< 1 (uncertain),<= 512 (normal)
385,Does growth hormone replacement therapy reduce mortality in adults with growth hormone deficiency?,no,no,True,1.9526,6.8475,1.9374,4.8949,"age, sex, and underlying diagnosis.",295,False,False,unparsable,False,False,2–5,<= 512 (normal)
386,Can decisional algorithms replace global introspection in the individual causality assessment of spontaneously reported ADRs?,no,no,True,4.4629,8.4638,4.6362,3.8276,'no' was considered 'probable' in the GI method.,212,False,False,no,True,True,2–5,<= 512 (normal)
387,Sternal skin conductance: a reasonable surrogate for hot flash measurement?,no,no,True,2.8379,4.274,1.4888,1.4361,The results of this study suggest that the new prototype of the SSC device is a viable alternative to the traditional hot flash diary for measuring hot flashes.,234,False,False,unparsable,False,False,1–2,<= 512 (normal)
388,Is the Androgen Deficiency of Aging Men (ADAM) questionnaire useful for the screening of partial androgenic deficiency of aging men?,no,no,True,7.5211,7.5761,4.1404,0.055,"""I don't know.""",461,False,True,no,True,True,< 1 (uncertain),<= 512 (normal)
389,Does a history of unintended pregnancy lessen the likelihood of desire for sterilization reversal?,no,no,True,5.6199,7.2529,4.1701,1.633,Unintended pregnancy was associated with a higher likelihood of desire for sterilization reversal (OR: 2.41; 95% CI: 1.40-4.15).,268,False,False,unparsable,False,False,1–2,<= 512 (normal)
390,Can we measure mesopic pupil size with the cobalt blue light slit-lamp biomicroscopy method?,no,no,True,4.147,6.8712,3.8147,2.7242,the SLBM is a useful tool for measuring pupil size in mesopic conditions.,357,False,False,unparsable,False,False,2–5,<= 512 (normal)
391,Does stress increase imitation of drinking behavior?,no,no,True,3.6027,6.3921,2.8834,2.7894,The results suggest that the tendency to imitate alcohol consumption is not related to the level of stress induced by the confederate's drinking behavior.,292,False,False,unparsable,False,False,2–5,<= 512 (normal)
392,Do clinical variables predict pathologic radiographs in the first episode of wheezing?,no,no,True,4.089,5.8059,2.2888,1.7169,The discriminant analysis correctly predicted pathologic radiographs in only 9% of patients.,235,False,False,unparsable,False,False,1–2,<= 512 (normal)
393,"Is distance to provider a barrier to care for medicaid patients with breast, colorectal, or lung cancer?",no,no,True,1.9889,5.4298,2.033,3.3968,"Distance to provider is not a barrier to timely diagnosis and treatment of breast, CRC, and lung cancer.",264,False,False,unparsable,False,False,2–5,<= 512 (normal)
394,Laminoplasty outcomes: is there a difference between patients with degenerative stenosis and those with ossification of the posterior longitudinal ligament?,no,no,True,1.7172,6.6106,1.4856,4.8935,"OPLL patients had a statistically significant improvement in Nurick score following laminoplasty, but degenerative stenosis patients did not.",458,False,False,unparsable,False,False,2–5,<= 512 (normal)
395,Do overweight children necessarily make overweight adults?,no,no,True,4.5115,5.4153,3.0365,0.9037,The body mass index curves of Japanese girls and women in birth cohorts 1930-1999 were similar to those of Japanese boys and girls in birth cohorts 19,262,False,True,unparsable,False,False,< 1 (uncertain),<= 512 (normal)
396,Does patient position during liver surgery influence the risk of venous air embolism?,no,no,True,2.9108,6.5059,3.4082,3.0976,the clinical significance of this finding is unclear.,186,False,False,unparsable,False,False,2–5,<= 512 (normal)
397,Is routine chest radiography after transbronchial biopsy necessary?,no,no,True,3.8559,7.4925,2.9458,3.6366,Routine CXR after bronchoscopy and TBB is not necessary.,262,False,False,unparsable,False,False,2–5,<= 512 (normal)
398,Can folic acid protect against congenital heart defects in Down syndrome?,no,no,True,5.8337,8.0708,4.1308,2.2371,"OR = 0.83, 95% CI: 0.46-1.49; OR = 0.83, 95% CI: 0.46-1.50; OR = 0.83, 95%",342,False,False,unparsable,False,False,2–5,<= 512 (normal)
399,Location and number of sutures placed for hiatal hernia repair during laparoscopic adjustable gastric banding: does it matter?,no,no,True,1.9986,5.9757,2.3439,3.6318,Location and number of sutures placed for HHR during LAGB does not affect the rate of band-related reoperation.,422,False,False,unparsable,False,False,2–5,<= 512 (normal)
400,Does the distribution of health care benefits in Kenya meet the principles of universal coverage?,no,no,True,3.9339,6.6692,2.3626,2.7353,"the Kenya health system is pro-rich in the public sector, pro-poor in the private-not-for-profit sector and pro-rich",336,False,False,unparsable,False,False,2–5,<= 512 (normal)
401,Are women with major depression in pregnancy identifiable in population health data?,no,no,True,5.6383,7.5232,4.9017,1.8849,the prevalence of depression in pregnancy is likely to be higher than previously reported.,480,False,False,unparsable,False,False,1–2,<= 512 (normal)
402,Can bone thickness and inter-radicular space affect miniscrew placement in posterior mandibular sites?,no,no,True,2.5633,5.548,3.9536,1.5943,The results of this study suggest that the miniscrew insertion angle is not a significant factor in the thickness of the alveolar bone or the inter-radicular,392,False,False,unparsable,False,False,1–2,<= 512 (normal)
403,SPECT study with I-123-Ioflupane (DaTSCAN) in patients with essential tremor. Is there any correlation with Parkinson's disease?,no,no,True,3.6458,6.3908,2.5296,2.745,I-123-Ioflupane (DaTSCAN) SPECT is a useful tool in the differential diagnosis between ET and PD.,590,False,False,unparsable,False,False,2–5,> 512 (long)
404,Are many colorectal cancers due to missed adenomas?,no,no,True,3.2906,7.1944,5.9927,1.2017,the number of missed adenomas is not a good indicator of the risk of cancer.,237,False,False,unparsable,False,False,1–2,<= 512 (normal)
405,Clinician assessment for acute chest syndrome in febrile patients with sickle cell disease: is it accurate enough?,no,no,True,2.5037,4.9756,1.2379,2.4719,"To determine whether the use of CXR is of significant value in the diagnosis of ACS in febrile patients with SCD, a prospective study was conducted.",358,False,False,unparsable,False,False,2–5,<= 512 (normal)
406,Can nonproliferative breast disease and proliferative breast disease without atypia be distinguished by fine-needle aspiration cytology?,no,no,True,3.6073,6.5444,0.3469,2.9372,The presence of a swirling pattern of epithelial cells is a useful cytologic feature in the distinction of PBD from NPBD.,227,False,False,unparsable,False,False,2–5,<= 512 (normal)
407,Is vancomycin MIC creep a worldwide phenomenon?,no,no,True,1.488,6.6737,3.6498,3.0239,Vancomycin MIC creep is a global phenomenon.,314,False,False,unparsable,False,False,2–5,<= 512 (normal)
408,Is vitamin D deficiency a feature of pediatric celiac disease?,no,no,True,3.6948,7.2356,3.9279,3.3077,Vitamin D deficiency is not a feature of pediatric CD.,383,False,False,unparsable,False,False,2–5,<= 512 (normal)
409,Is renal warm ischemia over 30 minutes during laparoscopic partial nephrectomy possible?,no,no,True,7.406,8.3753,5.3392,0.9693,"""no.""",325,False,True,no,True,True,< 1 (uncertain),<= 512 (normal)
410,PSA repeatedly fluctuating levels are reassuring enough to avoid biopsy?,no,no,True,1.4662,5.6577,2.9597,2.698,PSA slope is not a good predictor of PC detection in patients with flu-PSA.,305,False,False,no,True,True,2–5,<= 512 (normal)
411,Does immediate breast reconstruction compromise the delivery of adjuvant chemotherapy?,no,no,True,5.2796,7.8985,2.7777,2.6189,"IBR was associated with a higher rate of chemotherapy delivery (mastectomy alone: 86.5% versus IBR: 86.5%, p = 0.9)",213,False,False,unparsable,False,False,2–5,<= 512 (normal)
412,Prognosis of well differentiated small hepatocellular carcinoma--is well differentiated hepatocellular carcinoma clinically early cancer?,no,no,True,7.2839,7.3409,3.6876,0.0571,w-d HCCs are not clinically early cancer.,316,False,True,no,True,True,< 1 (uncertain),<= 512 (normal)
413,Does a preoperative medically supervised weight loss program improve bariatric surgery outcomes?,no,no,True,3.1146,6.4855,2.6682,3.3709,This pilot study suggests that a MSWM program does not improve weight loss outcomes for patients undergoing LAGB.,387,False,False,unparsable,False,False,2–5,<= 512 (normal)
414,Bony defects in chronic anterior posttraumatic dislocation of the shoulder: Is there a correlation between humeral and glenoidal lesions?,no,no,True,6.1142,8.5856,3.2806,2.4714,"the humeral defect was not correlated with the glenoid defect (r = -0.14, p = 0.28).",389,False,False,unparsable,False,False,2–5,<= 512 (normal)
415,Does the bracket-ligature combination affect the amount of orthodontic space closure over three months?,no,no,True,3.3883,7.7774,2.0571,4.3891,(1) Conventional brackets and elastomeric ligatures; (2) Conventional brackets and Super Slick (®) low friction elastomeric ligatures;,337,False,False,unparsable,False,False,2–5,<= 512 (normal)
416,Can increases in the cigarette tax rate be linked to cigarette retail prices?,no,no,True,2.7042,5.9605,2.4976,3.2563,The government tax increase on cigarettes in China is not being translated into higher retail prices for the tobacco industry.,208,False,False,unparsable,False,False,2–5,<= 512 (normal)
417,Attaining negative margins in breast-conservation operations: is there a consensus among breast surgeons?,no,no,True,5.9201,6.1908,2.7632,0.2707,The results of this survey suggest that there is a wide variation in the surgical management of breast cancer patients desiring breast-conservation treatment.,303,False,True,unparsable,False,False,< 1 (uncertain),<= 512 (normal)
418,Does the sequence of clamp application during open abdominal aortic aneurysm surgery influence distal embolisation?,no,no,True,4.6798,6.9429,4.6539,2.2631,"""The patient sub-group that was current smokers had a higher number of emboli than the non-smokers.""",204,False,False,unparsable,False,False,2–5,<= 512 (normal)
419,Discharging patients earlier from Winnipeg hospitals: does it adversely affect quality of care?,no,no,True,2.0702,5.6548,2.7813,2.8735,Discharging patients earlier from Winnipeg hospitals does not adversely affect quality of care.,425,False,False,unparsable,False,False,2–5,<= 512 (normal)
420,Surgical management of the atherosclerotic ascending aorta: is endoaortic balloon occlusion safe?,no,no,True,2.2289,6.2531,0.6076,4.0242,Endoaortic occlusion is a safe and effective alternative to conventional cross-clamping in the surgical management of the atherosclerotic ascending aorta.,343,False,False,unparsable,False,False,2–5,<= 512 (normal)
421,Is there a relationship between serum paraoxonase level and epicardial fat tissue thickness?,no,no,True,6.7598,8.1975,3.9554,1.4377,there is a relationship between serum paraoxonase 1 level and epicardial fat tissue thickness.,305,False,False,unparsable,False,False,1–2,<= 512 (normal)
422,Do antibiotics decrease post-tonsillectomy morbidity?,no,no,True,6.0606,8.1657,5.9861,2.1052,antibiotics.,228,False,False,unparsable,False,False,2–5,<= 512 (normal)
423,Should prostate specific antigen be adjusted for body mass index?,no,no,True,1.8256,5.2397,1.5463,3.4141,Prostate specific antigen must be adjusted for body mass index in men without prostate cancer.,291,False,False,unparsable,False,False,2–5,<= 512 (normal)
424,Is it necessary to insert a nasobiliary drainage tube routinely after endoscopic clearance of the common bile duct in patients with choledocholithiasis-induced cholangitis?,no,no,True,2.9509,7.0187,1.1155,4.0677,Routine insertion of an ENBD tube after endoscopic clearance of CBD stones in patients with choledocholithiasis-induced acute cholangitis after clearance of CBD stones is not,381,False,False,unparsable,False,False,2–5,<= 512 (normal)
425,Have antiepileptic drug prescription claims changed following the FDA suicidality warning?,no,no,True,4.7227,7.5963,1.3454,2.8736,The FDA warning was not associated with a significant change in trend of AED prescription claims among members with epilepsy and / or psychiatric disorder.,349,False,False,unparsable,False,False,2–5,<= 512 (normal)
426,Are high flow nasal cannulae noisier than bubble CPAP for preterm infants?,no,no,True,3.341,6.4701,1.7781,3.1291,High flow nasal cannulae are noisier than bubble CPAP for preterm infants.,363,False,False,unparsable,False,False,2–5,<= 512 (normal)
427,Are the arginine vasopressin V1a receptor microsatellites related to hypersexuality in children with a prepubertal and early adolescent bipolar disorder phenotype?,no,no,True,2.7597,5.2336,2.388,2.474,The AVPR1A microsatellites are not associated with hypersexuality or uninhibited people-seeking in children with a PEA-BP phenotype.,506,False,False,unparsable,False,False,2–5,<= 512 (normal)
428,Are variations in the use of carotid endarterectomy explained by population Need?,no,no,True,2.2181,7.0409,3.3026,3.7383,the reasons for this are unclear.,244,False,False,unparsable,False,False,2–5,<= 512 (normal)
429,Do supervised colorectal trainees differ from consultants in terms of quality of TME surgery?,no,no,True,2.4361,7.1102,2.6606,4.4496,The results of this study suggest that the quality of mesorectum excised by colorectal trainees under supervision is comparable with that of consultants.,324,False,False,unparsable,False,False,2–5,<= 512 (normal)
430,Major depression and alcohol use disorder in adolescence: Does comorbidity lead to poorer outcomes of depression?,no,no,True,3.9653,5.9171,3.5525,1.9518,Comorbid MD / AUD in adolescence is associated with poorer outcomes of MD in adulthood.,303,False,False,unparsable,False,False,1–2,<= 512 (normal)
431,Perioperative care in an animal model for training in abdominal surgery: is it necessary a preoperative fasting?,no,no,True,6.3308,8.0592,6.668,1.3912,the fasting for solids is not necessary for the training of surgery in the rabbit.,288,False,False,unparsable,False,False,1–2,<= 512 (normal)
432,Metastatic carcinoma to the cervical nodes from an unknown head and neck primary site: Is there a need for neck dissection?,no,no,True,5.4152,7.5625,3.8338,2.1473,the neck dissection group had a significantly higher incidence of distant metastasis (p = .016).,376,False,False,unparsable,False,False,2–5,<= 512 (normal)
433,Does Viral Co-Infection Influence the Severity of Acute Respiratory Infection in Children?,no,no,True,5.2728,7.002,1.7605,1.7292,viral co-infection is not associated with severity of ARI in children.,375,False,False,unparsable,False,False,1–2,<= 512 (normal)
434,Cardiopulmonary bypass temperature does not affect postoperative euthyroid sick syndrome?,no,no,True,1.4078,6.3169,0.0236,4.9091,Cardiopulmonary bypass temperature does not affect postoperative euthyroid sick syndrome.,330,False,False,unparsable,False,False,2–5,<= 512 (normal)
435,Xanthogranulomatous cholecystitis: a premalignant condition?,no,no,True,3.9919,6.9489,4.9324,2.0165,"membranous, cytoplasmic and nuclear expression of p53 and beta-catenin.",429,False,False,no,True,True,2–5,<= 512 (normal)
436,Does septoplasty change the dimensions of compensatory hypertrophy of the middle turbinate?,no,no,True,6.5112,8.7778,6.3499,2.2665,"""The angle of the septum is a good predictor of the dimensions of the middle turbinate.""",198,False,False,unparsable,False,False,2–5,<= 512 (normal)
437,Prescriptions as a proxy for asthma in children: a good choice?,no,no,True,7.3976,8.2898,6.5787,0.8923,"""The prevalence of asthma in children aged 0-4 years is high and increases with age.""",307,False,True,unparsable,False,False,< 1 (uncertain),<= 512 (normal)
438,Does combining antiretroviral agents in a single dosage form enhance quality of life of HIV/AIDS patients?,no,no,True,4.2515,7.3051,3.9618,3.0536,"""The cost-effectiveness of FXD over FRC is not cost-effective.""",418,False,False,unparsable,False,False,2–5,<= 512 (normal)
439,Does desflurane alter left ventricular function when used to control surgical stimulation during aortic surgery?,no,no,True,6.5366,7.5547,3.7272,1.0181,"""no.""",396,False,False,no,True,True,1–2,<= 512 (normal)
440,Is fluoroscopy essential for retrieval of lower ureteric stones?,no,no,True,3.3986,7.3691,3.7268,3.6423,Fluoroscopy is not necessary for ureteroscopic removal of lower ureteric stones.,356,False,False,no,True,True,2–5,<= 512 (normal)
441,Does the treatment of amblyopia normalise subfoveal choroidal thickness in amblyopic children?,no,yes,False,7.9095,7.4305,4.3026,0.479,The treatment of amblyopia normalised subfoveal choroidal thickness in anisometropic hyperopic amblyopic children.,302,False,True,unparsable,False,False,< 1 (uncertain),<= 512 (normal)
442,Should tumor depth be included in prognostication of soft tissue sarcoma?,no,no,True,4.9669,6.3508,2.9138,1.3839,The prognostic importance of tumor depth in soft tissue sarcoma is not explained by the close association between size and depth.,313,False,False,no,True,True,1–2,<= 512 (normal)
443,Does performance in selection processes predict performance as a dental student?,no,no,True,2.743,6.2781,2.6468,3.5351,The findings of this study suggest that the performance of dental students in selection processes is not a strong predictor of their performance as a dental student.,234,False,False,unparsable,False,False,2–5,<= 512 (normal)
444,"Antiretroviral therapy related adverse effects: Can sub-Saharan Africa cope with the new ""test and treat"" policy of the World Health Organization?",no,no,True,1.3326,6.6965,2.7662,3.9303,"The WHO has recently recommended that SSA countries adopt the ""test and treat"" policy of the WHO, and that the region is ready to cope with the",383,False,False,unparsable,False,False,2–5,<= 512 (normal)
445,"Expression of c-kit protooncogen in hepatitis B virus-induced chronic hepatitis, cirrhosis and hepatocellular carcinoma: has it a diagnostic role?",maybe,no,False,7.1837,9.2983,6.3339,2.1146,c-kit expression was not detected in the remaining 25 HCC tissue specimens.,302,False,False,unparsable,False,False,2–5,<= 512 (normal)
446,Can calprotectin predict relapse risk in inflammatory bowel disease?,maybe,no,False,6.501,8.3185,6.8573,1.4612,"""No.""",320,False,False,no,True,True,1–2,<= 512 (normal)
447,Does shaving the incision site increase the infection rate after spinal surgery?,maybe,no,False,6.3296,6.5628,1.5314,0.2332,"""The infection rate was significantly higher in the shaved group than in the nonshaved group.""",238,False,True,unparsable,False,False,< 1 (uncertain),<= 512 (normal)
448,Antral follicle assessment as a tool for predicting outcome in IVF--is it a better predictor than age and FSH?,maybe,no,False,5.1889,6.3449,1.3584,1.1561,Antral follicle assessment may serve as a useful adjunct to the standard of care in predicting IVF outcome.,325,False,False,unparsable,False,False,1–2,<= 512 (normal)
449,Treatment of contralateral hydrocele in neonatal testicular torsion: Is less more?,maybe,no,False,3.6759,7.402,0.1373,3.7261,Contralateral hydrocele is not a contraindication to contralateral testicular fixation in neonatal testicular torsion.,361,False,False,unparsable,False,False,2–5,<= 512 (normal)
450,Do parents recall and understand children's weight status information after BMI screening?,maybe,no,False,3.1561,6.7001,1.6981,3.5441,"BPC (p = 0.001), maternal education (p = 0.001), and parental ratings of the usefulness of the information (p = 0.001)",368,False,False,unparsable,False,False,2–5,<= 512 (normal)
451,Do Web-based and clinic samples of gay men living with HIV differ on self-reported physical and psychological symptoms?,maybe,no,False,1.9797,5.9771,2.5507,3.4264,The findings suggest that the Internet may be a useful tool for recruiting samples of gay men living with HIV for research and interventions.,541,False,False,unparsable,False,False,2–5,> 512 (long)
452,Are home sampling kits for sexually transmitted infections acceptable among men who have sex with men?,maybe,no,False,2.427,7.2792,3.5237,3.7556,"the main concerns were that the kits were not always easy to use, that the kits were not always easy to use, and that the kits were not",284,False,False,unparsable,False,False,2–5,<= 512 (normal)
453,Does rugby headgear prevent concussion?,maybe,no,False,4.175,6.8822,1.3083,2.7073,"""The game is not a game,"" ""the game is not a game,"" and ""the game is not a game.""",238,False,False,no,True,True,2–5,<= 512 (normal)
454,Does body mass index (BMI) influence morbidity and long-term survival in gastric cancer patients after gastrectomy?,maybe,no,False,5.4069,6.1897,4.6782,0.7829,The lower body mass index group had a significantly higher morbidity rate in stage 2 (P = 0.0462) and a significantly higher morbidity rate in stage,281,False,True,unparsable,False,False,< 1 (uncertain),<= 512 (normal)
455,Is determination between complete and incomplete traumatic spinal cord injury clinically relevant?,maybe,no,False,6.9825,8.185,3.3974,1.2025,"""yes, no, or mayor.""",414,False,False,yes,True,False,1–2,<= 512 (normal)
456,Does use of hydrophilic guidewires significantly improve technical success rates of peripheral PTA?,maybe,no,False,4.0585,6.0127,4.3877,1.625,hydrophilic guidewires significantly improve the technical success rates of PTA of iliac and SFA stenoses and occlusions.,327,False,False,unparsable,False,False,1–2,<= 512 (normal)
457,"Are lifetime prevalence of impetigo, molluscum and herpes infection really increased in children having atopic dermatitis?",maybe,no,False,3.8474,6.069,4.7624,1.3066,"The results of this study suggest that the prevalence of IC, MC and HI in children with AD is not increased.",305,False,False,unparsable,False,False,1–2,<= 512 (normal)
458,Can routinely collected ambulance data about assaults contribute to reduction in community violence?,maybe,no,False,5.3032,6.2355,4.6882,0.9323,'What is the evidence?,337,False,True,unparsable,False,False,< 1 (uncertain),<= 512 (normal)
459,Is irritable bowel syndrome a diagnosis of exclusion?,maybe,no,False,1.0496,6.2961,0.5256,5.2465,The survey results suggest that IBS is not a diagnosis of exclusion and that clinicians should not rely on the Rome criteria alone to make a positive diagnosis of IBS,351,False,False,unparsable,False,False,> 5 (confident),<= 512 (normal)
460,Is a patient's self-reported health-related quality of life a prognostic factor for survival in non-small-cell lung cancer patients?,maybe,yes,False,8.3195,8.2314,3.3891,0.0881,"HR = 2.39 (95% CI: 1.60-3.57; P < 0.001), HR = 2.39 (95% CI: 1.60-",312,False,True,unparsable,False,False,< 1 (uncertain),<= 512 (normal)
461,Vaginal dose assessment in image-guided brachytherapy for cervical cancer: Can we really rely on dose-point evaluation?,maybe,no,False,5.506,7.7478,5.4152,2.2418,"""no.""",369,False,False,no,True,True,2–5,<= 512 (normal)
462,Is there a role for endothelin-1 in the hemodynamic changes during hemodialysis?,maybe,no,False,3.6478,6.9545,4.7296,2.2248,The present study suggests that ET-1 may play a role in the pathogenesis of HD-induced hypotension and rebound hypertension.,371,False,False,unparsable,False,False,2–5,<= 512 (normal)
463,Is vitamin D insufficiency or deficiency related to the development of osteochondritis dissecans?,maybe,no,False,6.8028,9.1821,6.7817,2.3793,"""No.""",193,False,False,no,True,True,2–5,<= 512 (normal)
464,Does timing of initial surfactant treatment make a difference in rates of chronic lung disease or mortality in premature infants?,maybe,no,False,5.8593,7.2883,2.6367,1.429,Early surfactant is associated with less CLD and mortality in premature infants.,296,False,False,unparsable,False,False,1–2,<= 512 (normal)
465,Is it Crohn's disease?,maybe,no,False,3.1534,5.4359,1.2916,2.2826,Sulfasalazine is a safe and effective drug in the treatment of inflammatory bowel disease and rheumatological disorders.,155,False,False,unparsable,False,False,2–5,<= 512 (normal)
466,Do French lay people and health professionals find it acceptable to breach confidentiality to protect a patient's wife from a sexually transmitted disease?,maybe,no,False,4.8296,7.7619,2.4079,2.9322,"""The wife of a patient with a STD is not at risk of contracting the disease.""",365,False,False,unparsable,False,False,2–5,<= 512 (normal)
467,Can patients be anticoagulated after intracerebral hemorrhage?,maybe,no,False,5.0149,7.3197,2.9743,2.3048,Warfarin.,287,False,False,unparsable,False,False,2–5,<= 512 (normal)
468,Do elderly patients call 911 when presented with clinical scenarios suggestive of acute stroke?,maybe,no,False,4.8429,7.8301,4.5754,2.9872,"""I don't know"" (adjusted OR 3.04, 95% CI 1.12-8.09).",328,False,False,no,True,True,2–5,<= 512 (normal)
469,Are opioid dependence and methadone maintenance treatment (MMT) documented in the medical record?,maybe,no,False,1.855,6.263,1.9979,4.2651,The results of this study suggest that the medical record is a useful tool for identifying potential medication-methadone interactions and that the frequency of opioid dependence and MMT,290,False,False,unparsable,False,False,2–5,<= 512 (normal)
470,Should chest wall irradiation be included after mastectomy and negative node breast cancer?,maybe,no,False,2.8048,6.8861,1.3354,4.0813,"age < or = 40 years, tumour size > 20mm, and no axillary dissection.",156,False,False,unparsable,False,False,2–5,<= 512 (normal)
471,Does managed care enable more low income persons to identify a usual source of care?,maybe,no,False,4.6819,6.3687,3.7739,1.6868,The likelihood of having a usual physician is lower for uninsured persons with a usual physician than for those with a usual physician.,263,False,False,unparsable,False,False,1–2,<= 512 (normal)
472,Is the cell death in mesial temporal sclerosis apoptotic?,maybe,no,False,4.6607,6.714,2.6842,2.0533,TUNEL staining is not a reliable method for detecting apoptotic cell death in MTS.,275,False,False,no,True,True,2–5,<= 512 (normal)
473,Does vaginal intraepithelial neoplasia have the same evolution as cervical intraepithelial neoplasia?,maybe,no,False,3.4567,7.0624,4.7754,2.2871,"""Vaginal intraepithelial neoplasia has the same evolution as cervical intraepithelial neoplasia.""",336,False,False,unparsable,False,False,2–5,<= 512 (normal)
474,Does government assistance improve utilization of eye care services by low-income individuals?,maybe,yes,False,5.8927,5.8199,1.6807,0.0728,"to the question: Does government-funded, low-income vision care programs improve utilization of eye care services by low-income individuals?",374,False,True,unparsable,False,False,< 1 (uncertain),<= 512 (normal)
475,HIF1A as a major vascular endothelial growth factor regulator: do its polymorphisms have an association with age-related macular degeneration?,maybe,no,False,7.9201,8.0802,4.6415,0.1601,the association between AMD and polymorphisms of HIF1A is not significant.,430,False,True,unparsable,False,False,< 1 (uncertain),<= 512 (normal)
476,Detailed analysis of sputum and systemic inflammation in asthma phenotypes: are paucigranulocytic asthmatics really non-inflammatory?,maybe,no,False,0.1335,7.2648,1.6107,5.6542,paucigranulocytic asthma is a non-inflammatory phenotype.,350,False,False,unparsable,False,False,> 5 (confident),<= 512 (normal)
477,Do Surrogates of Injury Severity Influence the Occurrence of Heterotopic Ossification in Fractures of the Acetabulum?,maybe,no,False,5.8423,6.741,1.6574,0.8987,"HO prophylaxis with XRT OR = 3.00, 95% CI, 1.01-8.60; no HO prophylaxis OR = 3.00, 95% CI",370,False,True,unparsable,False,False,< 1 (uncertain),<= 512 (normal)
478,Does obstructive sleep apnea affect aerobic fitness?,maybe,no,False,3.5428,5.576,0.5677,2.0332,The results of this study suggest that patients with OSA have an increased aerobic fitness when compared to a normal population.,198,False,False,unparsable,False,False,2–5,<= 512 (normal)
479,30-Day and 1-year mortality in emergency general surgery laparotomies: an area of concern and need for improvement?,maybe,no,False,3.9392,7.39,2.8388,3.4508,"30-day mortality was 12, 4 and 2% respectively.",266,False,False,unparsable,False,False,2–5,<= 512 (normal)
480,Combining process indicators to evaluate quality of care for surgical patients with colorectal cancer: are scores consistent with short-term outcome?,maybe,no,False,6.0415,8.5253,6.3071,2.2183,no.,225,False,False,no,True,True,2–5,<= 512 (normal)
481,Are the elderly with oropharyngeal carcinoma undertreated?,maybe,no,False,3.4821,5.7952,3.1541,2.3131,"The elderly with OPSCC have a significant benefit in DSS with surgery, radiation, or combined therapy.",304,False,False,unparsable,False,False,2–5,<= 512 (normal)
482,Do older patients receive adequate stroke care?,maybe,no,False,2.3546,5.7612,2.0411,3.4067,The results of this study suggest that older patients are not receiving adequate stroke care.,415,False,False,unparsable,False,False,2–5,<= 512 (normal)
483,Continuation of pregnancy after antenatal corticosteroid administration: opportunity for rescue?,maybe,no,False,3.6789,6.6327,1.7445,2.9538,"The likelihood of delivery within 24 hours of AC was higher in women who received AC for preterm premature rupture of membranes (OR 3.41, 95% CI",248,False,False,unparsable,False,False,2–5,<= 512 (normal)
484,Should HIV-infected patients be screened for silent myocardial ischaemia using gated myocardial perfusion SPECT?,maybe,no,False,7.2242,9.2706,7.9342,1.3364,"""No.""",298,False,False,no,True,True,1–2,<= 512 (normal)
485,Is a specialised training of phonological awareness indicated in every preschool child?,maybe,no,False,6.404,6.6598,3.5796,0.2558,"""The special training program for phonologic awareness in kindergarten is indicated in every preschool child.""",160,False,True,unparsable,False,False,< 1 (uncertain),<= 512 (normal)
486,BCRABL transcript detection by quantitative real-time PCR : are correlated results possible from homebrew assays?,maybe,no,False,6.7043,8.3036,6.5939,1.5993,"""No.""",289,False,False,no,True,True,1–2,<= 512 (normal)
487,Does HER2 immunoreactivity provide prognostic information in locally advanced urothelial carcinoma patients receiving adjuvant M-VEC chemotherapy?,maybe,no,False,4.1827,8.0131,4.3848,3.6283,HER2 immunoreactivity was a significant prognostic factor for PFS (p = 0.02) and disease-specific OS (p = 0.02) in patients receiving adjuvant M-,288,False,False,no,True,True,2–5,<= 512 (normal)
488,Does the familial transmission of drinking patterns persist into young adulthood?,maybe,no,False,1.9292,5.9529,0.8941,4.0237,The results suggest that the familial transmission of drinking patterns into young adulthood is not persistent and that the association between parental drinking and offspring drinking is not strong.,275,False,False,unparsable,False,False,2–5,<= 512 (normal)
489,Bactericidal activity of 3 cutaneous/mucosal antiseptic solutions in the presence of interfering substances: Improvement of the NF EN 13727 European Standard?,maybe,no,False,-0.1567,4.9261,2.1435,2.7827,The choice of the appropriate antiseptic solution for the evaluation of antiseptics used in the presence of interfering substances is essential.,297,False,False,unparsable,False,False,2–5,<= 512 (normal)
490,Does ultrasound imaging before puncture facilitate internal jugular vein cannulation?,maybe,no,False,3.3842,5.2353,2.5811,1.8511,Ultrasound imaging before puncture facilitates internal jugular vein cannulation.,323,False,False,unparsable,False,False,1–2,<= 512 (normal)
491,Can a practicing surgeon detect early lymphedema reliably?,maybe,no,False,5.5784,6.1775,2.9411,0.5991,The authors conclude that a 10% increase in circumference at any site is a more sensitive and specific criterion for detecting lymphedema than a 5% increase in circumference,208,False,True,unparsable,False,False,< 1 (uncertain),<= 512 (normal)
492,Is perforation of the appendix a risk factor for tubal infertility and ectopic pregnancy?,maybe,no,False,3.3721,7.3747,1.4337,4.0026,The evidence suggests that appendiceal perforation is a risk factor for tubal infertility and ectopic pregnancy.,273,False,False,unparsable,False,False,2–5,<= 512 (normal)
493,Does perspective-taking increase patient satisfaction in medical encounters?,maybe,no,False,3.4379,4.7491,1.0686,1.3112,Perspective-taking improves patient satisfaction in medical encounters.,324,False,False,unparsable,False,False,1–2,<= 512 (normal)
494,Sternal fracture in growing children : A rare and often overlooked fracture?,maybe,no,False,5.0788,7.3812,2.7822,2.3024,"""No.""",137,False,False,no,True,True,2–5,<= 512 (normal)
495,Midwives' competence: is it affected by working in a rural location?,maybe,no,False,3.5178,7.28,1.947,3.7622,"Rural midwives were more likely to report competence in the following areas: breech delivery (p = 0.001), intravenous fluid replacement (p = 0.001),",429,False,False,unparsable,False,False,2–5,<= 512 (normal)
496,Does the severity of obstructive sleep apnea predict patients requiring high continuous positive airway pressure?,maybe,no,False,7.7279,9.2787,4.2727,1.5508,"""yes, no.""",350,False,False,yes,True,False,1–2,<= 512 (normal)
497,Does self-efficacy mediate the relationship between transformational leadership behaviours and healthcare workers' sleep quality?,maybe,no,False,3.5352,6.3631,1.865,2.8279,The results suggest that transformational leadership may be a useful tool for improving employees' sleep quality.,252,False,False,unparsable,False,False,2–5,<= 512 (normal)
498,Are there mental health differences between francophone and non-francophone populations in manitoba?,maybe,no,False,4.5893,7.1467,2.7267,2.5574,"The survey data showed that Francophones were less likely than non-Francophones to report that their mental health was excellent, very good, or",311,False,False,unparsable,False,False,2–5,<= 512 (normal)
499,Outcome Feedback within Emergency Medicine Training Programs: An Opportunity to Apply the Theory of Deliberate Practice?,maybe,no,False,4.6299,8.0433,0.1214,3.4134,Resident respondents perceived that outcome feedback was more educational (mean = 4.05) than program directors (mean = 3.05; p = 0.001).,331,False,False,unparsable,False,False,2–5,<= 512 (normal)
