idx,question,true_label,predicted_label,pred_calibrated,pred_hybrid,score_yes,score_no,score_maybe,calib_yes,calib_no,calib_maybe,text_vote,confidence_margin,generated_text,prompt_token_len,truncated
0,Is anorectal endosonography valuable in dyschesia?,yes,no,maybe,maybe,6.3037,7.2122,5.2186,1.9731000000000005,3.0084,4.3345,,0.9085,"""no"" in the control group, ""short"" in the patient group.",301,False
1,Is there a connection between sublingual varices and hypertension?,yes,no,no,no,6.4733,7.7818,2.5989,2.1427000000000005,3.5779999999999994,1.7147999999999999,,1.3085,sublingual varices indicate hypertension.,362,False
2,Is the affinity column-mediated immunoassay method suitable as an alternative to the microparticle enzyme immunoassay method as a blood tacrolimus assay?,yes,yes,maybe,maybe,8.1632,7.7453,5.7024,3.8326000000000002,3.5415,4.8183,,0.4179,"""The affinity column-mediated immunoassay method is suitable as an alternative to the microparticle enzyme immunoassay method as a blood tacrolimus assay.""",302,False
3,Does a physician's specialty influence the recording of medication history in patients' case notes?,yes,no,no,no,6.0335,8.8075,3.2532,1.7029000000000005,4.603699999999999,2.3691,maybe,2.774,"""Yes,"" the frequency of documentation of adverse drug reactions was highest in the Cardiology specialty; while the frequency of documentation of adherence to medicines was",309,False
4,Locoregional opening of the rodent blood-brain barrier for paclitaxel using Nd:YAG laser-induced thermo therapy: a new concept of adjuvant glioma therapy?,yes,no,maybe,maybe,5.8765,7.6496,4.355,1.5459000000000005,3.4458,3.4709000000000003,,1.7731,LITT-induced BBB disruption allows a locoregional passage of chemotherapeutic agents into brain tissue to treat malignant gliomas.,219,False
5,Spinal subdural hematoma: a sequela of a ruptured intracranial aneurysm?,yes,no,no,no,2.4486,3.9182,0.1986,-1.8819999999999997,-0.2856000000000001,-0.6855,,1.4697,SSDH: a sequela of a ruptured intracranial aneurysm.,237,False
6,Is there a correlation between androgens and sexual desire in women?,yes,no,no,no,3.0762,6.6951,1.8021,-1.2543999999999995,2.4913,0.918,no,3.6189,The correlation between androgens and sexual desire in women is not strong enough to warrant further investigation.,323,False
7,Is the zeolite hemostatic agent beneficial in reducing blood loss during arterial injury?,yes,no,maybe,maybe,3.4869,5.4547,3.2423,-0.8436999999999997,1.2508999999999997,2.3582,,1.9678,QuikClot is a promising hemostatic agent in the treatment of arterial injury.,261,False
8,Are endothelial cell patterns of astrocytomas indicative of grade?,yes,no,no,no,2.3257,6.2125,1.4359,-2.0048999999999997,2.0087,0.5518,yes,3.8868,The vascular pattern of astrocytomas is a useful adjunct to the current grading scheme.,268,False
9,Should cavitation in proximal surfaces be reported in cone beam computed tomography examination?,yes,no,no,no,6.894,7.6227,3.1486,2.5634000000000006,3.4189,2.2645,,0.7287,CBCT was superior to bitewing radiography in detecting cavitated proximal surfaces.,262,False
10,Ultrasound in squamous cell carcinoma of the penis; a useful addition to clinical staging?,yes,no,no,no,4.66,8.0944,3.5261,0.3294000000000006,3.8906,2.642,,3.4344,the ultrasound examination is not a useful addition to clinical staging in squamous cell carcinoma of the penis.,236,False
11,Can third trimester ultrasound predict the presentation of the first twin at delivery?,yes,no,no,no,4.538,6.6406,2.855,0.2074000000000007,2.4368,1.9708999999999999,,2.1027,The positive predictive value of noncephalic presentation as determined by ultrasound for the persistence of noncephalic at delivery reached 95% after 32 weeks gestation.,226,False
12,Is micro-computed tomography reliable to determine the microstructure of the maxillary alveolar bone?,yes,no,maybe,maybe,8.1442,8.349,7.2724,3.8136,4.1452,6.3883,,0.2048,"""no.""",313,False
13,Is primary angioplasty an acceptable alternative to thrombolysis?,yes,no,no,no,2.6189,5.9775,1.8408,-1.7116999999999996,1.7736999999999998,0.9567,,3.3586,Primary angioplasty is an acceptable alternative to thrombolysis for the treatment of acute myocardial infarction.,295,False
14,Is endometrial polyp formation associated with increased expression of vascular endothelial growth factor and transforming growth factor-beta1?,yes,no,no,no,5.1653,7.8326,2.0869,0.8347000000000007,3.6288,1.2027999999999999,yes,2.6672,VEGF and TGF-β1 expression in endometrial polyps is associated with steroid receptor expression.,386,False
15,Improvements in survival of gynaecological cancer in the Anglia region of England: are these an effect of centralisation of care and use of multidisciplinary management?,yes,no,maybe,maybe,8.1146,8.8316,5.743,3.784,4.6278,4.8589,,0.717,"OR = 2.95, 95% CI 2.41-3.83, p < 0.001.",286,False
16,Estimated fetal weight by ultrasound: a modifiable risk factor for cesarean delivery?,yes,yes,maybe,maybe,5.1936,4.3153,3.466,0.8630000000000004,0.11149999999999949,2.5819,,0.8784,US-EFW > 3500 g is a modifiable risk factor for CD.,230,False
17,Are financial incentives cost-effective to support smoking cessation during pregnancy?,yes,no,no,no,4.2757,6.8489,3.1295,-0.05489999999999995,2.6451000000000002,2.2454,,2.5732,£400 vouchers for smoking cessation during pregnancy.,395,False
18,Do adjuvant aromatase inhibitors increase the cardiovascular risk in postmenopausal women with early breast cancer?,yes,no,no,no,3.8653,5.914,2.3332,-0.4652999999999996,1.7101999999999995,1.4491,,2.0487,AIs increase the risk of CVAE in postmenopausal women with early breast cancer.,352,False
19,Is fear of anaphylactic shock discouraging surgeons from more widely adopting percutaneous and laparoscopic techniques in the treatment of liver hydatid cyst?,yes,no,no,no,2.8677,7.2889,3.5934,-1.4628999999999994,3.0850999999999997,2.7093,,3.6955,fear of anaphylaxis and / or dissemination was the main reason given by only 3 surgeons (10%).,187,False
20,Risk stratification in emergency surgical patients: is the APACHE II score a reliable marker of physiological impairment?,yes,no,maybe,maybe,3.5321,5.8387,2.9902,-0.7984999999999998,1.6349,2.1061,,2.3065,The APACHE II score is a reliable marker of physiological impairment in emergency surgical patients.,329,False
21,Can Flexible Instruments Create Adequate Femoral Tunnel Lengths at 90° of Knee Flexion in Anterior Cruciate Ligament Reconstruction?,yes,no,maybe,maybe,2.4196,6.4429,4.3596,-1.9109999999999996,2.2390999999999996,3.4755000000000003,,2.0834,The flexible reamer system can create adequate femoral tunnel lengths at 90 ° of knee flexion.,426,False
22,Do mitochondria play a role in remodelling lace plant leaves during programmed cell death?,yes,no,maybe,maybe,2.327,5.7916,2.7366,-2.0035999999999996,1.5877999999999997,1.8525,,3.055,Mitochondria play a role in the regulation of lace plant leaf PCD.,382,False
23,"""Occult"" posttraumatic lesions of the knee: can magnetic resonance substitute for diagnostic arthroscopy?",yes,no,maybe,maybe,6.0385,8.415,5.436,1.7079000000000004,4.211199999999999,4.5519,,2.3765,"""don't know.""",468,False
24,Does Sensation Return to the Nasal Tip After Microfat Grafting?,yes,yes,maybe,maybe,9.2388,9.2358,7.6846,4.9082,5.031999999999999,6.8004999999999995,,0.003,"mild, moderate, or severe.",283,False
25,Do some U.S. states have higher/lower injury mortality rates than others?,yes,no,maybe,yes,5.5662,6.5201,3.3629,1.2356000000000007,2.3163,2.4787999999999997,yes,0.9539,The results of this study suggest that the U.S. states with the highest rates of road traffic deaths also have higher / lower rates of other forms of injury.,190,False
26,Hepatorenal syndrome: are we missing some prognostic factors?,yes,no,maybe,yes,5.8239,7.2699,4.0975,1.4933000000000005,3.0660999999999996,3.2134,yes,1.446,"HRS associated with alcoholic liver disease, HRS associated with cardiac cirrhosis, HRS associated with viral, idiopathic, or neoplastic liver disease, HRS associated with ESL",347,False
27,"The Main Gate Syndrome: a new format in mass-casualty victim ""surge"" management?",yes,no,no,no,1.6991,6.5877,0.9021,-2.6314999999999995,2.3838999999999997,0.018000000000000016,,4.8886,"""No.""",162,False
28,Is EQ-5D a valid quality of life instrument in patients with acute coronary syndrome?,yes,no,no,no,6.7269,8.6181,4.5942,2.3963,4.4143,3.7100999999999997,,1.8912,"""I don't know"" (β = -0.521; 95% CI: -0.718 to -0.299; p < 0.001), """,292,False
29,Is portable ultrasonography accurate in the evaluation of Schanz pin placement during extremity fracture fixation in austere environments?,yes,no,maybe,no,6.7853,7.2704,4.4989,2.4547000000000008,3.0666,3.6148,no,0.4851,"""The ultrasound methodology is not accurate in the evaluation of Schanz pin placement in the cadaveric model.""",289,False
30,Is grandmultiparity an independent risk factor for adverse perinatal outcomes?,yes,no,no,no,3.1788,6.3209,0.5524,-1.1517999999999997,2.1170999999999998,-0.3317,yes,3.142,"Grandmultiparous women were at significantly higher risk for abruptio placentae (OR: 1.3; 95% CI: 1.1-1.5), preterm",295,False
31,Does depression diagnosis and antidepressant prescribing vary by location?,yes,no,no,no,1.3379,7.4271,1.9358,-2.9926999999999992,3.2233,1.0516999999999999,yes,5.4913,the results suggest that the neighbourhood environment may be a factor in the differential diagnosis and treatment of depression in different ethnic groups.,339,False
32,Learning needs of postpartum women: does socioeconomic status matter?,yes,no,no,no,2.9662,6.3168,2.6579,-1.3643999999999994,2.1129999999999995,1.7738,,3.3507,The findings suggest that postpartum women's concerns and unmet learning needs are not necessarily related to socioeconomic status.,348,False
33,Is there a differential in the dental health of new recruits to the British Armed Forces?,yes,no,no,no,2.2829,8.2348,0.2755,-2.0476999999999994,4.031,-0.6086,no,5.9519,the null hypothesis was rejected.,291,False
34,Do patients with rheumatoid arthritis established on methotrexate and folic acid 5 mg daily need to continue folic acid supplements long term?,yes,no,no,yes,1.2652,6.2299,2.8994,-3.0653999999999995,2.0260999999999996,2.0153,yes,3.3305,The results of this study suggest that stopping FA supplementation in patients with RA established on methotrexate < 20 mg weekly and FA 5 mg daily may be associated with,350,False
35,Can teaching medical students to investigate medication errors change their attitudes towards patient safety?,yes,no,no,no,6.0007,7.9923,3.1722,1.6701000000000006,3.7885,2.2881,no,1.9916,"""I am not sure I am.""",230,False
36,Does a delay in transfer to a rehabilitation unit for older people affect outcome after fracture of the proximal femur?,yes,no,maybe,yes,4.922,6.7867,3.8302,0.5914000000000001,2.5828999999999995,2.9461,yes,1.8646,The results suggest that transfer to a rehabilitation ward for older people with fracture of the proximal femur is associated with a longer hospital length of stay.,245,False
37,Are there gender differences in the reasons why African Americans delay in seeking medical help for symptoms of an acute myocardial infarction?,yes,no,no,no,1.1904,6.1523,2.0343,-3.1401999999999997,1.9485000000000001,1.1502,,4.1181,Women delay longer than men in seeking medical care for symptoms of AMI.,274,False
38,Does ambulatory process of care predict health-related quality of life outcomes for patients with chronic disease?,yes,yes,maybe,yes,6.1011,4.6855,2.7238,1.7705000000000002,0.4817,1.8397000000000001,yes,1.4156,The use of ambulatory process of care is associated with better health-related quality of life outcomes for patients with chronic disease.,282,False
39,Is the combination with 2-methoxyestradiol able to reduce the dosages of chemotherapeutices in the treatment of human ovarian cancer?,yes,no,no,yes,4.441,9.691,5.7354,0.11040000000000028,5.4872000000000005,4.8513,yes,3.9557,additive effects were observed with the other chemotherapeutics.,231,False
40,Does a dedicated discharge coordinator improve the quality of hospital discharge?,yes,no,no,yes,2.9549,7.0136,2.8311,-1.3756999999999997,2.8098,1.947,yes,4.0587,The discharge coordinator is a useful and effective role for the medical specialist in the discharge planning process.,353,False
41,Impact of MPH programs: contributing to health system strengthening in low- and middle-income countries?,yes,no,no,yes,1.3111,5.4679,1.9922,-3.0195,1.2641,1.1080999999999999,yes,3.4757,"The findings of this study suggest that MPH programs can have a significant impact on the workplace and society of graduates, and that the impact of MPH programs is",481,False
42,Pap smears with glandular cell abnormalities: Are they detected by rapid prescreening?,yes,no,no,no,3.8934,7.1897,2.717,-0.43719999999999937,2.9859,1.8329,,3.2963,"""The sensitivity of RPS for detecting glandular cell abnormalities is low, and the false-negative rate is high.""",340,False
43,Can transcranial direct current stimulation be useful in differentiating unresponsive wakefulness syndrome from minimally conscious state patients?,yes,no,maybe,maybe,4.4262,6.3018,4.5197,0.09560000000000013,2.098,3.6356,yes,1.7821,"a-tDCS might be useful in differentiating UWS from MCS patients, even when no conscious behavior can be observed.",270,False
44,Is etoricoxib effective in preventing heterotopic ossification after primary total hip arthroplasty?,yes,no,maybe,maybe,6.6463,7.8266,4.6549,2.3157000000000005,3.6228,3.7707999999999995,maybe,1.1803,"No, mayor, or yes: No.",240,False
45,Assessing Patient Reported Outcomes Measures via Phone Interviews Versus Patient Self-Survey in the Clinic: Are We Measuring the Same Thing?,yes,no,no,no,4.9207,6.9234,1.0867,0.5901000000000005,2.7196,0.2026,,2.0027,FTE-dependent: ODI (yes: 23.67% vs.,531,False
46,Can emergency physicians accurately and reliably assess acute vertigo in the emergency department?,yes,no,maybe,maybe,7.2426,8.8475,6.9335,2.912000000000001,4.6437,6.0494,,1.605,"""No.""",383,False
47,Proof of concept study: does fenofibrate have a role in sleep apnoea syndrome?,yes,no,no,no,4.045,7.0992,1.8173,-0.28559999999999963,2.8953999999999995,0.9331999999999999,,3.0542,fenofibrate has a role in the treatment of sleep apnoea syndrome.,463,False
48,Does implant coating with antibacterial-loaded hydrogel reduce bacterial colonization and biofilm formation in vitro?,yes,no,maybe,maybe,4.1265,6.3465,3.7102,-0.2040999999999995,2.1426999999999996,2.8261,,2.22,"""We believe that the DAC hydrogel is a promising candidate for use in orthopaedic surgery.""",284,False
49,Does bone anchor fixation improve the outcome of percutaneous bladder neck suspension in female stress urinary incontinence?,yes,no,maybe,yes,2.2058,6.8082,3.9345,-2.1247999999999996,2.6044,3.0504,yes,2.8737,The bone anchor system is a safe and effective method for fixing the suture at the pubic bone.,308,False
50,Is leptin involved in phagocytic NADPH oxidase overactivity in obesity?,yes,no,maybe,maybe,2.3607,4.3313,2.2032,-1.9698999999999995,0.1274999999999995,1.3190999999999997,,1.9706,Leptin is involved in the development of vascular remodeling in obesity.,310,False
51,Can we predict which head and neck cancer survivors develop fears of recurrence?,yes,no,maybe,maybe,3.4332,4.9417,2.4937,-0.8973999999999998,0.7378999999999998,1.6096,,1.5084,"The findings suggest that fears of recurrence are not a stable characteristic of HNC patients and that fears of recurrence are not related to current symptoms, disease, or",322,False
52,Differentiation of nonalcoholic from alcoholic steatohepatitis: are routine laboratory markers useful?,yes,no,no,no,5.4757,7.5778,2.7344,1.1451000000000002,3.3739999999999997,1.8502999999999998,,2.1021,"AST / ALT ratio (P = 0.0014), age (P = 0.0014), and sex (P = 0.0014).",321,False
53,Traumatic aortic injury: does the anatomy of the aortic arch influence aortic trauma severity?,yes,no,maybe,maybe,6.9711,8.8072,6.7876,2.6405000000000003,4.6034,5.9035,yes,1.836,"""The aortic arch angle is a significant predictor of the severity of TAI.""",255,False
54,The Prevalence of Incidentally Detected Idiopathic Misty Mesentery on Multidetector Computed Tomography: Can Obesity Be the Triggering Cause?,yes,no,maybe,maybe,5.7477,8.6961,7.911,1.4171000000000005,4.492299999999999,7.0268999999999995,,0.7851,"""No.""",301,False
55,Fast foods - are they a risk factor for asthma?,yes,no,maybe,maybe,7.1433,7.9079,6.1685,2.8127000000000004,3.7040999999999995,5.2844,,0.7646,"OR = 1.00, 95% CI: 0.54-1.87).",385,False
56,Assessment of appropriate antimicrobial prescribing: do experts agree?,yes,no,no,no,4.2178,7.3219,2.7701,-0.11279999999999912,3.1181,1.8859999999999997,yes,3.1041,The results of this study suggest that infectious disease specialists can reliably assess the appropriateness of antimicrobial prescribing.,278,False
57,Pulmonary valve replacement in adults late after repair of tetralogy of fallot: are we operating too late?,yes,no,no,no,5.5742,7.6328,3.7552,1.2436000000000007,3.4289999999999994,2.8710999999999998,,2.0586,"""no.""",338,False
58,Is amoxapine an atypical antipsychotic?,yes,no,no,no,3.2512,6.0208,1.4423,-1.0793999999999997,1.8170000000000002,0.5581999999999999,,2.7696,amoxapine is an atypical antipsychotic.,217,False
59,Do older patients who refuse to participate in a self-management intervention in the Netherlands differ from older patients who agree to participate?,yes,no,maybe,yes,3.6517,6.4986,3.3412,-0.6788999999999996,2.2947999999999995,2.4571,yes,2.8469,The results of this study suggest that the reasons for refusing to participate in a self-management intervention are different from those of patients who agree to participate,300,False
60,Is horizontal semicircular canal ocular reflex influenced by otolith organs input?,yes,no,maybe,maybe,5.5026,7.4357,5.5778,1.1720000000000006,3.2318999999999996,4.6937,,1.8579,"""Horizontal canal ocular reflex is influenced by otolith organs input.""",198,False
61,Preoperative tracheobronchoscopy in newborns with esophageal atresia: does it matter?,yes,no,no,no,6.8156,9.0982,5.7467,2.4850000000000003,4.8944,4.8626,no,2.2826,"""The procedure is not indicated in all patients with EA.""",342,False
62,Is it appropriate to implant kidneys from elderly donors in young recipients?,yes,no,maybe,maybe,4.8836,7.0926,4.1801,0.5530000000000008,2.8888,3.2960000000000003,,2.2089,P = 0.105.,363,False
63,Is muscle power related to running speed with changes of direction?,yes,no,maybe,maybe,5.4749,7.2959,4.7214,1.1443000000000003,3.0920999999999994,3.8373,,1.821,the results of this study suggest that the relationship between muscle power and sprinting speed with changes of direction is not strong enough to be used as a basis,260,False
64,Stretch-sensitive KCNQ1 mutation A link between genetic and environmental factors in the pathogenesis of atrial fibrillation?,yes,no,maybe,maybe,2.0155,3.6996,1.7782,-2.3150999999999997,-0.5042,0.8941,maybe,1.6841,This study provides evidence that mutations in KCNQ1 may be a genetic risk factor for AF.,294,False
65,Are pelvic anatomical structures in danger during arthroscopic acetabular labral repair?,yes,no,no,no,4.075,8.1768,3.1565,-0.2555999999999994,3.973,2.2723999999999998,,4.1017,"0, 1, or 2.",279,False
66,Is intraoperative neuromonitoring associated with better functional outcome in patients undergoing open TME?,yes,no,maybe,maybe,7.1341,7.383,6.4042,2.8035000000000005,3.1792,5.5201,yes,0.2489,IONM is associated with better urogenital and anorectal functional outcome after open TME.,281,False
67,Profiling quality of care: Is there a role for peer review?,yes,no,no,no,6.5458,6.9702,2.966,2.2152000000000003,2.7664,2.0819,,0.4244,"""The quality of care is a function of the quality of care received by the patient.""",374,False
68,Multidisciplinary decisions in breast cancer: does the patient receive what the team has recommended?,yes,no,no,no,1.5975,7.2298,2.6042,-2.7330999999999994,3.026,1.7201,,4.6257,The MDT decision was considered 'justifiable' in 94.5% (2956 out of 3230) of cases.,258,False
69,Are performance measurement systems useful?,yes,no,maybe,maybe,6.6731,8.809,6.0266,2.3425000000000002,4.605199999999999,5.1425,,2.136,"""the use of PMS is not related to the level of improved processes in health care organizations.""",228,False
70,The colour of pain: can patients use colour to describe osteoarthritis pain?,yes,no,maybe,maybe,3.3388,5.6454,3.4299,-0.9917999999999996,1.4416000000000002,2.5458,yes,2.2155,The findings of the present study suggest that colour is a useful tool for describing OA pain and that it could be used to communicate pain to healthcare professionals.,324,False
71,Do mossy fibers release GABA?,yes,no,no,no,3.0064,4.6167,1.0247,-1.3241999999999994,0.4128999999999996,0.14059999999999995,,1.6104,GABA release by mossy fibers is a physiologic mechanism that can be modulated by epileptic activity.,280,False
72,Is severe macrosomia manifested at 11-14 weeks of gestation?,yes,no,no,no,8.2375,8.608,4.7521,3.906900000000001,4.4042,3.8680000000000003,,0.3705,"""The fetus is larger than expected"" (i.e., the difference between expected and measured CRL).",297,False
73,Visceral adipose tissue area measurement at a single level: can it represent visceral adipose tissue volume?,yes,no,no,no,4.0549,6.721,2.7971,-0.2756999999999996,2.5172,1.9129999999999998,,2.666,"""The slice 3 cm above the lower margin of L3 is the best slice location for measuring VAT area.""",221,False
74,Is an advance care planning model feasible in community palliative care?,yes,no,maybe,yes,1.9576,5.1795,2.1059,-2.3729999999999993,0.9756999999999998,1.2218,yes,3.0736,The model is feasible in community palliative care settings and is a useful tool for health service improvement.,271,False
75,Do cytokines have any role in epilepsy?,yes,no,no,no,4.2666,9.1513,2.0023,-0.06399999999999917,4.947500000000001,1.1181999999999999,,4.8847,"IL-1beta (25% to 12.5%), IL-2 (12.5% to 0%), IL-4 (12.5% to 0",477,False
76,Is expert breast pathology assessment necessary for the management of ductal carcinoma in situ ?,yes,no,no,maybe,4.2597,7.4036,3.2729,-0.07089999999999996,3.1997999999999998,2.3888,maybe,3.1438,"in the remaining cases, the change in treatment recommendation was due to the presence of DCIS in the review pathology report.",278,False
77,Treadmill testing of children who have spina bifida and are ambulatory: does peak oxygen uptake reflect maximum oxygen uptake?,yes,no,maybe,maybe,3.6428,5.5548,3.4689,-0.6877999999999997,1.351,2.5848,,1.912,(.) Vo (2) peak is a valid measure of (.) Vo (2) max in children who have spina bifida and,404,False
78,Subclavian steal syndrome: can the blood pressure difference between arms predict the severity of steal?,yes,no,no,yes,4.686,5.6726,2.2362,0.3554000000000004,1.4687999999999999,1.3521,yes,0.9866,The Doppler waveform type of the vertebral artery is a useful screening tool for the diagnosis of SSS.,361,False
79,Is size-reducing ascending aortoplasty with external reinforcement an option in modern aortic surgery?,yes,no,no,yes,1.1676,6.67,2.3939,-3.1629999999999994,2.4661999999999997,1.5097999999999998,yes,4.2761,size-reducing ascending aortoplasty with external reinforcement is a safe and effective procedure in the treatment of ascending aortic aneurysms.,322,False
80,Is digoxin use for cardiovascular disease associated with risk of prostate cancer?,yes,no,no,no,6.5257,8.3817,2.4696,2.1951,4.1779,1.5854999999999997,,1.8559,"OR = 0.31, 95% CI: 0.13-0.75; OR = 0.45, 95% CI: 0.22-0.89; OR = 0.45, 95%",296,False
81,Screening for gestational diabetes mellitus: are the criteria proposed by the international association of the Diabetes and Pregnancy Study Groups cost-effective?,yes,no,no,no,5.713,7.1535,1.9183,1.3824000000000005,2.9497,1.0341999999999998,,1.4404,1) The IADPSG criteria are not cost-effective when postdelivery care is not achieved; 2) the IADPSG criteria are not cost,351,False
82,Does a 4 diagram manual enable laypersons to operate the Laryngeal Mask Supreme®?,yes,no,no,no,4.8313,7.1717,3.4538,0.5007000000000001,2.9679,2.5697,,2.3404,"""No.""",385,False
83,Is laparoscopic reoperation for failed antireflux surgery feasible?,yes,no,no,no,5.3092,7.7328,3.42,0.9786000000000001,3.529,2.5359,no,2.4235,laparoscopic reoperation for failed antireflux surgery.,528,False
84,The Omega-3 Index: a new risk factor for death from coronary heart disease?,yes,no,maybe,maybe,6.8019,8.9881,6.8038,2.4713000000000003,4.784299999999999,5.9197,,2.1843,"""The Omega-3 Index is a new risk factor for death from CHD.""",263,False
85,Do cytokine concentrations in pancreatic juice predict the presence of pancreatic diseases?,yes,no,no,yes,2.976,5.3302,1.5934,-1.3545999999999996,1.1263999999999994,0.7092999999999999,yes,2.3542,Interleukin-8 in pancreatic juice is a useful biomarker for the diagnosis of pancreatic diseases.,308,False
86,Factors determining the survival of nasopharyngeal carcinoma with lung metastasis alone: does combined modality treatment benefit?,yes,no,no,no,4.0506,6.4741,2.9963,-0.27999999999999936,2.2702999999999998,2.1122,no,2.4235,"Combined modality treatment might benefit the patients with DFI > 1 year, but not those with DFI ≤ 1 year.",323,False
87,Is minimally invasive mitral valve repair with artificial chords reproducible and applicable in routine surgery?,yes,no,no,yes,2.984,6.384,2.9857,-1.3465999999999996,2.1802,2.1016,yes,3.3982,minimally invasive mitral valve repair with artificial chords is a reproducible and effective technique.,326,False
88,Does receipt of hospice care in nursing homes improve the management of pain at the end of life?,yes,no,maybe,yes,3.0482,5.1157,1.8491,-1.2823999999999995,0.9119000000000002,0.965,yes,2.0675,The results suggest that receipt of hospice care in nursing homes may improve the management of pain at the end of life.,474,False
89,Is intensive chemotherapy safe for rural cancer patients?,yes,no,no,no,2.2912,8.0398,2.5925,-2.0393999999999997,3.8359999999999994,1.7083999999999997,yes,5.4473,the safety of this practice is supported by the results of this study.,319,False
90,Is the urinary biomarkers assessment a non-invasive approach to tubular lesions of the solitary kidney?,yes,no,maybe,maybe,6.5422,8.0135,5.0829,2.2116000000000007,3.8097000000000003,4.1988,,1.4714,"NAG (p = 0.001), alpha 1-microglobulin (p = 0.001), and albuminuria (p = 0.001).",373,False
91,Does open access endoscopy close the door to an adequately informed patient?,yes,no,maybe,maybe,5.6436,6.5344,5.3273,1.3130000000000006,2.3305999999999996,4.4432,,0.8908,Open access endoscopy closes the door to an adequately informed patient.,316,False
92,Do viral infections have a role in benign paroxysmal positional vertigo?,yes,no,no,yes,4.9395,7.0089,3.5927,0.6089000000000002,2.8050999999999995,2.7085999999999997,yes,2.0694,"""The results of this study suggest that viral infections may play a role in the pathogenesis of BPPV.""",232,False
93,Does reducing spasticity translate into functional benefit?,yes,no,maybe,maybe,4.5878,4.8632,2.87,0.2572000000000001,0.6593999999999998,1.9859,,0.2755,Spasticity and arm function are closely related.,341,False
94,Is the Retromandibular Transparotid Approach a Reliable Option for the Surgical Treatment of Condylar Fractures?,yes,no,no,no,3.1709,6.5277,2.2547,-1.1596999999999995,2.3239,1.3706,,3.3567,The retromandibular transparotid approach is a reliable option for the surgical treatment of condylar fractures.,252,False
95,Do ventricular arrhythmias in athletes subside over time?,yes,no,no,no,2.5488,6.4463,1.3751,-1.7817999999999996,2.2424999999999997,0.491,yes,3.8975,The exercise test can be a useful tool to detect athletes with ventricular arrhythmias and to identify those who are at risk for sudden death.,318,False
96,Are complex coronary lesions more frequent in patients with diabetes mellitus?,yes,no,no,no,3.2511,5.9118,1.0953,-1.0794999999999995,1.7080000000000002,0.21119999999999994,,2.6607,DM and age are independent predictors for the presence of complex coronary lesions.,351,False
97,Can dogs prime autistic children for therapy?,yes,yes,yes,yes,7.9537,7.4478,3.3492,3.623100000000001,3.2439999999999998,2.4651,,0.5059,"""The dog was able to prime the child for therapy.""",292,False
98,Quality of life in lung cancer patients: does socioeconomic status matter?,yes,no,no,no,5.1786,8.1466,3.749,0.8480000000000008,3.942799999999999,2.8649,no,2.9681,the results suggest that socioeconomic status does not influence quality of life in lung cancer patients.,320,False
99,Is there a model to teach and practice retroperitoneoscopic nephrectomy?,yes,no,no,no,3.2567,5.5732,1.246,-1.0738999999999996,1.3693999999999997,0.3619,,2.3165,"""The model is a good training model for retroperitoneoscopic nephrectomy.""",277,False
100,Is the type of remission after a major depressive episode an important risk factor to relapses in a 4-year follow up?,yes,no,maybe,maybe,3.6953,4.7488,3.1328,-0.6352999999999995,0.5449999999999999,2.2487,,1.0535,"""The type of remission after a major depressive episode is an important risk factor to relapses in a 4-year follow-up.""",249,False
101,Implementation of epidural analgesia for labor: is the standard of effective analgesia reachable in all women?,yes,no,maybe,maybe,6.5499,8.44,6.04,2.2193000000000005,4.236199999999999,5.1559,,1.8901,"""don't know.""",321,False
102,Longer term quality of life and outcome in stroke patients: is the Barthel index alone an adequate measure of outcome?,yes,no,no,no,4.6527,7.7327,3.0417,0.3221000000000007,3.5289,2.1576,no,3.08,The Barthel index alone is not a good measure of outcome in stroke patients.,383,False
103,Does a special interest in laparoscopy affect the treatment of acute cholecystitis?,yes,no,maybe,yes,4.2227,5.044,2.3217,-0.10789999999999988,0.8401999999999994,1.4375999999999998,yes,0.8213,The results of this study suggest that the treatment of patients with AC is improved under the care of laparoscopic specialists.,340,False
104,Do older adults with cancer fall more often?,yes,no,maybe,no,3.7172,4.6338,1.9125,-0.6133999999999995,0.4299999999999997,1.0284,no,0.9166,Older adults with cancer are more likely to fall than those without cancer.,283,False
105,Two-year follow-up survey of patients with allergic contact dermatitis from an occupational cohort: is the prognosis dependent on the omnipresence of the allergen?,yes,no,no,no,3.5605,7.0559,1.3955,-0.7700999999999993,2.8521,0.5114,no,3.4954,The prognosis for occupational contact dermatitis is not dependent on the presence of the allergen.,293,False
106,Is there a favorable subset of patients with prostate cancer who develop oligometastases?,yes,no,maybe,yes,4.8796,6.7287,4.2514,0.5490000000000004,2.5248999999999997,3.3673,yes,1.8491,The results of this study suggest that patients with < or = 5 metastatic lesions have a better prognosis than patients with > 5 metastatic lesions.,446,False
107,Does radiotherapy around the time of pregnancy for Hodgkin's disease modify the risk of breast cancer?,yes,no,no,yes,2.912,5.2109,1.4418,-1.4185999999999996,1.0070999999999994,0.5577,yes,2.2989,The risk of breast cancer is increased among women treated with RT around the time of pregnancy for Hodgkin's disease.,372,False
108,Does left atrial appendage (LAA) occlusion device alter the echocardiography and electrocardiogram parameters in patients with atrial fibrillation?,yes,no,maybe,maybe,5.721,7.8313,6.6416,1.3904000000000005,3.6274999999999995,5.7575,yes,1.1896,the difference was statistically significant (P < 0.05).,281,False
109,Is non-invasive diagnosis of esophageal varices in patients with compensated hepatic cirrhosis possible by duplex Doppler ultrasonography?,yes,no,no,no,3.4329,7.1687,2.7506,-0.8976999999999995,2.9649,1.8664999999999998,no,3.7358,"""If the patient has a SPI ≥ 5.0, then the patient has no varices, then screening endoscopy is not necessary.""",440,False
110,Do inhaled steroids differ from cromones in terms of hospital admission rates for asthma in children?,yes,no,no,no,4.9533,6.804,1.5014,0.6227,2.6002,0.6173000000000001,yes,1.8507,The results suggest that inhaled steroids are more effective than cromones in reducing hospital admissions for asthma in children.,312,False
111,Does airway surgery lower serum lipid levels in obstructive sleep apnea patients?,yes,no,no,maybe,2.5011,4.8788,0.8435,-1.8294999999999995,0.6749999999999998,-0.04059999999999997,maybe,2.3777,UPPP surgery may improve serum lipid profiles in OSA patients.,377,False
112,Israeli hospital preparedness for terrorism-related multiple casualty incidents: can the surge capacity and injury severity distribution be better predicted?,yes,no,maybe,yes,3.8476,7.555,4.8129,-0.48299999999999965,3.3511999999999995,3.9288,yes,2.7421,"""no"" in the remaining HMCIs. The mean number of casualties per HMCI was significantly higher in the HMCIs with a higher severity score",348,False
113,Do instrumental activities of daily living predict dementia at 1- and 2-year follow-up?,yes,yes,yes,yes,6.1837,5.2348,1.93,1.8531000000000004,1.0309999999999997,1.0459,,0.9489,IADL disability can help predict dementia at 1- and 2-year follow-up.,339,False
114,Is pelvic pain associated with defecatory symptoms in women with pelvic organ prolapse?,yes,no,no,no,4.2985,8.5842,2.0532,-0.032099999999999795,4.380399999999999,1.1690999999999998,,4.2857,"""Pain"" or ""No Pain"" Pelvic pain is associated with straining with bowel movement, sense of incomplete emptying, pain with bowel movement, and",217,False
115,Does the SCL 90-R obsessive-compulsive dimension identify cognitive impairments?,yes,no,no,yes,4.1298,5.2131,1.8756,-0.2007999999999992,1.0092999999999996,0.9914999999999999,yes,1.0833,The SCL 90-R Obsessive-Compulsive subscale may be a useful screening tool for cognitive impairments in patients with brain tumors.,265,False
116,Is non-HDL-cholesterol a better predictor of long-term outcome in patients after acute myocardial infarction compared to LDL-cholesterol?,yes,no,maybe,maybe,3.1095,5.7207,3.5127,-1.2210999999999994,1.5168999999999997,2.6286,,2.2081,Non-HDL-C is a better predictor of long-term outcome in Thai patients after AMI compared to LDL-C.,424,False
117,Body diffusion-weighted MR imaging of uterine endometrial cancer: is it helpful in the detection of cancer in nonenhanced MR imaging?,yes,no,no,no,3.7575,6.1037,0.2556,-0.5730999999999997,1.8998999999999997,-0.6285000000000001,yes,2.3462,DW images and fused DW images / T2-weighted images are useful for the detection of endometrial cancer in addition to T2-weighted images.,352,False
118,Does pediatric housestaff experience influence tests ordered for infants in the neonatal intensive care unit?,yes,no,maybe,yes,3.1891,6.4121,4.0157,-1.1414999999999997,2.2082999999999995,3.1315999999999997,yes,2.3963,The results of this study suggest that pediatric housestaff experience influences the ordering of arterial blood gases per infant in the neonatal ICU.,379,False
119,Biomolecular identification of allergenic pollen: a new perspective for aerobiological monitoring?,yes,no,maybe,maybe,2.3407,6.3781,3.4787,-1.9898999999999996,2.1742999999999997,2.5946,,2.8994,pollen grains.,288,False
120,Is the 7th TNM edition suitable for biological predictor in early gastric cancer?,yes,no,maybe,maybe,4.7916,7.2803,4.6223,0.4610000000000003,3.0765000000000002,3.7382,,2.4887,"N3a, N3b, N3a, N3b, N3b, N3a, N3b, N3b, N3b, N3b,",252,False
121,Are lower fasting plasma glucose levels at diagnosis of type 2 diabetes associated with improved outcomes?,yes,no,maybe,yes,3.1706,4.9762,1.8153,-1.1599999999999997,0.7724000000000002,0.9311999999999999,yes,1.8056,Low FPG levels at diagnosis of type 2 diabetes are associated with a reduced risk for a range of clinical outcomes.,309,False
122,Remote ischemic postconditioning: does it protect against ischemic damage in percutaneous coronary revascularization?,yes,yes,yes,yes,8.9412,8.0983,3.4293,4.610600000000001,3.8945,2.5452,,0.8429,yes.,247,False
123,Does multi-modal cervical physical therapy improve tinnitus in patients with cervicogenic somatic tinnitus?,yes,no,maybe,maybe,7.3971,7.6773,4.3664,3.0665000000000004,3.4734999999999996,3.4822999999999995,,0.2801,"""no.""",363,False
124,Processing fluency effects: can the content and presentation of participant information sheets influence recruitment and participation for an antenatal intervention?,yes,no,no,no,2.3699,5.13,-0.2091,-1.9606999999999997,0.9261999999999997,-1.0932,yes,2.7601,The Double Awkward condition was rated as significantly more complex than the Double Fluent (p = .021) and Awkward Tit,263,False
125,Fulfilling human resources development goal in West Africa: can the training of ophthalmologist diplomates be improved?,yes,no,no,yes,5.0854,7.4408,3.1515,0.7548000000000004,3.237,2.2674,yes,2.3555,"the trainees' suggestions were: increase in sponsorship (33.3%), training allowance (33.3%), and incentives for trainers /",433,False
126,Predicting admission at triage: are nurses better than a simple objective score?,yes,no,no,no,3.6152,5.2715,0.1992,-0.7153999999999994,1.0676999999999994,-0.6849000000000001,,1.6564,"GAPS 'accuracy' was 82.5%, 'over-ruled' it was 80.1%, and 'under-ruled' it was 7",370,False
127,Are adult body circumferences associated with height?,yes,no,no,no,2.7039,7.3511,1.2417,-1.6266999999999996,3.1472999999999995,0.35760000000000003,yes,4.6472,"WC / height scaled positively to height in men and women, and HC / height scaled positively to height in men and women.",380,False
128,Can progression of valvar aortic stenosis be predicted accurately?,yes,no,maybe,maybe,6.616,7.8504,5.2854,2.2854,3.6465999999999994,4.4013,,1.2344,"""The patient is in a state of rapid hemodynamic progression of valvar aortic stenosis.""",299,False
129,Does the National Institutes of Health Stroke Scale favor left hemisphere strokes?,yes,yes,maybe,maybe,4.179,3.959,1.0058,-0.1515999999999993,-0.24480000000000013,0.12170000000000003,,0.2201,"The NIHSS is a valid, reproducible scale for the assessment of stroke severity.",412,False
130,MiraLAX vs. Golytely: is there a significant difference in the adenoma detection rate?,yes,no,no,no,0.8906,5.4301,0.3295,-3.4399999999999995,1.2263000000000002,-0.5546,yes,4.5395,Golytely is associated with a higher adenoma detection rate than MiraLAX.,369,False
131,Can gingival crevicular blood be relied upon for assessment of blood glucose level?,yes,no,maybe,maybe,8.1154,10.0483,6.75,3.7847999999999997,5.844499999999999,5.8659,,1.933,no.,280,False
132,Is zero central line-associated bloodstream infection rate sustainable?,yes,no,no,no,2.7995,6.0983,-0.1655,-1.5310999999999995,1.8944999999999999,-1.0496,,3.2988,The NICU of the Floating Hospital for Children at Tufts Medical Center has achieved zero CLABSI rates for > 370 consecutive days.,305,False
133,Does treatment duration affect outcome after radiotherapy for prostate cancer?,yes,no,maybe,maybe,4.5663,5.0535,2.8675,0.23570000000000046,0.8496999999999995,1.9834,yes,0.4871,The NTDR is a significant predictor of outcome after RT for prostate cancer.,373,False
134,Patient-Controlled Therapy of Breathlessness in Palliative Care: A New Therapeutic Concept for Opioid Administration?,yes,no,no,no,6.1304,8.6882,4.9417,1.7998000000000003,4.4844,4.0576,,2.5578,"""No.""",418,False
135,Is pain a clinically relevant problem in general adult psychiatry?,yes,no,maybe,maybe,7.2993,8.9015,5.9149,2.9687,4.6977,5.0308,,1.6022,"""I don't know.""",263,False
136,Should displaced midshaft clavicular fractures be treated surgically?,yes,no,no,yes,5.1847,6.2693,2.656,0.8541000000000007,2.0655,1.7719,yes,1.0846,The results of this study suggest that operative treatment is superior to nonoperative treatment for DMCF.,321,False
137,Telemedicine and type 1 diabetes: is technology per se sufficient to improve glycaemic control?,yes,no,no,no,3.5138,6.2357,0.1318,-0.8167999999999997,2.0318999999999994,-0.7523,no,2.7219,Telemedicine and teleconsultation are not sufficient to improve glycaemic control in patients with type 1 diabetes.,343,False
138,Do European people with type 1 diabetes consume a high atherogenic diet?,yes,no,no,no,2.448,7.6475,2.3364,-1.8825999999999996,3.4436999999999998,1.4522999999999997,,5.1995,"Protein (76% at baseline and 78% at follow-up), fat (34, 40%), carbohydrate (34, 41%)",363,False
139,Preoperative platelet count in esophageal squamous cell carcinoma: is it a prognostic factor?,yes,no,no,no,5.4238,6.6195,1.9319,1.0932000000000004,2.4157,1.0478,,1.1957,"platelet count ≤ 205, T grade (P = 0.001), N staging (P < 0.001).",326,False
140,Should serum pancreatic lipase replace serum amylase as a biomarker of acute pancreatitis?,yes,no,no,no,4.7982,6.8884,3.02,0.4676,2.6845999999999997,2.1359,,2.0902,serum pancreatic lipase is a better biomarker of acute pancreatitis than serum amylase.,399,False
141,Do Electrochemiluminescence Assays Improve Prediction of Time to Type 1 Diabetes in Autoantibody-Positive TrialNet Subjects?,yes,yes,maybe,maybe,4.7837,4.7411,1.4218,0.45310000000000006,0.5373000000000001,0.5377,,0.0425,to what extent can ECL assays improve prediction of time to type 1 diabetes in autoantibody-positive TrialNet subjects?,374,False
142,Does SYNTAX score predict in-hospital outcomes in patients with ST elevation myocardial infarction undergoing primary percutaneous coronary intervention?,yes,no,no,no,7.302,10.4598,4.1301,2.9714,6.255999999999999,3.2459999999999996,,3.1578,SxS > 22.,373,False
143,Are behavioural risk factors to be blamed for the conversion from optimal blood pressure to hypertensive status in Black South Africans?,yes,no,no,no,5.1554,6.8006,2.1035,0.8248000000000006,2.5968,1.2193999999999998,yes,1.6452,'The study found that the risk factors for the conversion from optimal BP to hypertension were similar to those reported in other populations.,384,False
144,Does the type of tibial component affect mechanical alignment in unicompartmental knee replacement?,yes,no,no,yes,2.9597,7.0383,3.1476,-1.3708999999999993,2.8344999999999994,2.2635,yes,3.8907,"""The thickness of the tibial insert has a significant effect on postoperative alignment.""",286,False
145,Upstream solutions: does the supplemental security income program reduce disability in the elderly?,yes,no,no,no,4.4488,6.5606,1.513,0.11820000000000075,2.3568,0.6288999999999999,,2.1118,The SSI program has a positive effect on disability among the elderly.,337,False
146,Can serum be used for analyzing the EGFR mutation status in patients with advanced non-small cell lung cancer?,yes,no,maybe,maybe,4.8278,5.2943,2.6438,0.4972000000000003,1.0904999999999996,1.7597,,0.4665,EGFR mutations in serum samples can be used for analyzing the EGFR mutation status in patients with advanced NSCLC.,319,False
147,Are failures of anterior cruciate ligament reconstruction associated with steep posterior tibial slopes?,yes,no,maybe,yes,4.5872,6.3859,3.1985,0.2566000000000006,2.1821,2.3144,yes,1.7987,The results of this study suggest that the failure of ACLR is associated with steep medial and lateral PTSs.,405,False
148,Do teleoncology models of care enable safe delivery of chemotherapy in rural towns?,yes,no,no,yes,3.2646,7.6588,3.7406,-1.0659999999999994,3.455,2.8565,yes,3.9183,The TTN teleoncology model for managing cancer patients in rural towns is safe and effective.,299,False
149,Is solitary kidney really more resistant to ischemia?,yes,no,maybe,maybe,4.9604,6.8899,4.7022,0.6298000000000004,2.6860999999999997,3.8181000000000003,,1.9295,solitary kidney is more resistant to warm ischemia.,285,False
150,Is it safe to perform rectal anastomosis in gynaecological debulking surgery without a diverting stoma?,yes,no,no,no,4.0729,9.0774,3.9049,-0.2576999999999998,4.873600000000001,3.0208,maybe,5.0045,diverting stoma was created in the remaining 36 (86%) patients.,197,False
151,Has the mammography quality standards act affected the mammography quality in North Carolina?,yes,no,no,no,1.8685,6.4453,0.5324,-2.4620999999999995,2.2414999999999994,-0.3517,yes,4.5768,The percentage of facilities that met quality standards increased from the first inspection to the second inspection.,228,False
152,Is breast cancer prognosis inherited?,yes,no,maybe,yes,4.5552,4.6574,2.0322,0.22460000000000058,0.4535999999999998,1.1481,yes,0.1022,The results suggest that breast cancer prognosis is inherited.,337,False
153,c-Kit-dependent growth of uveal melanoma cells: a potential therapeutic target?,yes,no,maybe,maybe,7.8553,7.9721,5.4038,3.5247,3.7683,4.5197,,0.1169,c-kit is a potential therapeutic target in uveal melanoma.,320,False
154,Pituitary apoplexy: do histological features influence the clinical presentation and outcome?,yes,no,no,no,5.6288,8.0926,2.599,1.2982000000000005,3.888799999999999,1.7149,,2.4637,"The mean age of the patients with infarction alone was 51.4 years, compared with 51.3 years for the patients with hemorrhagic infarction and / or frank",186,False
155,Orthostatic myoclonus: an underrecognized cause of unsteadiness?,yes,no,no,no,0.8258,5.8649,2.0324,-3.5047999999999995,1.6610999999999994,1.1482999999999999,,3.8326,orthostatic myoclonus is a rare cause of unsteadiness and gait impairment in neurodegenerative diseases.,331,False
156,Is low serum chloride level a risk factor for cardiovascular mortality?,yes,yes,maybe,maybe,8.3555,8.2328,7.3379,4.0249,4.028999999999999,6.4538,,0.1226,"""No.""",358,False
157,Does ethnicity affect where people with cancer die?,yes,no,no,no,1.8839,6.9189,1.7456,-2.4467,2.7150999999999996,0.8615,,5.035,'I don't know': 'I don't know': 'I don't know': 'I don't know': 'I,481,False
158,Transesophageal echocardiographic assessment of left ventricular function in brain-dead patients: are marginally acceptable hearts suitable for transplantation?,yes,no,no,no,6.5618,7.8042,3.5456,2.2312000000000003,3.6003999999999996,2.6614999999999998,,1.2424,FAC < 50% in donors and FAC > 50% in recipients.,381,False
159,Can the postoperative pain level be predicted preoperatively?,yes,no,maybe,maybe,8.0445,8.6204,6.5227,3.7138999999999998,4.4166,5.6386,,0.5759,"""",220,False
160,Does age moderate the effect of personality disorder on coping style in psychiatric inpatients?,yes,no,maybe,yes,2.4096,5.1803,2.5237,-1.9209999999999994,0.9764999999999997,1.6395999999999997,yes,2.6565,The findings suggest that older adults with personality disorder may be more likely to use maladaptive coping strategies than younger adults.,271,False
161,Is neck pain associated with worse health-related quality of life 6 months later?,yes,no,maybe,yes,4.6066,5.8179,2.6617,0.2760000000000007,1.6140999999999996,1.7776,yes,1.2113,Neck pain is associated with worse physical HRQoL 6 months later.,490,False
162,Dose end-tidal carbon dioxide measurement correlate with arterial carbon dioxide in extremely low birth weight infants in the first week of life?,yes,no,no,no,6.8933,8.706,5.0402,2.5627000000000004,4.502199999999999,4.1560999999999995,,1.8128,"""no.""",346,False
163,Does Residency Selection Criteria Predict Performance in Orthopaedic Surgery Residency?,yes,no,no,no,6.3933,6.4606,2.8495,2.0627000000000004,2.2568,1.9653999999999998,,0.0673,"""The answer to the question: Does residency selection criteria predict performance in orthopaedic surgery residency?",499,False
164,Is CA72-4 a useful biomarker in differential diagnosis between ovarian endometrioma and epithelial ovarian cancer?,yes,no,no,no,6.6107,8.6247,4.6213,2.2801,4.4209000000000005,3.7371999999999996,,2.014,"""CA72-4 is not useful in the differential diagnosis between ovarian endometrioma and epithelial ovarian cancer.""",239,False
165,Is the breast best for children with a family history of atopy?,yes,no,no,no,4.665,7.5186,3.6411,0.3344000000000005,3.3148,2.7569999999999997,,2.8536,breast-feeding protects normal children with a family history of atopy against a variety of illnesses.,269,False
166,Is Bare-Metal Stent Implantation Still Justifiable in High Bleeding Risk Patients Undergoing Percutaneous Coronary Intervention?,yes,no,maybe,maybe,1.5414,4.5656,2.3313,-2.7891999999999992,0.3617999999999997,1.4472,yes,2.2343,"This study suggests that in HBR patients, E-ZES implantation may be a viable option for DES implantation, with a lower ischemic risk and similar",415,False
167,"Marital status, living arrangement and mortality: does the association vary by gender?",yes,no,no,no,2.4856,7.4101,2.3077,-1.8449999999999998,3.2062999999999997,1.4236,,4.9245,"widowed men (HR 2.39 (95% CI 2.40 to 2.41)), divorced men (HR 2.40 (95% CI",329,False
168,Does ibuprofen increase perioperative blood loss during hip arthroplasty?,yes,no,no,no,5.8378,7.5196,2.3686,1.5072,3.3157999999999994,1.4844999999999997,yes,1.6818,The results of this study suggest that ibuprofen increases perioperative blood loss during total hip arthroplasty.,217,False
169,Can magnetic resonance imaging accurately predict concordant pain provocation during provocative disc injection?,yes,no,no,no,3.7862,6.4543,2.5614,-0.5443999999999996,2.2504999999999997,1.6772999999999998,,2.6681,"To predict concordant pain provocation during provocative disc injection, the combination of an HIZ and disc contour abnormalities is more accurate than the use of either a HI",354,False
170,Does case-mix based reimbursement stimulate the development of process-oriented care delivery?,yes,no,maybe,no,4.7647,7.0217,4.0184,0.4341000000000008,2.8179,3.1342999999999996,no,2.257,the case-mix based reimbursement does not stimulate the development of care coordination.,262,False
171,Cerebromediastinal tuberculosis in a child with a probable Say-Barber-Miller syndrome: a causative link?,yes,no,maybe,maybe,1.0944,6.2318,5.7075,-3.2361999999999993,2.0279999999999996,4.8233999999999995,,0.5244,tuberculosis.,266,False
172,Is the determination of specific IgE against components using ISAC 112 a reproducible technique?,yes,no,maybe,maybe,4.9026,7.6075,4.8711,0.5720000000000001,3.4036999999999997,3.987,,2.7049,"""no.""",392,False
173,Schizophrenia patients with high intelligence: A clinically distinct sub-type of schizophrenia?,yes,no,no,maybe,3.2317,5.8975,2.3249,-1.0988999999999995,1.6936999999999998,1.4407999999999999,maybe,2.6657,"Schizophrenia patients with very high pre-morbid IQ have a distinct symptom profile, and may be a distinct sub-type of schizophrenia.",320,False
174,Is halofantrine ototoxic?,yes,no,maybe,no,4.8643,7.584,4.5452,0.5337000000000005,3.3801999999999994,3.6611000000000002,no,2.7197,there is no ototoxicity of halofantrine in guinea pigs.,214,False
175,Identification of racial disparities in breast cancer mortality: does scale matter?,yes,no,maybe,maybe,3.9813,7.0086,4.888,-0.3492999999999995,2.8048,4.0039,yes,2.1206,"""The results of this study suggest that the use of RD statistics may be more sensitive to the presence of racial disparities in breast cancer mortality than RR statistics",244,False
176,Can fractional lasers enhance transdermal absorption of topical lidocaine in an in vivo animal model?,yes,no,no,no,4.3633,6.8801,2.4384,0.03270000000000017,2.6762999999999995,1.5543,yes,2.5168,The results of this study demonstrate that fractional laser pretreatment of skin enhances transdermal absorption of topical lidocaine in an in vivo animal model.,395,False
177,Does laparoscopic surgery decrease the risk of atrial fibrillation after foregut surgery?,yes,no,no,no,6.147,7.0925,2.1791,1.8164000000000007,2.8887,1.295,yes,0.9455,Laparoscopic surgery is associated with a lower risk of atrial fibrillation after foregut surgery.,365,False
178,Is breast cancer survival improving?,yes,no,maybe,maybe,7.2013,7.7438,5.0833,2.8707000000000003,3.54,4.1992,,0.5425,"OR = 0.999, 95% CI 0.999-1.000, P = 0.054.",297,False
179,Does partial expander deflation exacerbate the adverse effects of radiotherapy in two-stage breast reconstruction?,yes,no,maybe,maybe,4.7371,6.7648,3.9828,0.4065000000000003,2.561,3.0987,,2.0277,partial expander deflation should be avoided in two-stage breast reconstruction.,253,False
180,Does the clinical presentation of a prior preterm birth predict risk in a subsequent pregnancy?,yes,no,no,no,2.5635,5.5018,0.5533,-1.7670999999999997,1.298,-0.3308,,2.9383,The clinical presentation of a prior preterm birth is an important predictor of risk for recurrent preterm birth.,334,False
181,Cold preparation use in young children after FDA warnings: do concerns still exist?,yes,no,maybe,no,3.2263,7.1023,4.4536,-1.1042999999999994,2.8984999999999994,3.5694999999999997,no,2.6487,"""If you have a cold, you will not treat with cold medicine.""",183,False
182,Does occupational nuclear power plant radiation affect conception and pregnancy?,yes,no,no,no,4.6927,7.2455,3.5233,0.36210000000000075,3.0416999999999996,2.6391999999999998,no,2.5529,The results of this study suggest that occupational exposure to ionizing radiation in a nuclear power plant does not affect male or female fecundity.,193,False
183,Can shape analysis differentiate free-floating internal carotid artery thrombus from atherosclerotic plaque in patients evaluated with CTA for stroke or transient ischemic attack?,yes,no,no,no,2.1546,5.5425,1.2082,-2.1759999999999997,1.3387000000000002,0.32409999999999994,,3.3879,"""The shape analysis of FFT can differentiate FFT from atherosclerotic plaque.""",347,False
184,Can pictorial warning labels on cigarette packages address smoking-related health disparities?,yes,no,no,yes,1.4255,4.4959,1.0035,-2.9050999999999996,0.2920999999999996,0.11940000000000006,yes,3.0704,The results suggest that HWLs with didactic textual forms are more effective than HWLs with testimonial forms for smokers and that educational attainment,278,False
185,Surgical treatment of prosthetic valve endocarditis in patients with double prostheses: is single-valve replacement safe?,yes,no,no,no,4.8851,7.795,2.3655,0.5545000000000009,3.5911999999999997,1.4813999999999998,,2.9098,single-valve replacement.,319,False
186,Do nomograms designed to predict biochemical recurrence (BCR) do a better job of predicting more clinically relevant prostate cancer outcomes than BCR?,yes,no,no,no,2.0806,6.5999,2.4593,-2.2499999999999996,2.3960999999999997,1.5751999999999997,,4.1406,"The DPC nomogram predicted aggressive BCR with a c-index of 0.709, the JHH nomogram predicted aggressive BCR with a c-index of 0.7",366,False
187,"Do ""America's Best Hospitals"" perform better for acute myocardial infarction?",yes,no,maybe,maybe,3.6107,5.4422,2.5223,-0.7198999999999995,1.2383999999999995,1.6381999999999999,,1.8315,"""The best hospitals in cardiology are better than the others for the treatment of acute myocardial infarction.""",430,False
188,Do socioeconomic differences in mortality persist after retirement?,yes,no,no,yes,3.4326,6.2169,2.3805,-0.8979999999999997,2.0130999999999997,1.4964,yes,2.7843,to assess the relative risk of death associated with work based and non-work based measures of socioeconomic status before and after retirement.,282,False
189,Convulsions and retinal haemorrhage: should we look further?,yes,no,no,maybe,2.0443,6.0769,2.0749,-2.2862999999999998,1.8731,1.1907999999999999,maybe,4.002,Convulsions and retinal haemorrhages: should we look further?,177,False
190,Is the use of cyanoacrylate in intestinal anastomosis a good and reliable alternative?,yes,no,no,no,3.4645,6.0304,1.0926,-0.8660999999999994,1.8266,0.20850000000000002,,2.5659,Ethyl-2-cyanoacrylate is a good alternative to polyglactin 910 sutures in intestinal anastomosis.,338,False
191,Are increased carotid artery pulsatility and resistance indexes early signs of vascular abnormalities in young obese males?,yes,no,maybe,yes,7.3374,8.1036,5.4057,3.0068,3.8998,4.5216,yes,0.7662,the pulsatility index and resistance index were significantly higher in obese subjects than in healthy controls (P < 0.001).,193,False
192,Does topical ropivacaine reduce the post-tonsillectomy morbidity in pediatric patients?,yes,no,no,yes,3.46,7.0341,3.0465,-0.8705999999999996,2.8302999999999994,2.1624,yes,3.5741,Topical ropivacaine hydrochloride is a safe and effective analgesic in pediatric patients undergoing tonsillectomy.,292,False
193,Is robotically assisted laparoscopic radical prostatectomy less invasive than retropubic radical prostatectomy?,yes,no,no,no,2.9246,6.4156,1.6504,-1.4059999999999997,2.2118,0.7663000000000001,,3.4911,RALP is less invasive than RRP.,415,False
194,Is specialty care associated with improved survival of patients with congestive heart failure?,yes,no,no,yes,3.4126,7.0223,2.8446,-0.9179999999999997,2.8185000000000002,1.9604999999999997,yes,3.6097,The results of this study suggest that the pattern of outpatient care is associated with survival of patients with CHF.,467,False
195,Histologic evaluation of the testicular remnant associated with the vanishing testes syndrome: is surgical management necessary?,yes,no,no,no,3.2228,7.3039,1.2885,-1.1077999999999997,3.1000999999999994,0.4044,yes,4.0811,The incidence of viable germ cell elements in the testicular remnant associated with the vanishing testes syndrome is 14%.,258,False
196,Does oxybutynin hydrochloride cause arrhythmia in children with bladder dysfunction?,yes,no,maybe,maybe,6.159,8.1206,6.6282,1.8284000000000002,3.9167999999999994,5.7440999999999995,yes,1.4925,"""We believe that the use of oxybutynin hydrochloride in children with bladder dysfunction is associated with an increased risk of cardiac arrhythmia.""",114,False
197,Does the manic/mixed episode distinction in bipolar disorder patients run true over time?,yes,yes,maybe,yes,6.4779,6.0599,3.1919,2.1473000000000004,1.8560999999999996,2.3078,yes,0.418,The observed distribution of manic and mixed episodes in patients with bipolar disorder is consistent over time.,150,False
198,Is the first urinary albumin/creatinine ratio (ACR) in women with suspected preeclampsia a prognostic factor for maternal and neonatal adverse outcome?,yes,yes,yes,yes,6.3654,6.0858,2.6174,2.0348000000000006,1.8819999999999997,1.7332999999999998,,0.2797,The first ACR is a prognostic factor for adverse maternal and neonatal outcomes.,325,False
199,Are pediatric concussion patients compliant with discharge instructions?,yes,no,no,no,2.3866,5.2742,-0.9345,-1.9439999999999995,1.0704000000000002,-1.8186,,2.8876,The majority of pediatric concussion patients were discharged with instructions for return to play and were compliant with discharge instructions.,433,False
200,Can communication with terminally ill patients be taught?,yes,no,maybe,maybe,5.6632,6.5289,3.4127,1.3326000000000002,2.3251,2.5286,maybe,0.8656,"""The course model is a good starting point for further development of communication skills in palliative care.""",306,False
201,Are environmental factors important in primary systemic vasculitis?,yes,no,no,no,2.1521,7.0721,-0.5198,-2.1784999999999997,2.8682999999999996,-1.4039000000000001,,4.92,No significant associations were found for any of the other exposures.,503,False
202,Diagnosis and follow-up in constipated children: should we use ultrasound?,yes,no,maybe,maybe,4.3527,7.1351,4.0571,0.02210000000000001,2.9313000000000002,3.173,,2.7824,"""We believe that the rectal diameter is a good predictor of constipation and fecal load and that it can be used as a diagnostic tool for constipation.""",415,False
203,Out of the smokescreen II: will an advertisement targeting the tobacco industry affect young people's perception of smoking in movies and their intention to smoke?,yes,no,no,no,4.5111,8.0598,2.9889,0.18050000000000033,3.855999999999999,2.1048,no,3.5488,"""The antismoking advertisement was not OK"" for the intervention group (47.8%) compared with the control group (43.8%) (p",411,False
204,Do general practitioner hospitals reduce the utilisation of general hospital beds?,yes,no,no,no,3.6863,8.1022,4.5234,-0.6442999999999994,3.8983999999999996,3.6392999999999995,,3.5788,"GP hospitals reduce the utilisation of general hospitals by patients with respiratory diseases, cardiac failure, and cancer, and by patients with stroke and fractures.",250,False
205,Does insulin resistance drive the association between hyperglycemia and cardiovascular risk?,yes,no,no,no,3.9192,6.1159,2.2087,-0.41139999999999954,1.9120999999999997,1.3245999999999998,,2.1967,Insulin resistance explains the association between hyperglycemia and CVD risk.,367,False
206,Ultra high risk (UHR) for psychosis criteria: are there different levels of risk for transition to psychosis?,yes,no,no,no,3.0076,7.4282,1.1415,-1.3229999999999995,3.2244,0.25739999999999996,,4.4207,"APS + Trait = BLIPS < APS < Trait alone (p = 0.001, adjusted analysis).",314,False
207,Aberrant loss of dickkopf-3 in gastric cancer: can it predict lymph node metastasis preoperatively?,yes,yes,maybe,maybe,9.0874,8.2912,5.9485,4.756800000000001,4.0874,5.0644,maybe,0.7963,"yes, no, or mayor: no, mayor: no, mayor: yes, or mayor: no: no.",355,False
208,Can CT predict the level of CSF block in tuberculous hydrocephalus?,yes,no,no,yes,1.6036,5.5795,1.8718,-2.7269999999999994,1.3757000000000001,0.9876999999999999,yes,3.7078,The shape of the third ventricle is a useful indicator of the level of CSF block in TBM.,204,False
209,Is oral endotracheal intubation efficacy impaired in the helicopter environment?,yes,no,no,no,4.0276,7.3256,3.1835,-0.30299999999999994,3.1217999999999995,2.2994,no,3.298,"""The in-flight environment of BO-105 helicopter does not impair the ability of flight nurses to perform oral endotracheal intubation.""",256,False
210,Sternal plating for primary and secondary sternal closure; can it improve sternal stability?,yes,no,no,no,2.7125,7.0603,1.6549,-1.6180999999999996,2.8564999999999996,0.7708,,4.3478,plate fixation.,321,False
211,Can early second-look tympanoplasty reduce the rate of conversion to modified radical mastoidectomy?,yes,no,maybe,maybe,4.3334,7.3544,4.802,0.00280000000000058,3.1506,3.9178999999999995,,2.5524,the rate of conversion to a modified radical mastoidectomy was low (3%).,225,False
212,Can T-cell deficiency affect spatial learning ability following toluene exposure?,yes,yes,maybe,maybe,8.3075,7.7848,5.7254,3.9768999999999997,3.5809999999999995,4.8412999999999995,,0.5226,"""The escape latency was longer in nude mice exposed to 90 ppm toluene than in the control group.""",237,False
213,Are acceptance rates of a national preventive home visit programme for older people socially imbalanced?,yes,no,maybe,maybe,5.839,6.7352,5.2578,1.5084000000000009,2.5313999999999997,4.3736999999999995,yes,0.8962,The results suggest that the association between socioeconomic status and acceptance of preventive home visits is complex and that the invitational procedures may modify the association.,296,False
214,Increased neutrophil migratory activity after major trauma: a factor in the etiology of acute respiratory distress syndrome?,yes,no,no,yes,1.5142,5.7342,1.9596,-2.8164,1.5304000000000002,1.0755,yes,3.7746,increased neutrophil migratory activity in the early postinjury phase may be a critical factor in the development of ARDS.,431,False
215,"Do improvements in outreach, clinical, and family and community-based services predict improvements in child survival?",yes,no,no,yes,3.0063,5.7709,2.3793,-1.3242999999999996,1.5671,1.4952,yes,2.7646,"The findings suggest that improvements in clinical services are associated with reductions in under-five mortality, while improvements in outreach and family and community-based services are",400,False
216,Vertical lines in distal esophageal mucosa (VLEM): a true endoscopic manifestation of esophagitis in children?,yes,no,no,no,3.678,8.0522,2.7583,-0.6525999999999996,3.848399999999999,1.8742,,4.3742,VLEM is a true endoscopic manifestation of esophagitis in children.,279,False
217,An HIV1/2 point of care test on sputum for screening TB/HIV co-infection in Central India - Will it work?,yes,no,no,no,4.7588,7.8822,3.2427,0.42820000000000036,3.6784,2.3586,,3.1234,OraQuick ® HIV-1 / 2 Assay in sputum is a valid tool for HIV surveillance among TB patients in Central India.,258,False
218,Is crime associated with over-the-counter pharmacy syringe sales?,yes,no,no,no,3.9918,7.2031,1.3381,-0.33879999999999955,2.9993,0.45400000000000007,,3.2113,"adjusted rate ratio: 0.89; 95% confidence interval: 0.82, 0.98).",289,False
219,Colorectal cancer in young patients: is it a distinct clinical entity?,yes,no,no,no,1.7034,5.1921,1.6185,-2.6271999999999993,0.9882999999999997,0.7344,,3.4887,Colorectal cancer in young patients is a distinct clinical entity.,356,False
220,Does evidence-based practice improve patient outcomes?,yes,no,no,no,3.2539,6.2621,1.2191,-1.0766999999999998,2.0583,0.3350000000000001,yes,3.0082,EBP is a useful tool for improving patient outcomes.,387,False
221,Can the prognosis of polymyalgia rheumatica be predicted at disease onset?,yes,no,no,no,3.4419,6.9856,1.864,-0.8886999999999996,2.7817999999999996,0.9799000000000001,,3.5438,"PV > or = 2.00 mPa s, HLA-DRB1 * 0101 or - * 0401 alleles, initial prednisolone dose > 15 mg, and",380,False
222,Does prior benign prostate biopsy predict outcome for patients treated with radical perineal prostatectomy?,yes,no,maybe,yes,3.717,5.824,3.2817,-0.6135999999999995,1.6201999999999996,2.3975999999999997,yes,2.1071,"To conclude, prior benign prostate biopsies are associated with improved pathologic features and biochemical disease-free survival after radical prostatectomy.",323,False
223,Is the Distance Worth It?,yes,no,maybe,yes,3.0299,5.6635,2.8778,-1.3006999999999995,1.4596999999999998,1.9937,yes,2.6336,The distance of patients with rectal cancer from high-volume centers is associated with worse outcomes.,416,False
224,Treatment as prevention in resource-limited settings: is it feasible to maintain HIV viral load suppression over time?,yes,no,no,no,3.3951,8.9958,2.6394,-0.9354999999999998,4.791999999999999,1.7553,,5.6008,"""no.""",352,False
225,Does head positioning influence anterior chamber depth in pseudoexfoliation syndrome?,yes,no,maybe,maybe,2.5784,3.9548,2.9559,-1.7521999999999998,-0.2490000000000001,2.0718,yes,0.9989,The increased mobility of the lens in pseudoexfoliation syndrome may be a factor in the development of anterior chamber depth changes in pseudoexfoliation syndrome.,272,False
226,Are intraoperative precursor events associated with postoperative major adverse events?,yes,yes,maybe,maybe,5.943,5.8691,4.0047,1.6124,1.6653000000000002,3.1205999999999996,yes,0.0739,"""The incidence of MACE was significantly higher in the MACE group than in the non-MACE group.""",332,False
227,Transient tachypnea of the newborn (TTN): a role for polymorphisms in the beta-adrenergic receptor (ADRB) encoding genes?,yes,no,no,no,6.4462,9.0264,3.3703,2.1156000000000006,4.8226,2.4861999999999997,,2.5802,no.,270,False
228,Could ADMA levels in young adults born preterm predict an early endothelial dysfunction?,yes,no,maybe,maybe,7.1118,7.2961,5.2982,2.7812,3.0923,4.4140999999999995,,0.1843,"""don't know.""",326,False
229,Informed consent for total hip arthroplasty: does a written information sheet improve recall by patients?,yes,no,no,no,6.2533,7.0974,2.4857,1.9227000000000007,2.8936,1.6016,,0.844,(p = 0.001).,182,False
230,Quaternary cytoreductive surgery in ovarian cancer: does surgical effort still matter?,yes,no,no,no,4.2074,6.6507,2.6209,-0.12319999999999975,2.4468999999999994,1.7367999999999997,,2.4434,Quaternary cytoreductive surgery in EOC relapse is feasible and safe.,434,False
231,Can a Novel Surgical Approach to the Temporomandibular Joint Improve Access and Reduce Complications?,yes,no,maybe,yes,6.9676,7.2059,4.6463,2.6370000000000005,3.0020999999999995,3.7622,yes,0.2383,Question: The VMPA is a safe and effective approach to the TMJ.,200,False
232,Hepatic arterial embolization for unresectable hepatocellular carcinomas: do technical factors affect prognosis?,yes,no,no,no,4.2703,6.8961,2.3164,-0.0602999999999998,2.6922999999999995,1.4322999999999997,,2.6258,"Child-Pugh class-A, alpha-fetoprotein level lower than 100 ng / ml, tumor size of 3 cm or smaller, tumor number of 3",331,False
233,Is plate clearing a risk factor for obesity?,yes,yes,maybe,maybe,5.4879,4.9972,3.4746,1.1573000000000002,0.7934000000000001,2.5905,,0.4907,plate clearing is a risk factor for obesity.,207,False
234,Outcomes of severely injured adult trauma patients in an Australian health service: does trauma center level make a difference?,yes,no,no,no,4.2531,5.6974,1.8731,-0.07749999999999968,1.4935999999999998,0.989,,1.4444,Level III trauma center.,335,False
235,Does the lipid-lowering peroxisome proliferator-activated receptors ligand bezafibrate prevent colon cancer in patients with coronary artery disease?,yes,no,maybe,maybe,3.6612,6.5687,3.6486,-0.6693999999999996,2.3648999999999996,2.7645,maybe,2.9075,bezafibrate may have a preventive effect on colon cancer development in patients with coronary artery disease.,426,False
236,Serum angiotensin-converting enzyme and frequency of severe hypoglycaemia in Type 1 diabetes: does a relationship exist?,yes,no,no,no,4.0083,5.9532,1.5582,-0.32229999999999936,1.7493999999999996,0.6741,,1.9449,Serum ACE is not a useful biomarker for predicting the risk of SH in people with Type 1 diabetes.,342,False
237,Hypotension in patients with coronary disease: can profound hypotensive events cause myocardial ischaemic events?,yes,no,no,yes,2.1654,7.2457,3.1852,-2.1651999999999996,3.0419,2.3011,yes,4.0605,"HII events were associated with a history of myocardial infarction (chi (2) = 4.05, p = 0.055), and with a history",345,False
238,Measuring hospital mortality rates: are 30-day data enough?,yes,no,maybe,maybe,1.5083,4.3388,2.1833,-2.8222999999999994,0.1349999999999998,1.2992,,2.1555,Measuring hospital mortality rates for 30 days postadmission is a good indicator of hospital performance.,314,False
239,Is the ability to perform transurethral resection of the prostate influenced by the surgeon's previous experience?,yes,no,maybe,maybe,6.2187,7.0835,5.1644,1.8881000000000006,2.8796999999999997,4.2802999999999995,no,0.8648,the surgeon's experience does not influence the surgical results and complications of transurethral resection of the prostate.,304,False
240,"Syncope during bathing in infants, a pediatric form of water-induced urticaria?",yes,no,maybe,maybe,2.6414,7.3231,4.5456,-1.6891999999999996,3.1193,3.6615,,2.7775,"""Aquagenic maladies"" should be considered in the differential diagnosis of sudden infant death syndrome.",265,False
241,Do women residents delay childbearing due to perceived career threats?,yes,no,no,no,4.99,6.6607,2.9105,0.6594000000000007,2.4569,2.0263999999999998,,1.6707,Women were more likely to plan to have children during residency if they perceived that they had been pregnant (odds ratio 3.01 [95% confidence interval 1.43,314,False
242,Is trabecular bone related to primary stability of miniscrews?,yes,no,maybe,maybe,6.0319,8.6766,6.1606,1.7013000000000007,4.4728,5.2764999999999995,,2.516,"""No.""",278,False
243,Acute respiratory distress syndrome in children with malignancy--can we predict outcome?,yes,no,no,no,3.1587,7.605,0.4131,-1.1718999999999995,3.4012000000000002,-0.471,,4.4464,"PaO (2) / FIO (2) < 200, P (A-a) O (2) > or = 200, and",225,False
244,"Neoadjuvant Imatinib in Locally Advanced Gastrointestinal stromal Tumours, Will Kit Mutation Analysis Be a Pathfinder?",yes,no,maybe,maybe,5.3161,7.5927,4.6698,0.9855,3.3888999999999996,3.7857000000000003,,2.2766,NA IM is a pathfinder for GIST.,395,False
245,Is obesity a risk factor for wheezing among adolescents?,yes,no,maybe,maybe,6.6698,9.5837,6.8979,2.339200000000001,5.3799,6.0138,,2.6857,OR = 2.44 (95% CI: 1.42-4.15).,415,False
246,Could ESC (Electronic Stability Control) change the way we drive?,yes,no,no,yes,4.1714,5.6239,2.2392,-0.15919999999999934,1.4200999999999997,1.3550999999999997,yes,1.4524,The results of the present study suggest that ESC is likely to be effective in reducing collisions involving loss of control and that behavioral adaptation to ESC is likely to,350,False
247,Does a geriatric oncology consultation modify the cancer treatment plan for elderly patients?,yes,no,maybe,maybe,4.3235,7.1934,5.1753,-0.00709999999999944,2.9895999999999994,4.2912,yes,2.0181,the geriatric oncology consultation is a useful tool to improve the treatment plan for elderly cancer patients.,287,False
248,Can students' scores on preclerkship clinical performance examinations predict that they will fail a senior clinical performance examination?,yes,no,no,no,5.3238,5.585,1.5355,0.9932000000000007,1.3811999999999998,0.6514000000000001,,0.2613,The odds ratio for a student's low performance relative to his or her class on the year 2 CPEs was 3.09 (95% confidence interval [,298,False
249,Adults with mild intellectual disabilities: can their reading comprehension ability be improved?,yes,yes,yes,yes,6.8768,6.4717,1.4773,2.5462000000000007,2.2679,0.5932000000000001,,0.4051,the question.,386,False
250,Can nurse-led preoperative education reduce anxiety and postoperative complications of patients undergoing cardiac surgery?,yes,yes,maybe,maybe,7.8034,7.6894,7.0282,3.4728000000000003,3.4856,6.1441,no,0.114,"""I am not anxious"" (P = 0.001).",322,False
251,Is there a relationship between homocysteine and vitiligo?,yes,no,no,no,3.3828,7.2535,3.2453,-0.9477999999999995,3.0496999999999996,2.3611999999999997,,3.8707,Hcy is a risk factor for vitiligo.,473,False
252,Does para-cervical block offer additional advantages in abortion induction with gemeprost in the 2nd trimester?,yes,no,no,no,3.316,7.4967,3.0284,-1.0145999999999997,3.2928999999999995,2.1443,no,4.1807,the use of paracervical anaesthesia in the second trimester of pregnancy termination with gemeprost is not recommended.,369,False
253,Is a 9-month treatment sufficient in tuberculous enterocolitis?,yes,no,maybe,maybe,2.286,7.5885,5.8089,-2.0445999999999995,3.3846999999999996,4.9248,,1.7796,the 9-month treatment is sufficient in tuberculous enterocolitis.,276,False
254,Reporting and interpreting red blood cell morphology: is there discordance between clinical pathologists and clinicians?,yes,no,no,no,4.4591,6.1857,0.5871,0.12850000000000072,1.9818999999999996,-0.29700000000000004,,1.7267,"""No.""",303,False
255,The inverse equity hypothesis: does it apply to coverage of cancer screening in middle-income countries?,yes,no,no,no,2.4594,7.0704,1.8987,-1.8711999999999995,2.8666,1.0146000000000002,,4.6109,The inverse equity hypothesis is not supported for breast cancer screening in middle-income countries.,329,False
256,Menopausal hormone therapy and irregular endometrial bleeding: a potential role for uterine natural killer cells?,yes,no,no,yes,1.2002,6.3583,2.398,-3.1304,2.1544999999999996,1.5139,yes,3.9603,uNK cells and IL-15 expression in endometrial biopsies may be useful in the diagnosis of irregular bleeding in HT users.,290,False
257,Can we ease the financial burden of colonoscopy?,yes,no,no,no,5.1924,8.6786,5.2695,0.8618000000000006,4.474799999999999,4.3854,,3.4091,"""no"" to the question: Can we ease the financial burden of colonoscopy surveillance intervals based on real-time endoscopic assessment of polyp histology?",345,False
258,Does open access publishing increase the impact of scientific articles?,yes,yes,maybe,maybe,6.4688,6.193,4.2853,2.1382000000000003,1.9891999999999994,3.4012000000000002,,0.2758,Open access publishing of scientific articles in intensive care medicine journals increases the citation count of the articles.,357,False
259,Can biofeedback training of psychophysiological responses enhance athletes' sport performance?,yes,no,no,no,7.5634,7.6346,3.5723,3.2328,3.4307999999999996,2.6881999999999997,,0.0712,biofeedback training of psychophysiological responses can enhance athletes' performance in competitive sports.,431,False
260,Are patients willing participants in the new wave of community-based medical education in regional and rural Australia?,yes,no,no,no,3.1541,6.1022,1.5881,-1.1764999999999994,1.8983999999999996,0.7040000000000001,,2.9482,"The majority of patients (89%) felt that they had a role in the consultation, and most (90%) felt that they had a role",257,False
261,Are pectins involved in cold acclimation and de-acclimation of winter oil-seed rape plants?,yes,no,no,yes,0.294,6.3259,2.8514,-4.0366,2.1220999999999997,1.9672999999999998,yes,3.4745,the results suggest that pectin content and methylation degree participate in the regulation of cell wall mechanical properties and in the cold acclimation and de-acclimation of winter oil,258,False
262,The HELPP syndrome--evidence of a possible systemic inflammatory response in pre-eclampsia?,yes,no,maybe,maybe,3.3914,6.8461,3.9107,-0.9391999999999996,2.6422999999999996,3.0265999999999997,,2.9354,"the HELLP syndrome is a systemic inflammatory response syndrome, with a high risk of maternal and fetal morbidity and mortality.",366,False
263,Optimism and survival: does an optimistic outlook predict better survival at advanced ages?,yes,no,maybe,maybe,5.9486,7.8172,6.3803,1.6180000000000003,3.6133999999999995,5.4962,no,1.437,pessimistic outlook was not associated with survival.,378,False
264,Is combined therapy more effective than growth hormone or hyperbaric oxygen alone in the healing of left ischemic and non-ischemic colonic anastomoses?,yes,no,no,no,4.8549,6.6117,2.8556,0.5243000000000002,2.4078999999999997,1.9714999999999998,,1.7568,"GH, hyperbaric oxygen, and combined therapy.",325,False
265,The promise of specialty pharmaceuticals: are they worth the price?,yes,no,no,yes,1.9669,3.9897,0.0937,-2.3636999999999997,-0.21410000000000018,-0.7904,yes,2.0228,"The promise of specialty pharmaceuticals: increased life expectancy, improved quality of life, enhanced workplace productivity, decreased burden of disease, and reduced health care spending come",267,False
266,A comparison of 500 prefilled textured saline breast implants versus 500 standard textured saline breast implants: is there a difference in deflation rates?,yes,no,maybe,yes,3.949,5.574,2.5062,-0.3815999999999997,1.3701999999999996,1.6221,yes,1.625,Poly Implant Prosthesis prefilled textured saline breast implants deflate at a significantly higher rate than Mentor Siltex breast implants.,380,False
267,Is withdrawal-induced anxiety in alcoholism based on beta-endorphin deficiency?,yes,no,no,no,3.3801,6.8229,2.7529,-0.9504999999999995,2.6190999999999995,1.8687999999999998,no,3.4428,"beta E is not a suitable marker for anxiety, depression, or craving in alcohol withdrawal.",394,False
268,Cardiac reoperations in octogenarians: Do they really benefit?,yes,no,maybe,no,5.9688,6.9443,4.5906,1.6382000000000003,2.7405,3.7065,no,0.9755,"""I am not at all disabled"" (Barthel Index: 0-100).",332,False
269,Is first-line single-agent mitoxantrone in the treatment of high-risk metastatic breast cancer patients as effective as combination chemotherapy?,yes,no,maybe,maybe,3.9569,6.5181,5.0539,-0.3736999999999995,2.3142999999999994,4.1697999999999995,,1.4642,The results of this study do not support the use of mitoxantrone as first-line treatment for metastatic breast cancer.,337,False
270,Can clinical supervision sustain our workforce in the current healthcare landscape?,yes,no,no,no,7.6319,9.5008,4.5956,3.3013000000000003,5.297,3.7115,no,1.8689,"'The clinical supervision was effective', 'the clinical supervision was not effective', 'the clinical supervision was not effective', 'the clinical supervision",382,False
271,Can distal ureteral diameter predict reflux resolution after endoscopic injection?,yes,no,no,no,4.6882,8.1752,3.0707,0.3576000000000006,3.9714,2.1866,,3.487,VUR resolution.,317,False
272,Is lumbar drainage of postoperative cerebrospinal fluid fistula after spine surgery effective?,yes,no,no,no,3.9704,7.5521,2.2382,-0.3601999999999994,3.3483,1.3540999999999999,yes,3.5817,the lumbar drainage of postoperative CSF fistula is effective and safe.,186,False
273,Assessing joint line positions by means of the contralateral knee: a new approach for planning knee revision surgery?,yes,no,maybe,maybe,7.0211,8.8415,6.231,2.6905,4.6377,5.3469,,1.8204,"""no."" For the medial epicondyle, the mean difference between the treated and the control knee was -1.0 mm with narrow confidence limits ranging",247,False
274,Can myometrial electrical activity identify patients in preterm labor?,yes,no,maybe,maybe,4.4577,4.6658,2.4303,0.12710000000000043,0.46199999999999974,1.5461999999999998,yes,0.2081,The EUM index is a useful tool for identifying patients in preterm labor who are at risk for PTD.,245,False
275,Does the Transmissible Liability Index (TLI) assessed in late childhood predict suicidal symptoms at young adulthood?,yes,no,no,no,4.804,5.739,-0.9494,0.4734000000000007,1.5351999999999997,-1.8335,yes,0.935,The TLI was associated with number of lifetime suicide attempts (p = .016) and with number of suicide attempts from age 12-14 to age,258,False
276,Does strategy training reduce age-related deficits in working memory?,no,no,maybe,yes,1.641,4.2218,0.9712,-2.6895999999999995,0.017999999999999794,0.08709999999999996,yes,2.5808,The results suggest that training strategies that are effective for young adults may not be effective for older adults.,308,False
277,Does the sex of acute stroke patients influence the effectiveness of rt-PA?,no,yes,maybe,maybe,6.5213,5.7629,4.1616,2.1907000000000005,1.5591,3.2775,no,0.7584,Sex does not influence the effectiveness of IV rt-PA in acute stroke patients.,383,False
278,Does the early adopter of drugs exist?,no,no,maybe,no,6.9473,7.8618,5.0631,2.6167000000000007,3.6579999999999995,4.179,no,0.9144,the correlation between adoption of drugs and adoption of other drugs was not significant.,303,False
279,Can 'high-risk' human papillomaviruses (HPVs) be detected in human breast milk?,no,no,maybe,maybe,6.8805,9.9894,8.4216,2.5499,5.7856,7.5375,,1.5678,'low-risk' HPV DNA was detected in one sample.,125,False
280,Is nasogastric decompression useful in prevention of leaks after laparoscopic sleeve gastrectomy?,no,no,maybe,maybe,6.352,8.4652,5.521,2.0214000000000008,4.261399999999999,4.6369,,2.1132,nasogastric tube is not useful in preventing staple line leaks after LSG.,330,False
281,"Regional anesthesia as compared with general anesthesia for surgery in geriatric patients with hip fracture: does it decrease morbidity, mortality, and health care costs?",no,no,maybe,no,4.2421,6.7937,4.0977,-0.0884999999999998,2.5899,3.2135999999999996,no,2.5516,"regional anesthesia for surgery for hip fracture in geriatric patients does not decrease morbidity, mortality, or hospitalization costs.",333,False
282,Double reading of barium enemas: is it necessary?,no,no,no,no,6.5907,7.5282,3.3587,2.2601000000000004,3.3244,2.4745999999999997,,0.9375,"98.9% (95% CI, 96.5-99.7%) for the first reading and 98.9% (95% CI, 96.5",382,False
283,"Is there any evidence of a ""July effect"" in patients undergoing major cancer surgery?",no,no,no,no,2.4498,6.7407,2.8615,-1.8807999999999994,2.5369,1.9773999999999998,no,3.8792,The July effect is not present in major cancer surgery.,299,False
284,Characterization of the gender dimorphism after injury and hemorrhagic shock: are hormonal differences responsible?,no,no,no,no,4.1273,5.6167,1.9789,-0.2032999999999996,1.4128999999999996,1.0948000000000002,,1.4894,Gender dimorphism after injury and hemorrhagic shock: Gender dimorphism after injury and hemorrhagic shock: Gender dimorphism after injury and hemorrhagic shock: Gender dimorphism after injury and hemorrhagic,333,False
285,Cardiogenic shock complicating acute myocardial infarction in elderly patients: does admission to a tertiary center improve survival?,no,no,no,maybe,3.2012,4.7371,0.9082,-1.1293999999999995,0.5332999999999997,0.02410000000000001,maybe,1.5359,The role of onsite coronary revascularization services in the management of elderly patients with acute myocardial infarction complicated by cardiogenic shock remains unclear.,334,False
286,Sub-classification of low-grade cerebellar astrocytoma: is it clinically meaningful?,no,no,maybe,maybe,6.1112,7.0637,4.61,1.7806000000000006,2.8598999999999997,3.7259,,0.9525,"""We recommend that the Daumas-Duport system be used for the histological sub-classification of low-grade cerebellar astrocytomas.""",264,False
287,Department of Transportation vs self-reported data on motor vehicle collisions and driving convictions for stroke survivors: do they agree?,no,no,maybe,maybe,2.1912,4.0835,1.0269,-2.1393999999999997,-0.1203000000000003,0.14279999999999993,maybe,1.8923,The results of this study suggest that the 2 sources of data may not be interchangeable.,346,False
288,Cholesterol screening in school children: is family history reliable to choose the ones to screen?,no,no,maybe,maybe,6.3179,7.7307,6.051,1.9873000000000003,3.5268999999999995,5.1669,,1.4128,The results of this study showed that family history is not reliable to choose the ones to screen for hypercholesterolemia in school children.,174,False
289,Did the call for boycott by the Catholic bishops affect the polio vaccination coverage in Kenya in 2015?,no,no,maybe,maybe,3.7679,7.1946,4.2194,-0.5626999999999995,2.9908,3.3353,,2.9753,the Catholic bishops call for a boycott campaign to improve the polio vaccination coverage in Kenya.,331,False
290,Does early discharge with nurse home visits affect adequacy of newborn metabolic screening?,no,no,no,no,4.3347,6.6393,2.1459,0.004100000000000215,2.4355,1.2618,,2.3046,Early discharge infants were more likely to have an adequate specimen within the first 9 days of life (99.2% early discharge vs 96.0% traditional stay,335,False
291,Is alexithymia a risk factor for unexplained physical symptoms in general medical outpatients?,no,no,maybe,no,4.7232,6.9063,3.7319,0.3926000000000007,2.7024999999999997,2.8478,no,2.1831,Alexithymia is not a risk factor for medically unexplained physical symptoms in general medical outpatients.,269,False
292,Are sports medicine journals relevant and applicable to practitioners and athletes?,no,no,no,no,3.9493,6.6525,1.1642,-0.38129999999999953,2.4486999999999997,0.2800999999999999,,2.7032,The sports medicine journals are not relevant and applicable to the practice of sports medicine.,149,False
293,Does quantitative left ventricular regional wall motion change after fibrous tissue resection in endomyocardial fibrosis?,no,no,no,no,4.284,6.0779,1.8459,-0.04659999999999975,1.8740999999999994,0.9618000000000001,no,1.7939,The left ventricular ejection fraction did not change after fibrous tissue resection in New York Heart Association FC III and IV endomyocardial fibrosis patients.,312,False
294,Does gestational age misclassification explain the difference in birthweights for Australian aborigines and whites?,no,no,maybe,yes,2.6654,5.3246,2.8341,-1.6651999999999996,1.1208,1.9499999999999997,yes,2.4905,The results suggest that the difference in birthweight distributions between Aborigines and whites is due to gestational age misclassification.,254,False
295,Utility of unenhanced fat-suppressed T1-weighted MRI in children with sickle cell disease -- can it differentiate bone infarcts from acute osteomyelitis?,no,no,no,no,4.4141,6.6856,3.0954,0.0835000000000008,2.4818,2.2113,,2.2715,The sensitivity and specificity of unenhanced T1-W fat-saturated MRI for the differentiation between bone infarcts and acute osteomyelitis in children with SCD is 100%,356,False
296,Do African American women require fewer calories to maintain weight?,no,no,no,no,2.1148,5.3872,1.8842,-2.2157999999999998,1.1833999999999998,1.0001000000000002,,3.2724,AA women require fewer calories to maintain weight than non-AA women.,366,False
297,The use of audit to identify maternal mortality in different settings: is it just a difference between the rich and the poor?,no,no,maybe,maybe,-0.3385,5.7061,3.3842,-4.669099999999999,1.5023,2.5000999999999998,,2.3219,The causes of maternal deaths in the three settings are similar.,283,False
298,Are wandering and physically nonaggressive agitation equivalent?,no,no,no,no,3.9582,6.3327,1.0589,-0.3723999999999994,2.1289,0.17479999999999996,yes,2.3745,"Wandering correlated significantly with PNA Factor 1 (r = -0.48, p < 0.001) and PNA Factor 2 (r = -0.35, p",244,False
299,Is the covering of the resection margin after distal pancreatectomy advantageous?,no,no,no,no,5.4273,7.7496,4.1325,1.0967000000000002,3.5458,3.2484,,2.3223,"""No.""",454,False
300,Does continuous intravenous infusion of low-concentration epinephrine impair uterine blood flow in pregnant ewes?,no,no,no,no,4.1303,7.6839,3.0721,-0.20029999999999948,3.4801,2.1879999999999997,,3.5537,No.,271,False
301,Do healthier lifestyles lead to less utilization of healthcare resources?,no,no,no,no,5.5452,8.1396,2.8674,1.2146000000000008,3.9357999999999995,1.9832999999999998,,2.5944,"exercise habits, dietary habits, regular blood pressure measurement, drinking habits, and having the same physician for medical care.",276,False
302,Do risk factors for suicidal behavior differ by affective disorder polarity?,no,no,no,no,1.8126,6.0348,-0.6817,-2.518,1.8309999999999995,-1.5657999999999999,no,4.2222,Affective disorder polarity does not influence subsequent suicidal behavior.,296,False
303,Thrombosis prophylaxis in hospitalised medical patients: does prophylaxis in all patients make sense?,no,no,no,no,7.1931,9.1016,4.4842,2.8625000000000007,4.897799999999999,3.6001000000000003,no,1.9084,no prophylaxis).,216,False
304,Is late-night salivary cortisol a better screening test for possible cortisol excess than standard screening tests in obese patients with Type 2 diabetes?,no,no,no,no,3.9131,7.7175,3.5309,-0.41749999999999954,3.5137,2.6468,,3.8044,"the sensitivity of late-night salivary cortisol was 70% (95% CI 53-83%), 90% (76-97%) and",276,False
305,Does escalation of the apical dose change treatment outcome in beta-radiation of posterior choroidal melanomas with 106Ru plaques?,no,no,maybe,maybe,6.4981,7.9783,5.7518,2.1675000000000004,3.7744999999999997,4.8677,,1.4802,"""no.""",264,False
306,Estradiol and Antagonist Pretreatment Prior to Microdose Leuprolide in in Vitro Fertilization. Does It Improve IVF Outcomes in Poor Responders as Compared to Oral Contraceptive Pill?,no,no,no,yes,2.8655,6.0862,2.4768,-1.4650999999999996,1.8823999999999996,1.5926999999999998,yes,3.2207,E2 + antag pretreatment prior to COH in poor responders is associated with improved IVF outcomes.,268,False
307,Do risk calculators accurately predict surgical site occurrences?,no,no,no,no,4.6914,5.6922,1.103,0.36080000000000023,1.4883999999999995,0.21889999999999998,,1.0009,"The VHRS, VHWG, and Centers for Disease Control and Prevention Wound Class, whereas the HW-RAT and ACS-NSQ",568,False
308,Is diffusion-weighted imaging a significant indicator of the development of vascularization in hypovascular hepatocellular lesions?,no,yes,maybe,maybe,9.0026,7.5312,6.8505,4.672,3.3274,5.9664,,1.4714,"The sensitivity, specificity, positive predictive value, negative predictive value, and accuracy of DWI in predicting the development of vascularization in HHLs were 100%",177,False
309,Does confined placental mosaicism account for adverse perinatal outcomes in IVF pregnancies?,no,no,maybe,maybe,4.616,5.8427,5.0186,0.2854000000000001,1.6388999999999996,4.1345,no,0.8241,confined placental mosaicism is not a risk factor for adverse perinatal outcomes in IVF pregnancies.,314,False
310,Do elderly cancer patients have different care needs compared with younger ones?,no,yes,maybe,maybe,6.6505,6.4056,5.4298,2.3199000000000005,2.2017999999999995,4.5457,no,0.2448,"""I am not sure.""",276,False
311,Does increased nerve length within the treatment volume improve trigeminal neuralgia radiosurgery?,no,no,no,yes,3.352,5.2954,1.1181,-0.9785999999999997,1.0915999999999997,0.2340000000000001,yes,1.9434,To answer the question: Does increased nerve length within the treatment volume improve trigeminal neuralgia radiosurgery?,294,False
312,Amblyopia: is visual loss permanent?,no,no,no,no,4.222,6.7707,0.7191,-0.10859999999999914,2.5668999999999995,-0.16500000000000004,,2.5488,The results of this study suggest that visual loss in patients with age related macular degeneration is not permanent and that the visual loss is not due to the disease,212,False
313,Are physicians meeting the needs of family caregivers of the frail elderly?,no,no,no,no,3.3591,5.7011,1.3845,-0.9714999999999994,1.4973,0.5004000000000001,,2.342,The results of this study suggest that physicians are not meeting the needs of family caregivers of frail elderly.,237,False
314,Will CT ordering practices change if we educate residents about the potential effects of radiation exposure?,no,no,maybe,maybe,2.6646,4.4036,1.9906,-1.6659999999999995,0.19979999999999976,1.1065,,1.7391,CT ordering practices change if residents educate residents about the potential effects of radiation exposure from CT scans.,315,False
315,Is arch form influenced by sagittal molar relationship or Bolton tooth-size discrepancy?,no,no,no,no,4.0169,7.4233,2.8815,-0.31369999999999987,3.2195,1.9973999999999998,yes,3.4065,the presence of significant Bolton discrepancy is significantly more prevalent in females.,195,False
316,Are the long-term results of the transanal pull-through equal to those of the transabdominal pull-through?,no,no,maybe,maybe,6.3565,6.8781,6.1529,2.0259,2.6742999999999997,5.2688,,0.5216,"""The TERPT is a good alternative to the ABD pull-through for HD.""",349,False
317,Should temperature be monitorized during kidney allograft preservation?,no,no,maybe,maybe,3.2154,5.7391,3.9973,-1.1151999999999997,1.5352999999999994,3.1132,no,1.7417,temperature monitoring during preservation is not necessary.,308,False
318,Should all human immunodeficiency virus-infected patients with end-stage renal disease be excluded from transplantation?,no,no,maybe,maybe,5.0845,5.287,3.2863,0.7539000000000007,1.0831999999999997,2.4022,,0.2025,The current policy of excluding HIV-infected patients from transplantation is not supported by the results of this survey.,267,False
319,Does minimal access major surgery in the newborn hurt less?,no,no,maybe,yes,6.3659,8.3151,5.9027,2.0353000000000003,4.111299999999999,5.0186,yes,1.9491,MAS patients had significantly lower pain scores at all time points.,347,False
320,Does increased patient awareness improve accrual into cancer-related clinical trials?,no,yes,maybe,maybe,6.8268,6.6485,4.6211,2.496200000000001,2.4447,3.737,,0.1783,"""I am very satisfied with the information they received about clinical trials.""",244,False
321,Continuity of care experience of residents in an academic vascular department: are trainees learning complete surgical care?,no,no,no,no,4.8553,7.8421,0.6147,0.5247000000000002,3.6383,-0.2694,yes,2.9868,The rate of complete in-hospital continuity of care was significantly higher for elective cases admitted before the day of surgery compared with same-day admission cases (,421,False
322,Health habits and vaccination status of Lebanese residents: are future doctors applying the rules of prevention?,no,no,maybe,maybe,5.4189,8.5235,5.4628,1.0883000000000003,4.3197,4.5786999999999995,,3.0607,no.,421,False
323,Landolt C and snellen e acuity: differences in strabismus amblyopia?,no,no,no,no,1.9478,4.9952,1.3963,-2.3827999999999996,0.7913999999999994,0.5122000000000001,,3.0473,Landolt C acuity is a more accurate measure of visual acuity than Snellen E acuity.,344,False
324,The insertion allele of the ACE gene I/D polymorphism. A candidate gene for insulin resistance?,no,no,maybe,yes,3.5621,4.7003,1.9797,-0.7684999999999995,0.49650000000000016,1.0956000000000001,yes,1.1382,The ACE gene I / D polymorphism is associated with insulin resistance in NIDDM.,312,False
325,Is fetal gender associated with emergency department visits for asthma during pregnancy?,no,no,maybe,no,4.6278,6.1633,2.9335,0.29720000000000013,1.9594999999999994,2.0494,no,1.5355,Fetal gender was not associated with the risk of having an ED visit for asthma during pregnancy.,308,False
326,Blunt trauma in intoxicated patients: is computed tomography of the abdomen always necessary?,no,no,no,no,5.7165,7.5412,0.5933,1.3859000000000004,3.3373999999999997,-0.29079999999999995,,1.8247,"(1) abdominal injury was present in 5 of 7 patients with chest injury (71%), (2) abdominal injury was present in 4 of",190,False
327,Risk factors for avascular necrosis of bone in patients with systemic lupus erythematosus: is there a role for antiphospholipid antibodies?,no,no,no,no,5.2135,9.0929,3.4486,0.8829000000000002,4.8891,2.5645,no,3.8793,aPL antibodies were not a risk factor for AVN in this cohort of patients with SLE.,223,False
328,Volume change of uterine myomas during pregnancy: do myomas really grow?,no,no,no,no,5.0654,7.455,2.2502,0.7348000000000008,3.2512,1.3660999999999999,,2.3896,Question: What is the change in volume of uterine myomas during pregnancy?,356,False
329,Do foreign bodies migrate through the body towards the heart?,no,no,maybe,no,3.2913,6.8362,3.6616,-1.0392999999999994,2.6323999999999996,2.7775,no,3.1747,"""The patient is not a victim of a foreign body, but a victim of a foreign body.""",234,False
330,Does concomitant anterior/apical repair during midurethral sling improve the overactive bladder component of mixed incontinence?,no,no,maybe,no,3.9631,6.5184,3.5883,-0.3674999999999997,2.3145999999999995,2.7041999999999997,no,2.5553,"""We cannot conclude"" Concomitant MUS and AA repair during MUS does not improve OAB symptoms in women with MUI. """,378,False
331,Is hypoalbuminemia an independent prognostic factor in patients with gastric cancer?,no,no,no,no,4.7832,6.6657,3.2318,0.45260000000000034,2.4619,2.3476999999999997,,1.8826,hypoalbuminemia is an independent prognostic factor in patients with gastric cancer.,272,False
332,Is adjustment for reporting heterogeneity necessary in sleep disorders?,no,no,maybe,maybe,5.2459,5.4262,2.9352,0.9153000000000002,1.2223999999999995,2.0511,,0.1803,"""The answer is"" yes, ""the answer is"" no. """,323,False
333,Can the growth rate of a gallbladder polyp predict a neoplastic polyp?,no,no,maybe,no,3.5319,4.9653,1.8994,-0.7986999999999997,0.7614999999999998,1.0152999999999999,no,1.4334,The growth rate of a polyp is not a reliable predictor of the neoplastic nature of a polyp.,289,False
334,Preoperative locoregional staging of gastric cancer: is there a place for magnetic resonance imaging?,no,no,no,no,3.9709,7.8086,2.6659,-0.3596999999999997,3.6048,1.7818,,3.8377,MRI is superior to MDCT and EUS in the preoperative locoregional staging of gastric cancer.,349,False
335,Are hepatitis G virus and TT virus involved in cryptogenic chronic liver disease?,no,no,no,no,3.5434,7.3225,1.8829,-0.7871999999999995,3.1186999999999996,0.9988,,3.7791,hepatitis G virus infection in cryptogenic chronic liver disease.,383,False
336,Are patients with Werlhof's disease at increased risk for bleeding complications when undergoing cardiac surgery?,no,no,maybe,yes,3.8769,6.1974,3.5413,-0.45369999999999955,1.9935999999999998,2.6572,yes,2.3206,The risk for bleeding complications in patients with WD undergoing cardiac surgery with extracorporeal circulation is increased.,412,False
337,Does Mammographic Density have an Impact on the Margin Re-excision Rate After Breast-Conserving Surgery?,no,no,maybe,yes,3.7242,5.6559,2.664,-0.6063999999999994,1.4520999999999997,1.7799,yes,1.9317,The results of this study suggest that the presence of dense breast tissue on mammography may be associated with a higher rate of re-excision after BCS.,402,False
338,Are UK radiologists satisfied with the training and support received in suspected child abuse?,no,no,maybe,maybe,4.0657,5.5374,3.3914,-0.2648999999999999,1.3335999999999997,2.5073,yes,1.4717,The survey results suggest that there is a need for more training and support for radiologists in the interpretation of skeletal surveys for suspected child abuse.,224,False
339,Do oblique views add value in the diagnosis of spondylolysis in adolescents?,no,no,no,no,2.1369,5.3791,1.4386,-2.1936999999999998,1.1753,0.5545000000000001,,3.2422,The results of this study suggest that the use of oblique views in the evaluation of adolescents with L5 spondylolysis is not necessary.,487,False
340,The clinical significance of bile duct sludge: is it different from bile duct stones?,no,no,no,no,3.1442,7.2425,3.5263,-1.1863999999999995,3.0386999999999995,2.6422,,3.7162,"BDS is not different from CBD stones in terms of frequency, associated risk factors, and clinical outcome after endoscopic therapy.",330,False
341,Can bedside assessment reliably exclude aspiration following acute stroke?,no,no,no,no,5.9146,7.7199,2.4179,1.5840000000000005,3.5161,1.5337999999999998,,1.8052,to the question: Can bedside assessment reliably exclude aspiration following acute stroke?,290,False
342,Does frozen section alter surgical management of multinodular thyroid disease?,no,no,no,no,4.3147,6.6706,2.9096,-0.01589999999999936,2.4668,2.0255,,2.3558,FS is not useful in the management of patients with multinodular goiter.,234,False
343,Does type 1 diabetes mellitus affect Achilles tendon response to a 10 km run?,no,no,no,no,5.4596,6.8269,2.9716,1.1290000000000004,2.6231,2.0875,no,1.3673,"the Achilles tendon structure of T1DM and control participants did not differ at day-0, day-2 or day-4 after a 10 km run.",290,False
344,Are higher rates of depression in women accounted for by differential symptom reporting?,no,no,no,no,5.8319,6.743,3.3251,1.5013000000000005,2.5392,2.441,no,0.9111,"Women were no more likely than men to endorse any of the nine symptom groups, as evidenced by a direct effect coefficient that was not significantly different from",321,False
345,Do Indigenous Australians age prematurely?,no,no,no,no,3.885,6.961,2.9215,-0.4455999999999998,2.7572,2.0374,,3.076,Indigenous people age prematurely.,220,False
346,Adjuvant radiation of stage III thymoma: is it necessary?,no,no,no,no,4.4992,8.0897,2.7539,0.16860000000000053,3.8859000000000004,1.8697999999999997,,3.5906,"local recurrence (n = 5), distant recurrence (n = 4), or both (n = 1).",269,False
347,Are patients with diabetes receiving the same message from dietitians and nurses?,no,no,maybe,yes,5.8355,7.574,4.7294,1.5049000000000001,3.3701999999999996,3.8453,yes,1.7385,The results of this study suggest that CDEs are more likely to recommend carbohydrate intake and use of the glycemic index to treat hypoglycemia than RDs.,222,False
348,"Do lipids, blood pressure, diabetes, and smoking confer equal risk of myocardial infarction in women as in men?",no,no,no,yes,3.1195,5.5403,1.7276,-1.2110999999999996,1.3365,0.8435,yes,2.4208,"The results of this study suggest that the risk of coronary events in women is higher than in men, and that the risk factors for coronary events in women",339,False
349,Diabetes mellitus among Swedish art glass workers--an effect of arsenic exposure?,no,no,no,no,4.8613,8.1551,1.6792,0.5307000000000004,3.951299999999999,0.7951,yes,3.2938,The results of this study do not support the hypothesis that occupational arsenic exposure is associated with diabetes mellitus.,323,False
350,Preoperative staging of patients with liver metastases of colorectal carcinoma. Does PET/CT really add something to multidetector CT?,no,no,no,no,1.0191,6.2027,2.0515,-3.3114999999999997,1.9989,1.1673999999999998,,4.1512,PET / CT was superior to MDCT / MR in the detection of hepatic and extrahepatic metastases (p < 0.001).,292,False
351,Epidural analgesia for surgical treatment of peritoneal carcinomatosis: a risky technique?,no,no,maybe,maybe,4.1039,6.8809,4.0438,-0.22669999999999924,2.6770999999999994,3.1597,,2.777,Epidural analgesia for cytoreductive surgery and HIPEC is a safe technique.,289,False
352,Do acute changes in heart rate by isoproterenol affect aortic stiffness in patients with hypertension?,no,no,maybe,no,6.7206,7.0237,4.5591,2.3900000000000006,2.8198999999999996,3.675,no,0.3031,"""The HR does not affect the aortic stiffness in patients with hypertension.""",381,False
353,Totally implantable venous access device placement by interventional radiologists: are prophylactic antibiotics necessary?,no,no,no,no,3.9,7.4581,1.7943,-0.43059999999999965,3.2542999999999997,0.9102,no,3.5581,Prophylactic antibiotics are not necessary for TIVAD placement.,282,False
354,Does increasing blood pH stimulate protein synthesis in dialysis patients?,no,no,no,no,3.0372,7.1328,3.2052,-1.2933999999999997,2.9289999999999994,2.3211,,3.9276,The results of this study suggest that the effect of bicarbonate supplementation on protein synthesis in hemodialysis patients is not mediated by changes in nutritional parameters.,409,False
355,Necrotizing fasciitis: an indication for hyperbaric oxygenation therapy?,no,no,no,no,4.3167,6.0386,1.0824,-0.01389999999999958,1.8347999999999995,0.19830000000000003,no,1.7219,HBO therapy for NF is not recommended.,292,False
356,MR arthrography of the shoulder: do we need local anesthesia?,no,no,maybe,maybe,8.773,9.2839,7.1622,4.4424,5.080099999999999,6.2781,no,0.5109,"""No pain.""",436,False
357,Prognosis of low-tone sudden deafness - does it inevitably progress to Meniere's disease?,no,no,maybe,no,4.1059,6.5498,4.0066,-0.22469999999999946,2.346,3.1224999999999996,no,2.444,Low-tone SD is not a precursor of Meniere's disease.,284,False
358,Is there a relationship between complex fractionated atrial electrograms recorded during atrial fibrillation and sinus rhythm fractionation?,no,no,no,no,6.4933,8.7723,3.9729,2.1627,4.568499999999999,3.0888,,2.279,no.,317,False
359,Is bicompartmental knee arthroplasty more favourable to knee muscle strength and physical performance compared to total knee arthroplasty?,no,no,maybe,maybe,6.9543,7.3934,5.6514,2.6237000000000004,3.1895999999999995,4.7673,no,0.4391,Bicompartmental knee arthroplasty is not better than TKA in the recovery of knee muscle strength and physical performance.,336,False
360,Does pain intensity predict a poor opioid response in cancer patients?,no,no,maybe,maybe,7.4244,8.8904,6.3115,3.0938000000000008,4.686599999999999,5.4274,,1.466,'no'.,249,False
361,Does the radiographic transition zone correlate with the level of aganglionosis on the specimen in Hirschsprung's disease?,no,no,maybe,maybe,4.8117,8.2305,6.8367,0.4811000000000005,4.026699999999999,5.9526,,1.3938,"""no.""",270,False
362,Serovar specific immunity to Neisseria gonorrhoeae: does it exist?,no,no,maybe,no,2.6878,7.1155,3.8223,-1.6427999999999994,2.9116999999999997,2.9381999999999997,no,3.2932,The results suggest that the host immune response to gonorrhoea does not provide limited serovar specific protection from reinfection.,143,False
363,Is calibration the cause of variation in liquid chromatography tandem mass spectrometry testosterone measurement?,no,no,maybe,yes,2.7545,6.0724,3.1444,-1.5760999999999994,1.8685999999999998,2.2603,yes,2.928,the results suggest that the variation in testosterone measurement is due to differences in the calibration of the LC-MS / MS assay.,265,False
364,Internal derangement of the temporomandibular joint: is there still a place for ultrasound?,no,no,maybe,maybe,6.9536,7.9066,6.8732,2.623,3.7028,5.9891,,0.953,"""No.""",187,False
365,Does delivery mode affect women's postpartum quality of life in rural China?,no,no,maybe,maybe,5.9747,7.3196,4.7382,1.6441000000000008,3.1158,3.8541,,1.3449,"the total score of quality of life was 0 · 725, 0 · 724 and 0 · 725, respectively.",318,False
366,Endovenous laser ablation in the treatment of small saphenous varicose veins: does site of access influence early outcomes?,no,no,no,no,1.8596,7.5154,-0.5888,-2.4709999999999996,3.3115999999999994,-1.4729,no,5.6558,The study concluded that the site of access does not influence early outcomes of EVLA of small saphenous varicosities.,318,False
367,Is there a role for fondaparinux in perioperative bridging?,no,no,maybe,maybe,3.4014,5.8666,2.9601,-0.9291999999999994,1.6627999999999998,2.076,maybe,2.4652,Fondaparinux may be used as a bridging agent in the perioperative setting.,360,False
368,Is it better to be big?,no,no,maybe,maybe,3.5149,5.8971,3.2549,-0.8156999999999996,1.6932999999999998,2.3708,,2.3822,The results of this study suggest that the merger of Blekinge Hospital is not a successful strategy for improving the quality of care.,238,False
369,Chemotherapy and survival in advanced non-small cell lung carcinoma: is pneumologists' skepticism justified?,no,no,no,no,4.2767,6.6384,1.3202,-0.053899999999999615,2.4345999999999997,0.43610000000000004,,2.3616,Chemotherapy and survival in advanced non-small cell lung carcinoma: Pneumologists' skepticism justified the skepticism of a large number of pneumologists,429,False
370,The association of puberty and young adolescent alcohol use: do parents have a moderating role?,no,no,no,yes,3.9063,5.8919,2.093,-0.4242999999999997,1.6880999999999995,1.2088999999999999,yes,1.9857,"The results suggest that pubertal stage is associated with alcohol use in adolescents, but that the association is moderated by family factors.",227,False
371,Does increased use of private health care reduce the demand for NHS care?,no,no,maybe,maybe,3.9502,5.9182,3.8086,-0.3803999999999994,1.7143999999999995,2.9245,yes,1.968,"NHS referral rates were higher in wards with private referral rates in the top fifth compared with the bottom fifth (rate ratio 1.32, 95 percent CI 1.09 to",308,False
372,Is decompressive surgery effective for spinal cord sarcoidosis accompanied with compressive cervical myelopathy?,no,no,no,yes,3.0188,5.7223,1.5393,-1.3117999999999994,1.5184999999999995,0.6551999999999999,yes,2.7035,Decompressive surgery is effective for spinal cord sarcoidosis accompanied with compressive cervical myelopathy.,379,False
373,Does the aggressive use of polyvalent antivenin for rattlesnake bites result in serious acute side effects?,no,no,no,no,4.0399,6.0683,-0.9505,-0.2906999999999993,1.8644999999999996,-1.8346,,2.0283,The incidence of acute side effects from the use of antivenin in rattlesnake bites is low.,463,False
374,Does successful completion of the Perinatal Education Programme result in improved obstetric practice?,no,no,no,no,3.2519,7.0485,0.3746,-1.0786999999999995,2.8446999999999996,-0.5095000000000001,yes,3.7966,The results of this study suggest that the PEP is effective in improving obstetric practice.,491,False
375,Can surgeon familiarization with current evidence lead to a change in practice?,no,no,maybe,no,4.6462,7.2226,4.2364,0.31560000000000077,3.0187999999999997,3.3522999999999996,no,2.5764,the difference in prophylactic NG use between the two groups was not statistically significant.,279,False
376,Kell alloimmunization in pregnancy: associated with fetal thrombocytopenia?,no,no,maybe,maybe,6.6036,7.8494,4.8947,2.2730000000000006,3.6456,4.0106,,1.2458,"Kell alloimmunization in pregnancy: associated with fetal thrombocytopenia, fetal thrombocytopenia is not a rare finding.",258,False
377,Globulomaxillary cysts--do they really exist?,no,no,no,no,2.1269,7.2097,2.3992,-2.2036999999999995,3.0058999999999996,1.5151,no,4.8105,"""The globulomaxillary cyst"" is a rare entity, which is not yet considered for its own entity. """,229,False
378,Colorectal cancer with synchronous liver metastases: does global management at the same centre improve results?,no,no,no,no,4.6179,7.5575,3.8087,0.2873000000000001,3.3537,2.9246,,2.9396,GM or SM.,342,False
379,Are octogenarians at high risk for carotid endarterectomy?,no,no,no,no,2.097,8.9544,2.4528,-2.2335999999999996,4.7505999999999995,1.5686999999999998,no,6.5017,There were no perioperative myocardial infarctions.,297,False
380,Is there a need for pelvic CT scan in cases of renal cell carcinoma?,no,no,maybe,no,3.8215,7.9993,5.009,-0.5090999999999997,3.7954999999999997,4.1249,no,2.9903,the need for pelvic CT scan in patients of RCC is not clear.,298,False
381,Should circumcision be performed in childhood?,no,no,maybe,maybe,7.6414,7.9338,5.2928,3.3108000000000004,3.7299999999999995,4.4087,,0.2924,"""I don't want to circumcise.""",307,False
382,Does the Simultaneous Use of a Neuroendoscope Influence the Incidence of Ventriculoperitoneal Shunt Infection?,no,no,no,yes,7.2748,7.6648,3.2678,2.9442000000000004,3.4609999999999994,2.3836999999999997,yes,0.3899,The infection rate was significantly higher in the group in which an endoscope was used (P = 0.001).,334,False
383,Is the probability of prenatal diagnosis or termination of pregnancy different for fetuses with congenital anomalies conceived following assisted reproductive techniques?,no,no,no,no,2.5078,7.7821,2.3882,-1.8227999999999995,3.5782999999999996,1.5040999999999998,no,5.2743,The probability of PND and TOPFA for ART-conceived fetuses with CHD is not different from that of spontaneously conceived fetuses with CHD.,299,False
384,Is There an Additional Value of Using Somatostatin Receptor Subtype 2a Immunohistochemistry Compared to Somatostatin Receptor Scintigraphy Uptake in Predicting Gastroenteropancreatic Neuroendocrine Tumor Response?,no,no,maybe,no,7.596,8.2409,5.8036,3.2654000000000005,4.0371,4.9195,no,0.6449,sst2a IHC-negative and positive tumors were not significantly different in terms of best GEP-NET response 1 year after PRRT (p =,370,False
385,Does growth hormone replacement therapy reduce mortality in adults with growth hormone deficiency?,no,no,no,no,1.9526,6.8475,1.9374,-2.3779999999999997,2.6437,1.0533000000000001,,4.8949,"age, sex, and underlying diagnosis.",295,False
386,Can decisional algorithms replace global introspection in the individual causality assessment of spontaneously reported ADRs?,no,no,no,no,4.4629,8.4638,4.6362,0.13230000000000075,4.260000000000001,3.7520999999999995,,3.8276,'no' was considered 'probable' in the GI method.,212,False
387,Sternal skin conductance: a reasonable surrogate for hot flash measurement?,no,no,maybe,yes,2.8379,4.274,1.4888,-1.4926999999999997,0.07019999999999982,0.6046999999999999,yes,1.4361,The results of this study suggest that the new prototype of the SSC device is a viable alternative to the traditional hot flash diary for measuring hot flashes.,234,False
388,Is the Androgen Deficiency of Aging Men (ADAM) questionnaire useful for the screening of partial androgenic deficiency of aging men?,no,no,no,no,7.5211,7.5761,4.1404,3.1905,3.3723,3.2562999999999995,,0.055,"""I don't know.""",461,False
389,Does a history of unintended pregnancy lessen the likelihood of desire for sterilization reversal?,no,no,maybe,yes,5.6199,7.2529,4.1701,1.2893000000000008,3.0491,3.2859999999999996,yes,1.633,Unintended pregnancy was associated with a higher likelihood of desire for sterilization reversal (OR: 2.41; 95% CI: 1.40-4.15).,268,False
390,Can we measure mesopic pupil size with the cobalt blue light slit-lamp biomicroscopy method?,no,no,maybe,yes,4.147,6.8712,3.8147,-0.18359999999999932,2.6673999999999998,2.9306,yes,2.7242,the SLBM is a useful tool for measuring pupil size in mesopic conditions.,357,False
391,Does stress increase imitation of drinking behavior?,no,no,no,no,3.6027,6.3921,2.8834,-0.7278999999999995,2.1883,1.9992999999999999,,2.7894,The results suggest that the tendency to imitate alcohol consumption is not related to the level of stress induced by the confederate's drinking behavior.,292,False
392,Do clinical variables predict pathologic radiographs in the first episode of wheezing?,no,no,no,no,4.089,5.8059,2.2888,-0.24159999999999915,1.6021,1.4047,,1.7169,The discriminant analysis correctly predicted pathologic radiographs in only 9% of patients.,235,False
393,"Is distance to provider a barrier to care for medicaid patients with breast, colorectal, or lung cancer?",no,no,no,no,1.9889,5.4298,2.033,-2.3416999999999994,1.226,1.1488999999999998,no,3.3968,"Distance to provider is not a barrier to timely diagnosis and treatment of breast, CRC, and lung cancer.",264,False
394,Laminoplasty outcomes: is there a difference between patients with degenerative stenosis and those with ossification of the posterior longitudinal ligament?,no,no,no,no,1.7172,6.6106,1.4856,-2.6133999999999995,2.4067999999999996,0.6015,,4.8935,"OPLL patients had a statistically significant improvement in Nurick score following laminoplasty, but degenerative stenosis patients did not.",458,False
395,Do overweight children necessarily make overweight adults?,no,no,maybe,maybe,4.5115,5.4153,3.0365,0.18090000000000028,1.2115,2.1524,,0.9037,The body mass index curves of Japanese girls and women in birth cohorts 1930-1999 were similar to those of Japanese boys and girls in birth cohorts 19,262,False
396,Does patient position during liver surgery influence the risk of venous air embolism?,no,no,maybe,maybe,2.9108,6.5059,3.4082,-1.4197999999999995,2.3020999999999994,2.5241,maybe,3.0976,the clinical significance of this finding is unclear.,186,False
397,Is routine chest radiography after transbronchial biopsy necessary?,no,no,no,no,3.8559,7.4925,2.9458,-0.47469999999999946,3.2886999999999995,2.0617,no,3.6366,Routine CXR after bronchoscopy and TBB is not necessary.,262,False
398,Can folic acid protect against congenital heart defects in Down syndrome?,no,no,no,no,5.8337,8.0708,4.1308,1.5031000000000008,3.867,3.2466999999999997,,2.2371,"OR = 0.83, 95% CI: 0.46-1.49; OR = 0.83, 95% CI: 0.46-1.50; OR = 0.83, 95%",342,False
399,Location and number of sutures placed for hiatal hernia repair during laparoscopic adjustable gastric banding: does it matter?,no,no,no,no,1.9986,5.9757,2.3439,-2.332,1.7718999999999996,1.4598,no,3.6318,Location and number of sutures placed for HHR during LAGB does not affect the rate of band-related reoperation.,422,False
400,Does the distribution of health care benefits in Kenya meet the principles of universal coverage?,no,no,no,no,3.9339,6.6692,2.3626,-0.3966999999999996,2.4654,1.4785,,2.7353,"the Kenya health system is pro-rich in the public sector, pro-poor in the private-not-for-profit sector and pro-rich",336,False
401,Are women with major depression in pregnancy identifiable in population health data?,no,no,maybe,yes,5.6383,7.5232,4.9017,1.3077000000000005,3.3194,4.0176,yes,1.8849,the prevalence of depression in pregnancy is likely to be higher than previously reported.,480,False
402,Can bone thickness and inter-radicular space affect miniscrew placement in posterior mandibular sites?,no,no,maybe,maybe,2.5633,5.548,3.9536,-1.7672999999999996,1.3441999999999998,3.0694999999999997,yes,1.5943,The results of this study suggest that the miniscrew insertion angle is not a significant factor in the thickness of the alveolar bone or the inter-radicular,392,False
403,SPECT study with I-123-Ioflupane (DaTSCAN) in patients with essential tremor. Is there any correlation with Parkinson's disease?,no,no,no,yes,3.6458,6.3908,2.5296,-0.6847999999999996,2.1869999999999994,1.6454999999999997,yes,2.745,I-123-Ioflupane (DaTSCAN) SPECT is a useful tool in the differential diagnosis between ET and PD.,590,False
404,Are many colorectal cancers due to missed adenomas?,no,no,maybe,maybe,3.2906,7.1944,5.9927,-1.0399999999999996,2.9905999999999997,5.1086,no,1.2017,the number of missed adenomas is not a good indicator of the risk of cancer.,237,False
405,Clinician assessment for acute chest syndrome in febrile patients with sickle cell disease: is it accurate enough?,no,no,no,yes,2.5037,4.9756,1.2379,-1.8268999999999997,0.7717999999999998,0.3538,yes,2.4719,"To determine whether the use of CXR is of significant value in the diagnosis of ACS in febrile patients with SCD, a prospective study was conducted.",358,False
406,Can nonproliferative breast disease and proliferative breast disease without atypia be distinguished by fine-needle aspiration cytology?,no,no,no,no,3.6073,6.5444,0.3469,-0.7232999999999996,2.3406000000000002,-0.5372,yes,2.9372,The presence of a swirling pattern of epithelial cells is a useful cytologic feature in the distinction of PBD from NPBD.,227,False
407,Is vancomycin MIC creep a worldwide phenomenon?,no,no,maybe,maybe,1.488,6.6737,3.6498,-2.8425999999999996,2.4699,2.7657,,3.0239,Vancomycin MIC creep is a global phenomenon.,314,False
408,Is vitamin D deficiency a feature of pediatric celiac disease?,no,no,maybe,no,3.6948,7.2356,3.9279,-0.6357999999999997,3.0317999999999996,3.0438,no,3.3077,Vitamin D deficiency is not a feature of pediatric CD.,383,False
409,Is renal warm ischemia over 30 minutes during laparoscopic partial nephrectomy possible?,no,no,maybe,maybe,7.406,8.3753,5.3392,3.0754,4.171499999999999,4.4551,,0.9693,"""no.""",325,False
410,PSA repeatedly fluctuating levels are reassuring enough to avoid biopsy?,no,no,maybe,no,1.4662,5.6577,2.9597,-2.8644,1.4539,2.0756,no,2.698,PSA slope is not a good predictor of PC detection in patients with flu-PSA.,305,False
411,Does immediate breast reconstruction compromise the delivery of adjuvant chemotherapy?,no,no,no,no,5.2796,7.8985,2.7777,0.9490000000000007,3.6947,1.8935999999999997,yes,2.6189,"IBR was associated with a higher rate of chemotherapy delivery (mastectomy alone: 86.5% versus IBR: 86.5%, p = 0.9)",213,False
412,Prognosis of well differentiated small hepatocellular carcinoma--is well differentiated hepatocellular carcinoma clinically early cancer?,no,no,no,no,7.2839,7.3409,3.6876,2.9533000000000005,3.1371,2.8035,no,0.0571,w-d HCCs are not clinically early cancer.,316,False
413,Does a preoperative medically supervised weight loss program improve bariatric surgery outcomes?,no,no,no,no,3.1146,6.4855,2.6682,-1.2159999999999997,2.2817,1.7841,no,3.3709,This pilot study suggests that a MSWM program does not improve weight loss outcomes for patients undergoing LAGB.,387,False
414,Bony defects in chronic anterior posttraumatic dislocation of the shoulder: Is there a correlation between humeral and glenoidal lesions?,no,no,no,no,6.1142,8.5856,3.2806,1.7836000000000007,4.381799999999999,2.3965,no,2.4714,"the humeral defect was not correlated with the glenoid defect (r = -0.14, p = 0.28).",389,False
415,Does the bracket-ligature combination affect the amount of orthodontic space closure over three months?,no,no,no,no,3.3883,7.7774,2.0571,-0.9422999999999995,3.5736,1.173,,4.3891,(1) Conventional brackets and elastomeric ligatures; (2) Conventional brackets and Super Slick (®) low friction elastomeric ligatures;,337,False
416,Can increases in the cigarette tax rate be linked to cigarette retail prices?,no,no,no,no,2.7042,5.9605,2.4976,-1.6263999999999994,1.7566999999999995,1.6134999999999997,,3.2563,The government tax increase on cigarettes in China is not being translated into higher retail prices for the tobacco industry.,208,False
417,Attaining negative margins in breast-conservation operations: is there a consensus among breast surgeons?,no,no,no,yes,5.9201,6.1908,2.7632,1.5895000000000001,1.987,1.8790999999999998,yes,0.2707,The results of this survey suggest that there is a wide variation in the surgical management of breast cancer patients desiring breast-conservation treatment.,303,False
418,Does the sequence of clamp application during open abdominal aortic aneurysm surgery influence distal embolisation?,no,no,maybe,maybe,4.6798,6.9429,4.6539,0.3492000000000006,2.7390999999999996,3.7698,yes,2.2631,"""The patient sub-group that was current smokers had a higher number of emboli than the non-smokers.""",204,False
419,Discharging patients earlier from Winnipeg hospitals: does it adversely affect quality of care?,no,no,maybe,no,2.0702,5.6548,2.7813,-2.2603999999999997,1.4509999999999996,1.8971999999999998,no,2.8735,Discharging patients earlier from Winnipeg hospitals does not adversely affect quality of care.,425,False
420,Surgical management of the atherosclerotic ascending aorta: is endoaortic balloon occlusion safe?,no,no,no,no,2.2289,6.2531,0.6076,-2.1016999999999997,2.0492999999999997,-0.27649999999999997,yes,4.0242,Endoaortic occlusion is a safe and effective alternative to conventional cross-clamping in the surgical management of the atherosclerotic ascending aorta.,343,False
421,Is there a relationship between serum paraoxonase level and epicardial fat tissue thickness?,no,no,no,no,6.7598,8.1975,3.9554,2.4292000000000007,3.9936999999999996,3.0713,,1.4377,there is a relationship between serum paraoxonase 1 level and epicardial fat tissue thickness.,305,False
422,Do antibiotics decrease post-tonsillectomy morbidity?,no,no,maybe,maybe,6.0606,8.1657,5.9861,1.7300000000000004,3.961899999999999,5.102,,2.1052,antibiotics.,228,False
423,Should prostate specific antigen be adjusted for body mass index?,no,no,no,no,1.8256,5.2397,1.5463,-2.505,1.0358999999999998,0.6622,no,3.4141,Prostate specific antigen must be adjusted for body mass index in men without prostate cancer.,291,False
424,Is it necessary to insert a nasobiliary drainage tube routinely after endoscopic clearance of the common bile duct in patients with choledocholithiasis-induced cholangitis?,no,no,no,no,2.9509,7.0187,1.1155,-1.3796999999999997,2.8148999999999997,0.23139999999999994,,4.0677,Routine insertion of an ENBD tube after endoscopic clearance of CBD stones in patients with choledocholithiasis-induced acute cholangitis after clearance of CBD stones is not,381,False
425,Have antiepileptic drug prescription claims changed following the FDA suicidality warning?,no,no,no,no,4.7227,7.5963,1.3454,0.3921000000000001,3.3925,0.46129999999999993,,2.8736,The FDA warning was not associated with a significant change in trend of AED prescription claims among members with epilepsy and / or psychiatric disorder.,349,False
426,Are high flow nasal cannulae noisier than bubble CPAP for preterm infants?,no,no,no,no,3.341,6.4701,1.7781,-0.9895999999999994,2.2663,0.894,,3.1291,High flow nasal cannulae are noisier than bubble CPAP for preterm infants.,363,False
427,Are the arginine vasopressin V1a receptor microsatellites related to hypersexuality in children with a prepubertal and early adolescent bipolar disorder phenotype?,no,no,maybe,maybe,2.7597,5.2336,2.388,-1.5708999999999995,1.0297999999999998,1.5038999999999998,,2.474,The AVPR1A microsatellites are not associated with hypersexuality or uninhibited people-seeking in children with a PEA-BP phenotype.,506,False
428,Are variations in the use of carotid endarterectomy explained by population Need?,no,no,no,maybe,2.2181,7.0409,3.3026,-2.1124999999999994,2.8370999999999995,2.4185,maybe,3.7383,the reasons for this are unclear.,244,False
429,Do supervised colorectal trainees differ from consultants in terms of quality of TME surgery?,no,no,no,no,2.4361,7.1102,2.6606,-1.8944999999999994,2.9063999999999997,1.7765,yes,4.4496,The results of this study suggest that the quality of mesorectum excised by colorectal trainees under supervision is comparable with that of consultants.,324,False
430,Major depression and alcohol use disorder in adolescence: Does comorbidity lead to poorer outcomes of depression?,no,no,maybe,yes,3.9653,5.9171,3.5525,-0.3652999999999995,1.7132999999999994,2.6684,yes,1.9518,Comorbid MD / AUD in adolescence is associated with poorer outcomes of MD in adulthood.,303,False
431,Perioperative care in an animal model for training in abdominal surgery: is it necessary a preoperative fasting?,no,no,maybe,maybe,6.3308,8.0592,6.668,2.0002000000000004,3.8554000000000004,5.7839,no,1.3912,the fasting for solids is not necessary for the training of surgery in the rabbit.,288,False
432,Metastatic carcinoma to the cervical nodes from an unknown head and neck primary site: Is there a need for neck dissection?,no,no,no,yes,5.4152,7.5625,3.8338,1.0846,3.3587,2.9497,yes,2.1473,the neck dissection group had a significantly higher incidence of distant metastasis (p = .016).,376,False
433,Does Viral Co-Infection Influence the Severity of Acute Respiratory Infection in Children?,no,no,no,no,5.2728,7.002,1.7605,0.9422000000000006,2.7981999999999996,0.8764,,1.7292,viral co-infection is not associated with severity of ARI in children.,375,False
434,Cardiopulmonary bypass temperature does not affect postoperative euthyroid sick syndrome?,no,no,no,no,1.4078,6.3169,0.0236,-2.9227999999999996,2.1131,-0.8605,no,4.9091,Cardiopulmonary bypass temperature does not affect postoperative euthyroid sick syndrome.,330,False
435,Xanthogranulomatous cholecystitis: a premalignant condition?,no,no,maybe,maybe,3.9919,6.9489,4.9324,-0.3386999999999998,2.7451,4.0483,,2.0165,"membranous, cytoplasmic and nuclear expression of p53 and beta-catenin.",429,False
436,Does septoplasty change the dimensions of compensatory hypertrophy of the middle turbinate?,no,no,maybe,maybe,6.5112,8.7778,6.3499,2.1806,4.573999999999999,5.4658,,2.2665,"""The angle of the septum is a good predictor of the dimensions of the middle turbinate.""",198,False
437,Prescriptions as a proxy for asthma in children: a good choice?,no,no,maybe,maybe,7.3976,8.2898,6.5787,3.067,4.085999999999999,5.6946,,0.8923,"""The prevalence of asthma in children aged 0-4 years is high and increases with age.""",307,False
438,Does combining antiretroviral agents in a single dosage form enhance quality of life of HIV/AIDS patients?,no,no,no,no,4.2515,7.3051,3.9618,-0.0790999999999995,3.1013,3.0777,,3.0536,"""The cost-effectiveness of FXD over FRC is not cost-effective.""",418,False
439,Does desflurane alter left ventricular function when used to control surgical stimulation during aortic surgery?,no,no,no,no,6.5366,7.5547,3.7272,2.2060000000000004,3.3509,2.8430999999999997,,1.0181,"""no.""",396,False
440,Is fluoroscopy essential for retrieval of lower ureteric stones?,no,no,no,no,3.3986,7.3691,3.7268,-0.9319999999999995,3.1653000000000002,2.8427,no,3.6423,Fluoroscopy is not necessary for ureteroscopic removal of lower ureteric stones.,356,False
441,Does the treatment of amblyopia normalise subfoveal choroidal thickness in amblyopic children?,no,yes,yes,yes,7.9095,7.4305,4.3026,3.578900000000001,3.2267,3.4185,,0.479,The treatment of amblyopia normalised subfoveal choroidal thickness in anisometropic hyperopic amblyopic children.,302,False
442,Should tumor depth be included in prognostication of soft tissue sarcoma?,no,no,no,no,4.9669,6.3508,2.9138,0.6363000000000003,2.1469999999999994,2.0297,no,1.3839,The prognostic importance of tumor depth in soft tissue sarcoma is not explained by the close association between size and depth.,313,False
443,Does performance in selection processes predict performance as a dental student?,no,no,no,no,2.743,6.2781,2.6468,-1.5875999999999997,2.0743,1.7626999999999997,,3.5351,The findings of this study suggest that the performance of dental students in selection processes is not a strong predictor of their performance as a dental student.,234,False
444,"Antiretroviral therapy related adverse effects: Can sub-Saharan Africa cope with the new ""test and treat"" policy of the World Health Organization?",no,no,no,no,1.3326,6.6965,2.7662,-2.9979999999999993,2.4927,1.8820999999999999,,3.9303,"The WHO has recently recommended that SSA countries adopt the ""test and treat"" policy of the WHO, and that the region is ready to cope with the",383,False
445,"Expression of c-kit protooncogen in hepatitis B virus-induced chronic hepatitis, cirrhosis and hepatocellular carcinoma: has it a diagnostic role?",maybe,no,maybe,no,7.1837,9.2983,6.3339,2.8531000000000004,5.094499999999999,5.4498,no,2.1146,c-kit expression was not detected in the remaining 25 HCC tissue specimens.,302,False
446,Can calprotectin predict relapse risk in inflammatory bowel disease?,maybe,no,maybe,maybe,6.501,8.3185,6.8573,2.1704000000000008,4.1147,5.9732,,1.4612,"""No.""",320,False
447,Does shaving the incision site increase the infection rate after spinal surgery?,maybe,no,no,yes,6.3296,6.5628,1.5314,1.9990000000000006,2.359,0.6473000000000001,yes,0.2332,"""The infection rate was significantly higher in the shaved group than in the nonshaved group.""",238,False
448,Antral follicle assessment as a tool for predicting outcome in IVF--is it a better predictor than age and FSH?,maybe,no,no,no,5.1889,6.3449,1.3584,0.8583000000000007,2.1411,0.47430000000000005,yes,1.1561,Antral follicle assessment may serve as a useful adjunct to the standard of care in predicting IVF outcome.,325,False
449,Treatment of contralateral hydrocele in neonatal testicular torsion: Is less more?,maybe,no,no,no,3.6759,7.402,0.1373,-0.6546999999999996,3.1982,-0.7468,no,3.7261,Contralateral hydrocele is not a contraindication to contralateral testicular fixation in neonatal testicular torsion.,361,False
450,Do parents recall and understand children's weight status information after BMI screening?,maybe,no,no,no,3.1561,6.7001,1.6981,-1.1744999999999997,2.4962999999999997,0.814,yes,3.5441,"BPC (p = 0.001), maternal education (p = 0.001), and parental ratings of the usefulness of the information (p = 0.001)",368,False
451,Do Web-based and clinic samples of gay men living with HIV differ on self-reported physical and psychological symptoms?,maybe,no,no,yes,1.9797,5.9771,2.5507,-2.3508999999999993,1.7732999999999999,1.6665999999999999,yes,3.4264,The findings suggest that the Internet may be a useful tool for recruiting samples of gay men living with HIV for research and interventions.,541,False
452,Are home sampling kits for sexually transmitted infections acceptable among men who have sex with men?,maybe,no,no,no,2.427,7.2792,3.5237,-1.9035999999999995,3.0754,2.6395999999999997,no,3.7556,"the main concerns were that the kits were not always easy to use, that the kits were not always easy to use, and that the kits were not",284,False
453,Does rugby headgear prevent concussion?,maybe,no,no,no,4.175,6.8822,1.3083,-0.15559999999999974,2.6784,0.4242,no,2.7073,"""The game is not a game,"" ""the game is not a game,"" and ""the game is not a game.""",238,False
454,Does body mass index (BMI) influence morbidity and long-term survival in gastric cancer patients after gastrectomy?,maybe,no,maybe,maybe,5.4069,6.1897,4.6782,1.0763000000000007,1.9859,3.7941000000000003,yes,0.7829,The lower body mass index group had a significantly higher morbidity rate in stage 2 (P = 0.0462) and a significantly higher morbidity rate in stage,281,False
455,Is determination between complete and incomplete traumatic spinal cord injury clinically relevant?,maybe,no,no,no,6.9825,8.185,3.3974,2.6519000000000004,3.9812000000000003,2.5133,maybe,1.2025,"""yes, no, or mayor.""",414,False
456,Does use of hydrophilic guidewires significantly improve technical success rates of peripheral PTA?,maybe,no,maybe,maybe,4.0585,6.0127,4.3877,-0.2720999999999991,1.8088999999999995,3.5035999999999996,yes,1.625,hydrophilic guidewires significantly improve the technical success rates of PTA of iliac and SFA stenoses and occlusions.,327,False
457,"Are lifetime prevalence of impetigo, molluscum and herpes infection really increased in children having atopic dermatitis?",maybe,no,maybe,maybe,3.8474,6.069,4.7624,-0.48319999999999963,1.8651999999999997,3.8783000000000003,yes,1.3066,"The results of this study suggest that the prevalence of IC, MC and HI in children with AD is not increased.",305,False
458,Can routinely collected ambulance data about assaults contribute to reduction in community violence?,maybe,no,maybe,maybe,5.3032,6.2355,4.6882,0.9726000000000008,2.0317,3.8041,,0.9323,'What is the evidence?,337,False
459,Is irritable bowel syndrome a diagnosis of exclusion?,maybe,no,no,no,1.0496,6.2961,0.5256,-3.2809999999999997,2.0923,-0.35850000000000004,,5.2465,The survey results suggest that IBS is not a diagnosis of exclusion and that clinicians should not rely on the Rome criteria alone to make a positive diagnosis of IBS,351,False
460,Is a patient's self-reported health-related quality of life a prognostic factor for survival in non-small-cell lung cancer patients?,maybe,yes,no,no,8.3195,8.2314,3.3891,3.9889,4.0276000000000005,2.505,,0.0881,"HR = 2.39 (95% CI: 1.60-3.57; P < 0.001), HR = 2.39 (95% CI: 1.60-",312,False
461,Vaginal dose assessment in image-guided brachytherapy for cervical cancer: Can we really rely on dose-point evaluation?,maybe,no,maybe,maybe,5.506,7.7478,5.4152,1.1754000000000007,3.5439999999999996,4.5310999999999995,,2.2418,"""no.""",369,False
462,Is there a role for endothelin-1 in the hemodynamic changes during hemodialysis?,maybe,no,maybe,maybe,3.6478,6.9545,4.7296,-0.6827999999999994,2.7507,3.8454999999999995,yes,2.2248,The present study suggests that ET-1 may play a role in the pathogenesis of HD-induced hypotension and rebound hypertension.,371,False
463,Is vitamin D insufficiency or deficiency related to the development of osteochondritis dissecans?,maybe,no,maybe,maybe,6.8028,9.1821,6.7817,2.472200000000001,4.9783,5.8976,,2.3793,"""No.""",193,False
464,Does timing of initial surfactant treatment make a difference in rates of chronic lung disease or mortality in premature infants?,maybe,no,no,no,5.8593,7.2883,2.6367,1.5287000000000006,3.0844999999999994,1.7525999999999997,yes,1.429,Early surfactant is associated with less CLD and mortality in premature infants.,296,False
465,Is it Crohn's disease?,maybe,no,no,yes,3.1534,5.4359,1.2916,-1.1771999999999996,1.2321,0.4075000000000001,yes,2.2826,Sulfasalazine is a safe and effective drug in the treatment of inflammatory bowel disease and rheumatological disorders.,155,False
466,Do French lay people and health professionals find it acceptable to breach confidentiality to protect a patient's wife from a sexually transmitted disease?,maybe,no,no,no,4.8296,7.7619,2.4079,0.49900000000000055,3.5580999999999996,1.5238,no,2.9322,"""The wife of a patient with a STD is not at risk of contracting the disease.""",365,False
467,Can patients be anticoagulated after intracerebral hemorrhage?,maybe,no,no,no,5.0149,7.3197,2.9743,0.6843000000000004,3.1159,2.0902,,2.3048,Warfarin.,287,False
468,Do elderly patients call 911 when presented with clinical scenarios suggestive of acute stroke?,maybe,no,maybe,maybe,4.8429,7.8301,4.5754,0.5123000000000006,3.6262999999999996,3.6913,,2.9872,"""I don't know"" (adjusted OR 3.04, 95% CI 1.12-8.09).",328,False
469,Are opioid dependence and methadone maintenance treatment (MMT) documented in the medical record?,maybe,no,no,yes,1.855,6.263,1.9979,-2.4755999999999996,2.0591999999999997,1.1138,yes,4.2651,The results of this study suggest that the medical record is a useful tool for identifying potential medication-methadone interactions and that the frequency of opioid dependence and MMT,290,False
470,Should chest wall irradiation be included after mastectomy and negative node breast cancer?,maybe,no,no,no,2.8048,6.8861,1.3354,-1.5257999999999994,2.6822999999999997,0.4512999999999999,no,4.0813,"age < or = 40 years, tumour size > 20mm, and no axillary dissection.",156,False
471,Does managed care enable more low income persons to identify a usual source of care?,maybe,no,maybe,maybe,4.6819,6.3687,3.7739,0.35130000000000017,2.1648999999999994,2.8897999999999997,,1.6868,The likelihood of having a usual physician is lower for uninsured persons with a usual physician than for those with a usual physician.,263,False
472,Is the cell death in mesial temporal sclerosis apoptotic?,maybe,no,no,no,4.6607,6.714,2.6842,0.3301000000000007,2.5102,1.8001,no,2.0533,TUNEL staining is not a reliable method for detecting apoptotic cell death in MTS.,275,False
473,Does vaginal intraepithelial neoplasia have the same evolution as cervical intraepithelial neoplasia?,maybe,no,maybe,maybe,3.4567,7.0624,4.7754,-0.8738999999999995,2.8586,3.8913,,2.2871,"""Vaginal intraepithelial neoplasia has the same evolution as cervical intraepithelial neoplasia.""",336,False
474,Does government assistance improve utilization of eye care services by low-income individuals?,maybe,yes,no,no,5.8927,5.8199,1.6807,1.5621,1.6160999999999994,0.7966000000000001,,0.0728,"to the question: Does government-funded, low-income vision care programs improve utilization of eye care services by low-income individuals?",374,False
475,HIF1A as a major vascular endothelial growth factor regulator: do its polymorphisms have an association with age-related macular degeneration?,maybe,no,no,no,7.9201,8.0802,4.6415,3.5895,3.8763999999999994,3.7573999999999996,,0.1601,the association between AMD and polymorphisms of HIF1A is not significant.,430,False
476,Detailed analysis of sputum and systemic inflammation in asthma phenotypes: are paucigranulocytic asthmatics really non-inflammatory?,maybe,no,no,no,0.1335,7.2648,1.6107,-4.1971,3.061,0.7266,,5.6542,paucigranulocytic asthma is a non-inflammatory phenotype.,350,False
477,Do Surrogates of Injury Severity Influence the Occurrence of Heterotopic Ossification in Fractures of the Acetabulum?,maybe,no,no,no,5.8423,6.741,1.6574,1.5117000000000003,2.5371999999999995,0.7733,no,0.8987,"HO prophylaxis with XRT OR = 3.00, 95% CI, 1.01-8.60; no HO prophylaxis OR = 3.00, 95% CI",370,False
478,Does obstructive sleep apnea affect aerobic fitness?,maybe,no,no,no,3.5428,5.576,0.5677,-0.7877999999999994,1.3721999999999994,-0.3164,yes,2.0332,The results of this study suggest that patients with OSA have an increased aerobic fitness when compared to a normal population.,198,False
479,30-Day and 1-year mortality in emergency general surgery laparotomies: an area of concern and need for improvement?,maybe,no,no,no,3.9392,7.39,2.8388,-0.3913999999999995,3.1861999999999995,1.9546999999999999,,3.4508,"30-day mortality was 12, 4 and 2% respectively.",266,False
480,Combining process indicators to evaluate quality of care for surgical patients with colorectal cancer: are scores consistent with short-term outcome?,maybe,no,maybe,maybe,6.0415,8.5253,6.3071,1.7109000000000005,4.3214999999999995,5.423,,2.2183,no.,225,False
481,Are the elderly with oropharyngeal carcinoma undertreated?,maybe,no,maybe,yes,3.4821,5.7952,3.1541,-0.8484999999999996,1.5914000000000001,2.27,yes,2.3131,"The elderly with OPSCC have a significant benefit in DSS with surgery, radiation, or combined therapy.",304,False
482,Do older patients receive adequate stroke care?,maybe,no,no,no,2.3546,5.7612,2.0411,-1.9759999999999995,1.5573999999999995,1.157,,3.4067,The results of this study suggest that older patients are not receiving adequate stroke care.,415,False
483,Continuation of pregnancy after antenatal corticosteroid administration: opportunity for rescue?,maybe,no,no,no,3.6789,6.6327,1.7445,-0.6516999999999995,2.4288999999999996,0.8603999999999999,yes,2.9538,"The likelihood of delivery within 24 hours of AC was higher in women who received AC for preterm premature rupture of membranes (OR 3.41, 95% CI",248,False
484,Should HIV-infected patients be screened for silent myocardial ischaemia using gated myocardial perfusion SPECT?,maybe,no,maybe,maybe,7.2242,9.2706,7.9342,2.8936,5.0668,7.0501,,1.3364,"""No.""",298,False
485,Is a specialised training of phonological awareness indicated in every preschool child?,maybe,no,maybe,maybe,6.404,6.6598,3.5796,2.0734000000000004,2.4559999999999995,2.6955,,0.2558,"""The special training program for phonologic awareness in kindergarten is indicated in every preschool child.""",160,False
486,BCRABL transcript detection by quantitative real-time PCR : are correlated results possible from homebrew assays?,maybe,no,maybe,maybe,6.7043,8.3036,6.5939,2.3737000000000004,4.099799999999999,5.7097999999999995,,1.5993,"""No.""",289,False
487,Does HER2 immunoreactivity provide prognostic information in locally advanced urothelial carcinoma patients receiving adjuvant M-VEC chemotherapy?,maybe,no,no,yes,4.1827,8.0131,4.3848,-0.14789999999999992,3.8092999999999995,3.5007,yes,3.6283,HER2 immunoreactivity was a significant prognostic factor for PFS (p = 0.02) and disease-specific OS (p = 0.02) in patients receiving adjuvant M-,288,False
488,Does the familial transmission of drinking patterns persist into young adulthood?,maybe,no,no,no,1.9292,5.9529,0.8941,-2.4013999999999998,1.7490999999999994,0.010000000000000009,,4.0237,The results suggest that the familial transmission of drinking patterns into young adulthood is not persistent and that the association between parental drinking and offspring drinking is not strong.,275,False
489,Bactericidal activity of 3 cutaneous/mucosal antiseptic solutions in the presence of interfering substances: Improvement of the NF EN 13727 European Standard?,maybe,no,maybe,maybe,-0.1567,4.9261,2.1435,-4.487299999999999,0.7222999999999997,1.2593999999999999,,2.7827,The choice of the appropriate antiseptic solution for the evaluation of antiseptics used in the presence of interfering substances is essential.,297,False
490,Does ultrasound imaging before puncture facilitate internal jugular vein cannulation?,maybe,no,maybe,maybe,3.3842,5.2353,2.5811,-0.9463999999999997,1.0314999999999994,1.697,,1.8511,Ultrasound imaging before puncture facilitates internal jugular vein cannulation.,323,False
491,Can a practicing surgeon detect early lymphedema reliably?,maybe,no,maybe,maybe,5.5784,6.1775,2.9411,1.2478000000000007,1.9737,2.057,,0.5991,The authors conclude that a 10% increase in circumference at any site is a more sensitive and specific criterion for detecting lymphedema than a 5% increase in circumference,208,False
492,Is perforation of the appendix a risk factor for tubal infertility and ectopic pregnancy?,maybe,no,no,no,3.3721,7.3747,1.4337,-0.9584999999999995,3.1708999999999996,0.5496,yes,4.0026,The evidence suggests that appendiceal perforation is a risk factor for tubal infertility and ectopic pregnancy.,273,False
493,Does perspective-taking increase patient satisfaction in medical encounters?,maybe,no,no,no,3.4379,4.7491,1.0686,-0.8926999999999996,0.5453000000000001,0.1845,,1.3112,Perspective-taking improves patient satisfaction in medical encounters.,324,False
494,Sternal fracture in growing children : A rare and often overlooked fracture?,maybe,no,no,no,5.0788,7.3812,2.7822,0.7482000000000006,3.1773999999999996,1.8981,,2.3024,"""No.""",137,False
495,Midwives' competence: is it affected by working in a rural location?,maybe,no,no,no,3.5178,7.28,1.947,-0.8127999999999997,3.0762,1.0629,,3.7622,"Rural midwives were more likely to report competence in the following areas: breech delivery (p = 0.001), intravenous fluid replacement (p = 0.001),",429,False
496,Does the severity of obstructive sleep apnea predict patients requiring high continuous positive airway pressure?,maybe,no,no,no,7.7279,9.2787,4.2727,3.3973000000000004,5.0749,3.3886000000000003,,1.5508,"""yes, no.""",350,False
497,Does self-efficacy mediate the relationship between transformational leadership behaviours and healthcare workers' sleep quality?,maybe,no,no,no,3.5352,6.3631,1.865,-0.7953999999999994,2.1593,0.9809,yes,2.8279,The results suggest that transformational leadership may be a useful tool for improving employees' sleep quality.,252,False
498,Are there mental health differences between francophone and non-francophone populations in manitoba?,maybe,no,no,no,4.5893,7.1467,2.7267,0.25870000000000015,2.9429,1.8426,yes,2.5574,"The survey data showed that Francophones were less likely than non-Francophones to report that their mental health was excellent, very good, or",311,False
499,Outcome Feedback within Emergency Medicine Training Programs: An Opportunity to Apply the Theory of Deliberate Practice?,maybe,no,no,no,4.6299,8.0433,0.1214,0.29930000000000057,3.8395,-0.7627,,3.4134,Resident respondents perceived that outcome feedback was more educational (mean = 4.05) than program directors (mean = 3.05; p = 0.001).,331,False
