idx,question,true_label,predicted_label,correct,score_yes,score_no,score_maybe,confidence_margin,generated_text,prompt_token_len,truncated,uncertain,parsed_from_text,is_parsable,text_label_match,margin_bucket,length_bucket
0,Is anorectal endosonography valuable in dyschesia?,yes,no,False,1.5652,4.9266,2.3918,2.5348,The anal sphincter and the m.,284,False,False,unparsable,False,False,2–5,<= 512 (normal)
1,Is there a connection between sublingual varices and hypertension?,yes,no,False,3.6714,6.065,2.1481,2.3936,The results of this study suggest that sublingual varices are associated with hypertension.,345,False,False,unparsable,False,False,2–5,<= 512 (normal)
2,Is the affinity column-mediated immunoassay method suitable as an alternative to the microparticle enzyme immunoassay method as a blood tacrolimus assay?,yes,no,False,1.0176,4.5347,1.3418,3.1929,The ACMIA method is a useful alternative to the MEIA method for the measurement of tacrolimus concentrations in whole blood.,285,False,False,unparsable,False,False,2–5,<= 512 (normal)
3,Does a physician's specialty influence the recording of medication history in patients' case notes?,yes,no,False,2.1046,6.5117,-0.201,4.4071,The study concludes that the specialty of the physician influences the frequency and depth of documentation of the medication history information in patient medical records.,292,False,False,unparsable,False,False,2–5,<= 512 (normal)
4,Locoregional opening of the rodent blood-brain barrier for paclitaxel using Nd:YAG laser-induced thermo therapy: a new concept of adjuvant glioma therapy?,yes,no,False,2.3614,3.6788,2.326,1.3174,LITT-induced disruption of the BBB allows a locoregional passage of paclitaxel into brain tissue.,202,False,False,unparsable,False,False,1–2,<= 512 (normal)
5,Spinal subdural hematoma: a sequela of a ruptured intracranial aneurysm?,yes,no,False,0.2898,2.5349,-0.4636,2.2451,A 52-year-old woman underwent a craniotomy for a ruptured internal carotid aneurysm.,220,False,False,unparsable,False,False,2–5,<= 512 (normal)
6,Is there a correlation between androgens and sexual desire in women?,yes,no,False,2.0266,6.7664,1.4282,4.7397,The correlation between androgens and sexual desire in women is not strong.,306,False,False,unparsable,False,False,2–5,<= 512 (normal)
7,Is the zeolite hemostatic agent beneficial in reducing blood loss during arterial injury?,yes,no,False,2.2464,3.0795,2.4391,0.6404,The results of this study suggest that the use of QC in the setting of arterial injury may be beneficial in reducing blood loss and improving physiological parameters.,244,False,True,unparsable,False,False,< 1 (uncertain),<= 512 (normal)
8,Are endothelial cell patterns of astrocytomas indicative of grade?,yes,no,False,-0.3183,4.3609,0.892,3.4688,The vascular pattern of astrocytomas is not a reliable indicator of grade.,251,False,False,unparsable,False,False,2–5,<= 512 (normal)
9,Should cavitation in proximal surfaces be reported in cone beam computed tomography examination?,yes,no,False,3.5103,5.2842,-1.7476,1.7739,"CBCT: sensitivity = 97.4% / 94.7% / 94.7%, specificity = 97.4% / 94.7% / 94.7%,",245,False,False,unparsable,False,False,1–2,<= 512 (normal)
10,Ultrasound in squamous cell carcinoma of the penis; a useful addition to clinical staging?,yes,no,False,2.793,7.4699,-0.0158,4.6769,"In the case of a positive ultrasound examination, the tumor was confined to the glans in 10 patients, to the corpus spongiosum in 3 patients",219,False,False,unparsable,False,False,2–5,<= 512 (normal)
11,Can third trimester ultrasound predict the presentation of the first twin at delivery?,yes,no,False,2.9995,4.2997,0.948,1.3002,The positive predictive value of the presentation of twin A as determined by ultrasound for the persistence of cephalic presentation at delivery reached 95% after 28 weeks gestation.,209,False,False,unparsable,False,False,1–2,<= 512 (normal)
12,Is micro-computed tomography reliable to determine the microstructure of the maxillary alveolar bone?,yes,no,False,2.9602,4.5222,2.6445,1.562,Micro-CT is a reliable method to assess the microstructure of the maxillary alveolar bone.,296,False,False,unparsable,False,False,1–2,<= 512 (normal)
13,Is primary angioplasty an acceptable alternative to thrombolysis?,yes,no,False,3.3128,6.1423,1.8239,2.8295,Primary angioplasty is a feasible alternative to thrombolysis for acute myocardial infarction.,278,False,False,unparsable,False,False,2–5,<= 512 (normal)
14,Is endometrial polyp formation associated with increased expression of vascular endothelial growth factor and transforming growth factor-beta1?,yes,no,False,1.756,4.3782,1.8285,2.5497,The expression of VEGF and TGF-β1 in endometrial polyps is significantly higher than the expression in adjacent endometrium.,369,False,False,unparsable,False,False,2–5,<= 512 (normal)
15,Improvements in survival of gynaecological cancer in the Anglia region of England: are these an effect of centralisation of care and use of multidisciplinary management?,yes,no,False,1.9871,5.407,-0.5853,3.4199,"OR = 2.95, 95% CI 2.41-3.83, p < 0.001.",269,False,False,unparsable,False,False,2–5,<= 512 (normal)
16,Estimated fetal weight by ultrasound: a modifiable risk factor for cesarean delivery?,yes,yes,True,5.82,3.7912,1.4996,2.0288,"Women with US-EFW > 3500 g had a significantly higher risk of CD (odds ratio, 1.8; 95% confidence interval, 1.3-",213,False,False,unparsable,False,False,2–5,<= 512 (normal)
17,Are financial incentives cost-effective to support smoking cessation during pregnancy?,yes,no,False,2.715,5.6351,2.3411,2.9201,£400 vouchers for smoking cessation during pregnancy is cost-effective.,378,False,False,unparsable,False,False,2–5,<= 512 (normal)
18,Do adjuvant aromatase inhibitors increase the cardiovascular risk in postmenopausal women with early breast cancer?,yes,no,False,4.4071,5.4797,2.4906,1.0726,"Given the limitations of the available data, the authors conclude that AIs are associated with a higher risk of CVAE than tamoxifen in postmenopausal women with early breast",335,False,False,unparsable,False,False,1–2,<= 512 (normal)
19,Is fear of anaphylactic shock discouraging surgeons from more widely adopting percutaneous and laparoscopic techniques in the treatment of liver hydatid cyst?,yes,no,False,3.2606,5.4559,2.5432,2.1953,The main reason given by the surgeons not adopting minimal access techniques was fear of anaphylaxis and / or dissemination (78%).,170,False,False,unparsable,False,False,2–5,<= 512 (normal)
20,Risk stratification in emergency surgical patients: is the APACHE II score a reliable marker of physiological impairment?,yes,no,False,2.4285,3.9427,1.9398,1.5142,The APACHE II score is a reliable marker of physiological impairment in emergency surgical patients.,312,False,False,unparsable,False,False,1–2,<= 512 (normal)
21,Can Flexible Instruments Create Adequate Femoral Tunnel Lengths at 90° of Knee Flexion in Anterior Cruciate Ligament Reconstruction?,yes,no,False,0.8857,4.5707,4.0673,0.5034,The flexible reamer system can create adequate femoral tunnel lengths at 90 ° of knee flexion.,409,False,True,unparsable,False,False,< 1 (uncertain),<= 512 (normal)
22,Do mitochondria play a role in remodelling lace plant leaves during programmed cell death?,yes,maybe,False,-1.1073,2.8301,2.8916,0.0614,Mitochondrial dynamics play a role in the regulation of PCD in plants.,365,False,True,unparsable,False,False,< 1 (uncertain),<= 512 (normal)
23,"""Occult"" posttraumatic lesions of the knee: can magnetic resonance substitute for diagnostic arthroscopy?",yes,no,False,1.5392,7.1461,1.6772,5.4689,MRI is a useful tool in the detection and characterization of occult post-traumatic osteochondral injuries of the knee.,451,False,False,unparsable,False,False,> 5 (confident),<= 512 (normal)
24,Does Sensation Return to the Nasal Tip After Microfat Grafting?,yes,no,False,4.084,7.1363,0.5488,3.0523,"touch threshold value at week 2 was 76.7%, at week 4 was 53.3%, at week 8 was 53.3%, and at week 12 was",266,False,False,unparsable,False,False,2–5,<= 512 (normal)
25,Do some U.S. states have higher/lower injury mortality rates than others?,yes,no,False,2.5935,5.6237,1.9536,3.0303,The results of this study suggest that the U.S. states with the highest rates of road traffic deaths also have higher / lower rates of other forms of injury.,173,False,False,unparsable,False,False,2–5,<= 512 (normal)
26,Hepatorenal syndrome: are we missing some prognostic factors?,yes,no,False,1.7129,5.2476,1.7008,3.5348,"Serum creatinine (p = 0.02), urinary sodium 6-10 mEq / l (p = 0.04), and age (p = 0.04) were",330,False,False,unparsable,False,False,2–5,<= 512 (normal)
27,"The Main Gate Syndrome: a new format in mass-casualty victim ""surge"" management?",yes,no,False,1.3231,5.7421,0.8127,4.419,The main goal of this study is to describe the experience of the French-German Military Trauma Group in the management of the victims of suicide bombings.,145,False,False,unparsable,False,False,2–5,<= 512 (normal)
28,Is EQ-5D a valid quality of life instrument in patients with acute coronary syndrome?,yes,yes,True,5.4499,5.3212,0.4668,0.1286,The EQ-5D index score was found to be significantly associated with the MacNew subscales of physical functioning (β = -0.518; 95% CI,275,False,True,unparsable,False,False,< 1 (uncertain),<= 512 (normal)
29,Is portable ultrasonography accurate in the evaluation of Schanz pin placement during extremity fracture fixation in austere environments?,yes,no,False,2.5717,5.0907,1.2131,2.5191,The results of this study demonstrate that ultrasonography is a reliable method for confirming Schanz pin placement in a cadaveric model.,272,False,False,unparsable,False,False,2–5,<= 512 (normal)
30,Is grandmultiparity an independent risk factor for adverse perinatal outcomes?,yes,no,False,4.4744,5.4564,1.4323,0.9821,"Grandmultiparous women were at significantly higher risk for abruptio placentae (OR: 1.3; 95% CI: 1.1-1.5), preterm",278,False,True,unparsable,False,False,< 1 (uncertain),<= 512 (normal)
31,Does depression diagnosis and antidepressant prescribing vary by location?,yes,no,False,0.3962,5.1807,2.05,3.1306,The findings suggest that neighbourhood ethnic density may be an important factor in the diagnosis and treatment of depression in the UK.,322,False,False,unparsable,False,False,2–5,<= 512 (normal)
32,Learning needs of postpartum women: does socioeconomic status matter?,yes,no,False,1.5425,4.8698,0.2562,3.3273,"Women of low socioeconomic status were more likely to identify learning needs related to infant care / behavior and breastfeeding, and less likely to identify learning needs related to",331,False,False,unparsable,False,False,2–5,<= 512 (normal)
33,Is there a differential in the dental health of new recruits to the British Armed Forces?,yes,no,False,0.9972,7.5616,-0.0583,6.5644,The null hypothesis was rejected.,274,False,False,unparsable,False,False,> 5 (confident),<= 512 (normal)
34,Do patients with rheumatoid arthritis established on methotrexate and folic acid 5 mg daily need to continue folic acid supplements long term?,yes,no,False,0.443,6.6148,2.8819,3.7329,"In this study, stopping FA supplementation in patients with RA established on methotrexate < 20 mg weekly and FA 5 mg daily was associated with a significant increase in",333,False,False,unparsable,False,False,2–5,<= 512 (normal)
35,Can teaching medical students to investigate medication errors change their attitudes towards patient safety?,yes,no,False,2.5066,5.0866,-2.8695,2.58,Students' attitudes towards patient safety improved significantly after the curriculum.,213,False,False,unparsable,False,False,2–5,<= 512 (normal)
36,Does a delay in transfer to a rehabilitation unit for older people affect outcome after fracture of the proximal femur?,yes,no,False,3.7267,5.4418,3.4925,1.7151,To detemine the relationship between delay in transfer to a rehabilitation ward and outcome for older people with fracture of the proximal femur.,228,False,False,unparsable,False,False,1–2,<= 512 (normal)
37,Are there gender differences in the reasons why African Americans delay in seeking medical help for symptoms of an acute myocardial infarction?,yes,no,False,1.1044,4.7039,1.4708,3.2331,Women delay longer than men in seeking medical care for symptoms of AMI.,257,False,False,unparsable,False,False,2–5,<= 512 (normal)
38,Does ambulatory process of care predict health-related quality of life outcomes for patients with chronic disease?,yes,yes,True,4.905,3.4994,2.472,1.4056,The results of this study suggest that process of care is a valid measure of health-related quality of life outcomes for patients with chronic disease.,265,False,False,unparsable,False,False,1–2,<= 512 (normal)
39,Is the combination with 2-methoxyestradiol able to reduce the dosages of chemotherapeutices in the treatment of human ovarian cancer?,yes,maybe,False,2.7988,3.7079,4.8172,1.1093,The combination of 2ME with epirubicine and carboplatin may be a promising approach to reduce the dosages of chemotherapeuticsagents in the treatment,214,False,False,unparsable,False,False,1–2,<= 512 (normal)
40,Does a dedicated discharge coordinator improve the quality of hospital discharge?,yes,no,False,3.0292,6.2848,2.5237,3.2557,"The discharge coordinator was effective in improving the quality of discharge planning, and the discharge coordinator was associated with a reduction in the number of problems experienced",336,False,False,unparsable,False,False,2–5,<= 512 (normal)
41,Impact of MPH programs: contributing to health system strengthening in low- and middle-income countries?,yes,no,False,-0.1956,3.6558,1.4988,2.157,"The findings of this study suggest that MPH programs can have a significant impact on the workplace and society of graduates, and that the impact of MPH programs is",464,False,False,unparsable,False,False,2–5,<= 512 (normal)
42,Pap smears with glandular cell abnormalities: Are they detected by rapid prescreening?,yes,no,False,2.8538,4.8726,2.3085,2.0188,"RPS is a useful tool for detecting glandular cell abnormalities, but it is not sensitive enough to detect all cases of glandular cell abnormalities.",323,False,False,unparsable,False,False,2–5,<= 512 (normal)
43,Can transcranial direct current stimulation be useful in differentiating unresponsive wakefulness syndrome from minimally conscious state patients?,yes,maybe,False,1.017,3.2941,3.3673,0.0732,"A-tDCS might be useful in differentiating MCS from UWS patients, even when no conscious behavior can be observed.",253,False,True,unparsable,False,False,< 1 (uncertain),<= 512 (normal)
44,Is etoricoxib effective in preventing heterotopic ossification after primary total hip arthroplasty?,yes,no,False,3.8502,6.6877,2.2047,2.8375,Etoricoxib 90 mg for seven days is not effective in preventing heterotopic ossification after total hip arthroplasty.,223,False,False,unparsable,False,False,2–5,<= 512 (normal)
45,Assessing Patient Reported Outcomes Measures via Phone Interviews Versus Patient Self-Survey in the Clinic: Are We Measuring the Same Thing?,yes,no,False,3.8091,6.2026,-0.8945,2.3935,ODI (FTE-dependent: 52.94% vs.,514,False,False,unparsable,False,False,2–5,> 512 (long)
46,Can emergency physicians accurately and reliably assess acute vertigo in the emergency department?,yes,no,False,5.2789,6.6037,2.8893,1.3248,"The STANDING tool is a simple, rapid and reliable tool to diagnose central acute vertigo in the ED.",366,False,False,unparsable,False,False,1–2,<= 512 (normal)
47,Proof of concept study: does fenofibrate have a role in sleep apnoea syndrome?,yes,no,False,4.0594,7.1003,2.3168,3.0409,Fenofibrate has a role in the treatment of sleep apnoea syndrome.,446,False,False,no,True,True,2–5,<= 512 (normal)
48,Does implant coating with antibacterial-loaded hydrogel reduce bacterial colonization and biofilm formation in vitro?,yes,no,False,0.7847,4.4267,2.1003,2.3264,DAC hydrogel is a promising coating material for the prevention of implant-related infections.,267,False,False,unparsable,False,False,2–5,<= 512 (normal)
49,Does bone anchor fixation improve the outcome of percutaneous bladder neck suspension in female stress urinary incontinence?,yes,no,False,1.5621,6.4169,3.3946,3.0223,The bone anchor system is a safe and effective method for percutaneous bladder neck suspension in female stress urinary incontinence.,291,False,False,unparsable,False,False,2–5,<= 512 (normal)
50,Is leptin involved in phagocytic NADPH oxidase overactivity in obesity?,yes,no,False,1.189,2.8088,2.3226,0.4863,Leptin is involved in the development of oxidative stress and vascular remodeling in obesity.,293,False,True,unparsable,False,False,< 1 (uncertain),<= 512 (normal)
51,Can we predict which head and neck cancer survivors develop fears of recurrence?,yes,no,False,2.8684,3.8952,1.7145,1.0267,"The findings suggest that fears of recurrence are not a unitary phenomenon, but are influenced by a range of factors.",305,False,False,unparsable,False,False,1–2,<= 512 (normal)
52,Differentiation of nonalcoholic from alcoholic steatohepatitis: are routine laboratory markers useful?,yes,no,False,2.9772,5.9507,0.7205,2.9735,"AST / ALT ratio > 1 (P = 0.0014), male sex (P = 0.0014), high-grade fibrosis (P = 0.00",304,False,False,unparsable,False,False,2–5,<= 512 (normal)
53,Traumatic aortic injury: does the anatomy of the aortic arch influence aortic trauma severity?,yes,no,False,2.0332,4.3906,3.6521,0.7386,TAI with a high aortic arch angle (> 50 °) is associated with a higher risk of type III aortic injury.,238,False,True,unparsable,False,False,< 1 (uncertain),<= 512 (normal)
54,The Prevalence of Incidentally Detected Idiopathic Misty Mesentery on Multidetector Computed Tomography: Can Obesity Be the Triggering Cause?,yes,no,False,0.2105,4.8187,3.8563,0.9624,"Misty mesentery appearance is a rare finding on CT scan, but it can be seen in obese patients.",284,False,True,unparsable,False,False,< 1 (uncertain),<= 512 (normal)
55,Fast foods - are they a risk factor for asthma?,yes,no,False,3.375,8.1665,2.3369,4.7915,hamburger consumption was not related to any of the outcomes.,368,False,False,unparsable,False,False,2–5,<= 512 (normal)
56,Assessment of appropriate antimicrobial prescribing: do experts agree?,yes,no,False,3.1268,5.8986,1.1789,2.7717,The results of this study suggest that infectious disease specialists' assessments of the appropriateness of antimicrobial prescribing are valid and reliable.,261,False,False,unparsable,False,False,2–5,<= 512 (normal)
57,Pulmonary valve replacement in adults late after repair of tetralogy of fallot: are we operating too late?,yes,no,False,1.7995,6.4016,2.0228,4.3788,"In conclusion, PVR in adult patients late after repair of TOF does not lead to a significant increase in RV volume and function.",321,False,False,unparsable,False,False,2–5,<= 512 (normal)
58,Is amoxapine an atypical antipsychotic?,yes,no,False,3.3383,5.1604,1.1959,1.822,amoxapine is an atypical antipsychotic with a high 5-HT2 and D2 occupancy.,200,False,False,unparsable,False,False,1–2,<= 512 (normal)
59,Do older patients who refuse to participate in a self-management intervention in the Netherlands differ from older patients who agree to participate?,yes,no,False,3.6703,5.9204,2.2958,2.2501,"The main reasons given by refusers were lack of time, travel distance, and transport problems.",283,False,False,unparsable,False,False,2–5,<= 512 (normal)
60,Is horizontal semicircular canal ocular reflex influenced by otolith organs input?,yes,no,False,3.6296,4.7343,3.1949,1.1047,The results suggest that the horizontal canal ocular reflex is influenced by otolith organs input.,181,False,False,unparsable,False,False,1–2,<= 512 (normal)
61,Preoperative tracheobronchoscopy in newborns with esophageal atresia: does it matter?,yes,no,False,3.8699,6.4976,2.2583,2.6276,"In conclusion, preoperative TBS is a useful tool in the management of newborns with EA.",325,False,False,unparsable,False,False,2–5,<= 512 (normal)
62,Is it appropriate to implant kidneys from elderly donors in young recipients?,yes,no,False,2.1265,5.7801,3.9771,1.803,The results of this study show that kidneys from elderly donors can be implanted in young recipients with good results.,346,False,False,unparsable,False,False,1–2,<= 512 (normal)
63,Is muscle power related to running speed with changes of direction?,yes,no,False,2.0925,5.6069,2.5132,3.0937,The results of this study suggest that the relationship between leg muscle power and sprinting speed with changes of direction is not strong enough to be used as a,243,False,False,unparsable,False,False,2–5,<= 512 (normal)
64,Stretch-sensitive KCNQ1 mutation A link between genetic and environmental factors in the pathogenesis of atrial fibrillation?,yes,no,False,0.943,1.8772,1.3514,0.5259,This study provides evidence that mutations in KCNQ1 may be a genetic cause of AF and that atrial stretch may be a trigger for AF in some patients.,277,False,True,unparsable,False,False,< 1 (uncertain),<= 512 (normal)
65,Are pelvic anatomical structures in danger during arthroscopic acetabular labral repair?,yes,no,False,0.9536,6.5918,1.4674,5.1244,The risk of perforation to the pelvic cavity was significantly higher in the superior zone than in the anterior zone (p = 0.001).,262,False,False,unparsable,False,False,> 5 (confident),<= 512 (normal)
66,Is intraoperative neuromonitoring associated with better functional outcome in patients undergoing open TME?,yes,no,False,4.4764,5.8636,2.6981,1.3872,IONM of innervation to the bladder and the internal anal sphincter during TME for rectal cancer is associated with better urogenital and anorectal functional outcome.,264,False,False,unparsable,False,False,1–2,<= 512 (normal)
67,Profiling quality of care: Is there a role for peer review?,yes,no,False,5.3069,5.6677,0.921,0.3608,"The reliability of the physician reviewers was high for diabetes (intra-class correlation = 0.83) and hypertension (intra-class correlation = 0.83), but",357,False,True,unparsable,False,False,< 1 (uncertain),<= 512 (normal)
68,Multidisciplinary decisions in breast cancer: does the patient receive what the team has recommended?,yes,no,False,1.024,5.586,1.2395,4.3466,The MDT was considered 'justifiable' in 91.5% (2956 out of 3230) of cases.,241,False,False,unparsable,False,False,2–5,<= 512 (normal)
69,Are performance measurement systems useful?,yes,no,False,4.8592,5.1592,2.8673,0.3,"""The strategic use of PMS is associated with a higher level of perceived managerial discretion.""",211,False,True,unparsable,False,False,< 1 (uncertain),<= 512 (normal)
70,The colour of pain: can patients use colour to describe osteoarthritis pain?,yes,no,False,1.3802,4.134,3.1596,0.9745,"The findings of the present study suggest that colour may be a useful tool for communicating OA pain to patients, but that further research is required to determine whether",307,False,True,unparsable,False,False,< 1 (uncertain),<= 512 (normal)
71,Do mossy fibers release GABA?,yes,no,False,0.6097,1.8295,0.8599,0.9696,"We propose that mossy fibers release GABA in response to epileptic activity, and that this release is modulated by excitatory inputs.",263,False,True,unparsable,False,False,< 1 (uncertain),<= 512 (normal)
72,Is severe macrosomia manifested at 11-14 weeks of gestation?,yes,no,False,3.0188,4.3615,1.9613,1.3427,The results of this study suggest that fetal biometry in the first or early second trimester may be a useful tool for predicting severe macrosomia at delivery.,280,False,False,unparsable,False,False,1–2,<= 512 (normal)
73,Visceral adipose tissue area measurement at a single level: can it represent visceral adipose tissue volume?,yes,no,False,0.4308,2.8222,2.464,0.3582,The slice 3 cm above the lower margin of L3 is the best location for measuring VAT area.,204,False,True,unparsable,False,False,< 1 (uncertain),<= 512 (normal)
74,Is an advance care planning model feasible in community palliative care?,yes,no,False,1.0672,3.7279,2.0209,1.7069,The Model is feasible in community palliative care and is a useful tool for health service managers to implement advance care planning.,254,False,False,unparsable,False,False,1–2,<= 512 (normal)
75,Do cytokines have any role in epilepsy?,yes,no,False,1.4075,7.8327,1.8127,6.02,The results of this study suggest that cytokines may play a role in the pathogenesis of epilepsy.,460,False,False,unparsable,False,False,> 5 (confident),<= 512 (normal)
76,Is expert breast pathology assessment necessary for the management of ductal carcinoma in situ ?,yes,no,False,3.2196,6.5809,1.5676,3.3614,The VNPI was changed in only one case (0.3%).,261,False,False,unparsable,False,False,2–5,<= 512 (normal)
77,Treadmill testing of children who have spina bifida and are ambulatory: does peak oxygen uptake reflect maximum oxygen uptake?,yes,no,False,1.0478,4.6996,2.9332,1.7664,The treadmill test is a valid method for measuring (.) Vo (2) peak in children who have spina bifida and are ambulatory.,387,False,False,unparsable,False,False,1–2,<= 512 (normal)
78,Subclavian steal syndrome: can the blood pressure difference between arms predict the severity of steal?,yes,no,False,2.4844,4.298,2.371,1.8136,The presence of a completely reversed or alternating flow in the vertebral artery waveform is a strong predictor of SSS.,344,False,False,unparsable,False,False,1–2,<= 512 (normal)
79,Is size-reducing ascending aortoplasty with external reinforcement an option in modern aortic surgery?,yes,no,False,2.5025,6.4679,2.6237,3.8442,Reduction aortoplasty with external reinforcement is a safe and effective procedure in the treatment of ascending aortic aneurysm and ectasia.,305,False,False,unparsable,False,False,2–5,<= 512 (normal)
80,Is digoxin use for cardiovascular disease associated with risk of prostate cancer?,yes,no,False,4.6941,4.8973,1.6114,0.2032,"In conclusion, digoxin use was associated with a reduced risk of PCa in this population-based case-control study.",279,False,True,unparsable,False,False,< 1 (uncertain),<= 512 (normal)
81,Screening for gestational diabetes mellitus: are the criteria proposed by the international association of the Diabetes and Pregnancy Study Groups cost-effective?,yes,no,False,2.0818,5.7698,-0.8383,3.688,The IADPSG criteria for GDM are cost-effective only when postdelivery care is not achieved.,334,False,False,unparsable,False,False,2–5,<= 512 (normal)
82,Does a 4 diagram manual enable laypersons to operate the Laryngeal Mask Supreme®?,yes,no,False,2.2048,5.9101,1.195,3.7053,"""If the LMAS is inserted in the right direction, the device is inserted in the right direction.""",368,False,False,unparsable,False,False,2–5,<= 512 (normal)
83,Is laparoscopic reoperation for failed antireflux surgery feasible?,yes,no,False,1.8701,6.1671,0.2822,4.297,The mean + / - SEM satisfaction score was 8.2 + / -1.9. Laparoscopic reoperation for failed antireflux surgery is feasible and safe.,511,False,False,unparsable,False,False,2–5,<= 512 (normal)
84,The Omega-3 Index: a new risk factor for death from coronary heart disease?,yes,no,False,2.1219,4.7723,2.5174,2.2549,"The Omega-3 Index was a strong predictor of CHD mortality in all studies, with a relative risk of approximately 2.",246,False,False,unparsable,False,False,2–5,<= 512 (normal)
85,Do cytokine concentrations in pancreatic juice predict the presence of pancreatic diseases?,yes,no,False,2.6097,4.6071,1.3737,1.9973,"Interleukin-8 > or = 10 pg / mL (sensitivity: 88.2%, specificity: 78.6%).",291,False,False,unparsable,False,False,1–2,<= 512 (normal)
86,Factors determining the survival of nasopharyngeal carcinoma with lung metastasis alone: does combined modality treatment benefit?,yes,no,False,2.0912,3.7732,1.4679,1.6821,"Combined modality treatment might benefit the patients with NPC with lung metastasis (es) alone, especially those with DFI > 1 year.",306,False,False,unparsable,False,False,1–2,<= 512 (normal)
87,Is minimally invasive mitral valve repair with artificial chords reproducible and applicable in routine surgery?,yes,no,False,0.3246,5.0324,1.451,3.5814,"This study demonstrates that neochord implantation is a reproducible and effective technique for minimally invasive mitral valve repair, and that it is a safe and effective alternative",309,False,False,unparsable,False,False,2–5,<= 512 (normal)
88,Does receipt of hospice care in nursing homes improve the management of pain at the end of life?,yes,no,False,1.7222,4.4489,0.1727,2.7267,The findings suggest that the use of analgesics not recommended by AMDA for managing daily pain in nursing home residents is common and that the use of analgesics not,457,False,False,unparsable,False,False,2–5,<= 512 (normal)
89,Is intensive chemotherapy safe for rural cancer patients?,yes,no,False,1.3242,7.2619,0.9171,5.9377,The safety profile of intensive chemotherapy regimens for rural patients is comparable to urban patients.,302,False,False,unparsable,False,False,> 5 (confident),<= 512 (normal)
90,Is the urinary biomarkers assessment a non-invasive approach to tubular lesions of the solitary kidney?,yes,no,False,0.707,5.4585,2.2136,3.2449,"NAG (p = 0.001), alpha 1-microglobulin (p = 0.001), albuminuria (p = 0.001).",356,False,False,unparsable,False,False,2–5,<= 512 (normal)
91,Does open access endoscopy close the door to an adequately informed patient?,yes,no,False,1.661,5.0459,2.4693,2.5766,Open access endoscopy closes the door to an adequately informed patient.,299,False,False,unparsable,False,False,2–5,<= 512 (normal)
92,Do viral infections have a role in benign paroxysmal positional vertigo?,yes,no,False,2.7711,5.333,2.287,2.5619,The results of this study suggest that viral infections may play a role in the pathogenesis of BPPV.,215,False,False,unparsable,False,False,2–5,<= 512 (normal)
93,Does reducing spasticity translate into functional benefit?,yes,yes,True,5.2507,4.7265,3.8872,0.5243,"The relationship between spasticity and arm function is complex and may be influenced by the type of spasticity measured, the type of arm assessed, the dose of botulinum",324,False,True,unparsable,False,False,< 1 (uncertain),<= 512 (normal)
94,Is the Retromandibular Transparotid Approach a Reliable Option for the Surgical Treatment of Condylar Fractures?,yes,no,False,-0.0929,7.0043,0.2626,6.7418,The retromandibular transparotid approach is a reliable option for the surgical treatment of condylar fractures.,235,False,False,unparsable,False,False,> 5 (confident),<= 512 (normal)
95,Do ventricular arrhythmias in athletes subside over time?,yes,no,False,0.6953,5.7844,0.5079,5.089,"In conclusion, athletes with ventricular arrhythmias during an exercise test have a lower peak heart rate during their initial exercise test and a lower number of ventricular arrhythmias in",301,False,False,unparsable,False,False,> 5 (confident),<= 512 (normal)
96,Are complex coronary lesions more frequent in patients with diabetes mellitus?,yes,no,False,2.5948,4.346,1.1306,1.7512,"The prevalence of complex coronary lesions, such as bifurcation and ostial lesions, is significantly greater in diabetics than in nondiabetics.",334,False,False,unparsable,False,False,1–2,<= 512 (normal)
97,Can dogs prime autistic children for therapy?,yes,no,False,3.4562,4.5308,-0.4501,1.0746,The dog's presence in the treatment environment was associated with a higher frequency of positive behaviors and a lower frequency of negative behaviors.,275,False,False,unparsable,False,False,1–2,<= 512 (normal)
98,Quality of life in lung cancer patients: does socioeconomic status matter?,yes,no,False,2.9188,6.8429,1.707,3.9241,The results of this study suggest that socioeconomic status does not appear to be a significant factor in the quality of life of lung cancer patients.,303,False,False,unparsable,False,False,2–5,<= 512 (normal)
99,Is there a model to teach and practice retroperitoneoscopic nephrectomy?,yes,no,False,3.2495,5.2073,1.3035,1.9578,The learning curve for RPN in a porcine model is eight cases.,260,False,False,unparsable,False,False,1–2,<= 512 (normal)
100,Is the type of remission after a major depressive episode an important risk factor to relapses in a 4-year follow up?,yes,no,False,3.5999,6.1938,3.837,2.3567,The results of this study suggest that the type of remission after a major depressive episode is an important risk factor to relapses in a 4-year follow-,232,False,False,unparsable,False,False,2–5,<= 512 (normal)
101,Implementation of epidural analgesia for labor: is the standard of effective analgesia reachable in all women?,yes,no,False,2.5244,6.868,0.8544,4.3436,93.5% / 6.5% / 3.5% / 0% / 0%.,304,False,False,unparsable,False,False,2–5,<= 512 (normal)
102,Longer term quality of life and outcome in stroke patients: is the Barthel index alone an adequate measure of outcome?,yes,no,False,3.7897,6.8142,1.4452,3.0245,The Barthel index is a poor measure of outcome in stroke patients.,366,False,False,unparsable,False,False,2–5,<= 512 (normal)
103,Does a special interest in laparoscopy affect the treatment of acute cholecystitis?,yes,no,False,3.6655,4.7539,2.1506,1.0884,The results of this study suggest that the treatment of patients with AC is improved under the care of laparoscopic specialists.,323,False,False,unparsable,False,False,1–2,<= 512 (normal)
104,Do older adults with cancer fall more often?,yes,no,False,4.4463,4.7266,2.6204,0.2803,Older adults with cancer are more likely to fall than those without cancer.,266,False,True,unparsable,False,False,< 1 (uncertain),<= 512 (normal)
105,Two-year follow-up survey of patients with allergic contact dermatitis from an occupational cohort: is the prognosis dependent on the omnipresence of the allergen?,yes,no,False,0.8895,5.1257,-1.7617,4.2362,The prognosis for occupational allergic contact dermatitis is poor.,276,False,False,no,True,True,2–5,<= 512 (normal)
106,Is there a favorable subset of patients with prostate cancer who develop oligometastases?,yes,no,False,2.1235,5.9755,3.3529,2.6226,"< AbstractText Label = ""Answer"" NlmCategory = ""UNASSIGNED"" / >",429,False,False,unparsable,False,False,2–5,<= 512 (normal)
107,Does radiotherapy around the time of pregnancy for Hodgkin's disease modify the risk of breast cancer?,yes,no,False,1.6925,3.9718,0.1524,2.2793,Pregnancy around the time of RT for Hodgkin's disease increases the risk of breast cancer.,355,False,False,unparsable,False,False,2–5,<= 512 (normal)
108,Does left atrial appendage (LAA) occlusion device alter the echocardiography and electrocardiogram parameters in patients with atrial fibrillation?,yes,no,False,-0.4612,5.213,2.1611,3.0518,The mean-mean QT interval was significantly increased at 6months after implantation (P < 0.05).,264,False,False,unparsable,False,False,2–5,<= 512 (normal)
109,Is non-invasive diagnosis of esophageal varices in patients with compensated hepatic cirrhosis possible by duplex Doppler ultrasonography?,yes,no,False,1.4872,5.9273,2.1392,3.7881,"< AbstractText Label = ""Answer"" NlmCategory = ""UNASSIGNED"" / >",423,False,False,unparsable,False,False,2–5,<= 512 (normal)
110,Do inhaled steroids differ from cromones in terms of hospital admission rates for asthma in children?,yes,no,False,1.9404,5.7722,1.4175,3.8317,The results of this study suggest that inhaled steroids are more effective than cromones in reducing hospital admissions for asthma in children.,295,False,False,unparsable,False,False,2–5,<= 512 (normal)
111,Does airway surgery lower serum lipid levels in obstructive sleep apnea patients?,yes,no,False,1.4295,4.3072,0.3964,2.8778,UPPP surgery improves serum lipid profiles in OSA patients with normal serum lipids.,360,False,False,unparsable,False,False,2–5,<= 512 (normal)
112,Israeli hospital preparedness for terrorism-related multiple casualty incidents: can the surge capacity and injury severity distribution be better predicted?,yes,no,False,1.6059,5.8974,0.8037,4.2914,The mean number of arriving casualties was significantly higher in HMCIs with a higher ISS (p < 0.001).,331,False,False,unparsable,False,False,2–5,<= 512 (normal)
113,Do instrumental activities of daily living predict dementia at 1- and 2-year follow-up?,yes,yes,True,6.1931,4.8404,1.0035,1.3527,"IADL disability predicted dementia at 1-year follow-up (OR = 2.39, 95% CI = 1.49-3.91) and 2-",322,False,False,unparsable,False,False,1–2,<= 512 (normal)
114,Is pelvic pain associated with defecatory symptoms in women with pelvic organ prolapse?,yes,no,False,6.3559,7.042,1.2902,0.6862,"""Pain"" (n = 124) vs.",200,False,True,unparsable,False,False,< 1 (uncertain),<= 512 (normal)
115,Does the SCL 90-R obsessive-compulsive dimension identify cognitive impairments?,yes,no,False,3.3658,4.1322,1.7589,0.7665,The SCL 90-R Obsessive-Compulsive subscale is a useful screening tool for cognitive impairments in patients with brain tumors.,248,False,True,unparsable,False,False,< 1 (uncertain),<= 512 (normal)
116,Is non-HDL-cholesterol a better predictor of long-term outcome in patients after acute myocardial infarction compared to LDL-cholesterol?,yes,no,False,1.3708,4.9489,1.4558,3.4931,Non-HDL-C < 100 mg / dl was a better predictor of long-term MACE than LDL-C < 70 mg / dl in Thai,407,False,False,no,True,True,2–5,<= 512 (normal)
117,Body diffusion-weighted MR imaging of uterine endometrial cancer: is it helpful in the detection of cancer in nonenhanced MR imaging?,yes,no,False,1.7391,3.8249,-0.4195,2.0858,DW images in addition to T2-weighted images are useful in the detection of endometrial cancer in nonenhanced MR imaging.,335,False,False,unparsable,False,False,2–5,<= 512 (normal)
118,Does pediatric housestaff experience influence tests ordered for infants in the neonatal intensive care unit?,yes,no,False,1.985,6.1833,2.7356,3.4476,The results of this study suggest that pediatric housestaff experience influences the ordering of arterial blood gases per infant in the neonatal ICU.,362,False,False,unparsable,False,False,2–5,<= 512 (normal)
119,Biomolecular identification of allergenic pollen: a new perspective for aerobiological monitoring?,yes,no,False,-0.5832,5.5064,0.9116,4.5949,The results of this study suggest that the proposed approach is a promising tool for the detection and quantification of airborne allergenic pollen.,271,False,False,unparsable,False,False,2–5,<= 512 (normal)
120,Is the 7th TNM edition suitable for biological predictor in early gastric cancer?,yes,no,False,0.959,3.4818,2.9314,0.5504,The 7th TNM staging is not suitable for prediction of clinical behavior of EGC.,235,False,True,unparsable,False,False,< 1 (uncertain),<= 512 (normal)
121,Are lower fasting plasma glucose levels at diagnosis of type 2 diabetes associated with improved outcomes?,yes,no,False,3.4753,6.1186,1.4996,2.6433,"In this U.K. population, FPG at diagnosis of type 2 diabetes is not associated with a reduction in the risk of clinical or surrogate outcomes.",292,False,False,unparsable,False,False,2–5,<= 512 (normal)
122,Remote ischemic postconditioning: does it protect against ischemic damage in percutaneous coronary revascularization?,yes,no,False,2.4926,7.7188,-0.6636,5.2262,"Remote postischemic conditioning did not reduce the maximum increase in troponin in the first 24 h (mean difference: -0.01 ng / ml, 95% CI:",230,False,False,unparsable,False,False,> 5 (confident),<= 512 (normal)
123,Does multi-modal cervical physical therapy improve tinnitus in patients with cervicogenic somatic tinnitus?,yes,no,False,5.034,5.8668,1.6819,0.8328,The results of this study suggest that a multimodal cervical physical therapy treatment may be effective in reducing tinnitus complaints in patients with CST.,346,False,True,unparsable,False,False,< 1 (uncertain),<= 512 (normal)
124,Processing fluency effects: can the content and presentation of participant information sheets influence recruitment and participation for an antenatal intervention?,yes,no,False,2.7473,5.1427,-1.1339,2.3953,The Double Awkward condition was rated as significantly more complex than the Double Fluent (p = .021) and Awkward Tit,246,False,False,unparsable,False,False,2–5,<= 512 (normal)
125,Fulfilling human resources development goal in West Africa: can the training of ophthalmologist diplomates be improved?,yes,no,False,4.551,6.0198,2.7337,1.4688,"The trainees' suggestions for improvement included improving sponsorship, accommodation facility, and training allowance.",416,False,False,unparsable,False,False,1–2,<= 512 (normal)
126,Predicting admission at triage: are nurses better than a simple objective score?,yes,no,False,4.3077,5.9804,0.1299,1.6727,"GAPS 'accuracy' was 82.5%, 'over-ruled' was 82.5%, and 'under-ruled' was 77.5%",353,False,False,unparsable,False,False,1–2,<= 512 (normal)
127,Are adult body circumferences associated with height?,yes,no,False,0.6578,4.6161,0.7724,3.8437,"WC / height scaled positively to height in men and women, and HC / height scaled positively to height in men and women.",363,False,False,unparsable,False,False,2–5,<= 512 (normal)
128,Can progression of valvar aortic stenosis be predicted accurately?,yes,no,False,4.5366,6.2007,2.555,1.6641,"If AVA is below 0.75 cm (2) with VC = 0, or AVA of 0.8 with VC of I, or AVA of 0.9",282,False,False,unparsable,False,False,1–2,<= 512 (normal)
129,Does the National Institutes of Health Stroke Scale favor left hemisphere strokes?,yes,yes,True,4.515,4.1664,1.4992,0.3486,The NIHSS is a valid scale for measuring neurological deficit in patients with stroke.,395,False,True,unparsable,False,False,< 1 (uncertain),<= 512 (normal)
130,MiraLAX vs. Golytely: is there a significant difference in the adenoma detection rate?,yes,no,False,-0.2601,5.3468,-0.1097,5.4565,"In this post hoc analysis, Golytely was associated with a higher ADR than MiraLAX.",352,False,False,unparsable,False,False,> 5 (confident),<= 512 (normal)
131,Can gingival crevicular blood be relied upon for assessment of blood glucose level?,yes,no,False,2.4997,3.906,2.0779,1.4062,The results of the present study suggest that gingival crevicular blood can be used as a reliable alternative to finger-prick blood for the assessment of blood,263,False,False,unparsable,False,False,1–2,<= 512 (normal)
132,Is zero central line-associated bloodstream infection rate sustainable?,yes,no,False,2.5841,4.9496,0.5765,2.3655,"< AbstractText Label = ""Answer"" NlmCategory = ""UNASSIGNED"" / >",288,False,False,unparsable,False,False,2–5,<= 512 (normal)
133,Does treatment duration affect outcome after radiotherapy for prostate cancer?,yes,no,False,4.3637,4.8331,1.6743,0.4695,The NTDR is a significant predictor of outcome after RT for prostate cancer.,356,False,True,unparsable,False,False,< 1 (uncertain),<= 512 (normal)
134,Patient-Controlled Therapy of Breathlessness in Palliative Care: A New Therapeutic Concept for Opioid Administration?,yes,no,False,3.045,6.9252,-0.1587,3.8802,"""I am very satisfied"" (n = 12), ""I am very satisfied"" (n = 2), ""I am not satisfied""",401,False,False,unparsable,False,False,2–5,<= 512 (normal)
135,Is pain a clinically relevant problem in general adult psychiatry?,yes,no,False,3.4506,5.2917,2.3302,1.8411,The prevalence of pain in psychiatric patients is high and is related to specific psychiatric diagnosis.,246,False,False,unparsable,False,False,1–2,<= 512 (normal)
136,Should displaced midshaft clavicular fractures be treated surgically?,yes,yes,True,6.1615,5.6569,2.3094,0.5046,The results of this study suggest that operative treatment is superior to nonoperative treatment for DMCF.,304,False,True,unparsable,False,False,< 1 (uncertain),<= 512 (normal)
137,Telemedicine and type 1 diabetes: is technology per se sufficient to improve glycaemic control?,yes,no,False,4.2097,5.714,0.1205,1.5043,"""High users"" (n = 26): ""High users"" (n = 26): ""Low users"" (n = 30):",326,False,False,unparsable,False,False,1–2,<= 512 (normal)
138,Do European people with type 1 diabetes consume a high atherogenic diet?,yes,no,False,0.9207,5.9127,1.4548,4.4579,"The proportion of individuals with type 1 diabetes who met the European recommendations for protein, fat, carbohydrate and cholesterol intakes increased over time.",346,False,False,unparsable,False,False,2–5,<= 512 (normal)
139,Preoperative platelet count in esophageal squamous cell carcinoma: is it a prognostic factor?,yes,no,False,2.4348,3.9733,1.1947,1.5385,Preoperative platelet count ≤ 205 was an independent prognostic factor for ESCC.,309,False,False,unparsable,False,False,1–2,<= 512 (normal)
140,Should serum pancreatic lipase replace serum amylase as a biomarker of acute pancreatitis?,yes,no,False,4.3188,6.0552,2.5011,1.7363,Serum pancreatic lipase is a more sensitive and specific biomarker of acute pancreatitis than serum amylase.,382,False,False,unparsable,False,False,1–2,<= 512 (normal)
141,Do Electrochemiluminescence Assays Improve Prediction of Time to Type 1 Diabetes in Autoantibody-Positive TrialNet Subjects?,yes,yes,True,3.603,3.5173,0.7305,0.0857,"In this study, ECL assays were associated with a higher risk of progression to diabetes in autoantibody-positive TrialNet subjects.",357,False,True,unparsable,False,False,< 1 (uncertain),<= 512 (normal)
142,Does SYNTAX score predict in-hospital outcomes in patients with ST elevation myocardial infarction undergoing primary percutaneous coronary intervention?,yes,no,False,4.9159,6.1623,1.6889,1.2464,SxS > 22.,356,False,False,unparsable,False,False,1–2,<= 512 (normal)
143,Are behavioural risk factors to be blamed for the conversion from optimal blood pressure to hypertensive status in Black South Africans?,yes,no,False,3.0543,5.5371,0.566,2.4828,"The findings suggest that the conversion from optimal BP to hypertensive status in African individuals is associated with a number of behavioural risk factors, and that the risk factors",367,False,False,unparsable,False,False,2–5,<= 512 (normal)
144,Does the type of tibial component affect mechanical alignment in unicompartmental knee replacement?,yes,no,False,1.8038,4.3526,3.3529,0.9997,The type of tibial component used in UKR has a significant effect on postoperative alignment.,269,False,True,unparsable,False,False,< 1 (uncertain),<= 512 (normal)
145,Upstream solutions: does the supplemental security income program reduce disability in the elderly?,yes,no,False,3.5625,5.6603,1.2926,2.0977,The SSI program has a strong and consistent effect on disability among the elderly.,320,False,False,unparsable,False,False,2–5,<= 512 (normal)
146,Can serum be used for analyzing the EGFR mutation status in patients with advanced non-small cell lung cancer?,yes,no,False,2.6488,3.9185,1.8755,1.2697,Serum can be used for analyzing the EGFR mutation status in patients with advanced NSCLC.,302,False,False,unparsable,False,False,1–2,<= 512 (normal)
147,Are failures of anterior cruciate ligament reconstruction associated with steep posterior tibial slopes?,yes,yes,True,4.7149,4.5262,3.6688,0.1887,The results of this study suggest that the failure of ACLR is associated with a steep medial and lateral PTS.,388,False,True,unparsable,False,False,< 1 (uncertain),<= 512 (normal)
148,Do teleoncology models of care enable safe delivery of chemotherapy in rural towns?,yes,no,False,1.5264,6.5571,1.9221,4.6349,"The TCC patients received a mean of 4.25 cycles of chemotherapy (range 1-12), compared with 3.95 cycles (range 1-12)",282,False,False,unparsable,False,False,2–5,<= 512 (normal)
149,Is solitary kidney really more resistant to ischemia?,yes,no,False,1.2231,3.9153,3.0057,0.9096,The solitary kidney is more resistant to warm ischemia compared to paired kidneys.,268,False,True,unparsable,False,False,< 1 (uncertain),<= 512 (normal)
150,Is it safe to perform rectal anastomosis in gynaecological debulking surgery without a diverting stoma?,yes,no,False,2.281,8.7467,1.196,6.4658,anastomotic leakage occurred in three (8%) patients.,180,False,False,unparsable,False,False,> 5 (confident),<= 512 (normal)
151,Has the mammography quality standards act affected the mammography quality in North Carolina?,yes,no,False,2.1289,5.0828,1.3817,2.9539,The percentage of facilities meeting quality standards increased from the first inspection to the second inspection.,211,False,False,unparsable,False,False,2–5,<= 512 (normal)
152,Is breast cancer prognosis inherited?,yes,yes,True,4.428,3.2731,1.8578,1.1549,Genetic factors may influence the prognosis of breast cancer.,320,False,False,unparsable,False,False,1–2,<= 512 (normal)
153,c-Kit-dependent growth of uveal melanoma cells: a potential therapeutic target?,yes,yes,True,3.9082,2.9359,2.3122,0.9723,c-kit is a potential therapeutic target in uveal melanoma.,303,False,True,unparsable,False,False,< 1 (uncertain),<= 512 (normal)
154,Pituitary apoplexy: do histological features influence the clinical presentation and outcome?,yes,no,False,1.185,7.347,-0.1081,6.162,"The mean age of the patients was 51.4 years (range, 20-79 years).",169,False,False,unparsable,False,False,> 5 (confident),<= 512 (normal)
155,Orthostatic myoclonus: an underrecognized cause of unsteadiness?,yes,no,False,0.3801,3.6778,1.438,2.2397,We conclude that OM is a common disorder in patients with unexplained unsteadiness / gait impairment and should be considered in the differential diagnosis of unexplained un,314,False,False,unparsable,False,False,2–5,<= 512 (normal)
156,Is low serum chloride level a risk factor for cardiovascular mortality?,yes,yes,True,4.4669,4.4233,2.7251,0.0437,Low serum chloride level is a risk factor for cardiovascular mortality.,341,False,True,unparsable,False,False,< 1 (uncertain),<= 512 (normal)
157,Does ethnicity affect where people with cancer die?,yes,no,False,0.4837,6.087,1.0959,4.9911,The findings suggest that the PoD of BAME groups is not improving over time.,464,False,False,unparsable,False,False,2–5,<= 512 (normal)
158,Transesophageal echocardiographic assessment of left ventricular function in brain-dead patients: are marginally acceptable hearts suitable for transplantation?,yes,no,False,2.477,6.2997,2.6234,3.6763,The FAC is a useful tool to assess left ventricular function in brain-dead donors and may be used to select suitable hearts for transplantation.,364,False,False,unparsable,False,False,2–5,<= 512 (normal)
159,Can the postoperative pain level be predicted preoperatively?,yes,no,False,4.6653,5.3649,4.4007,0.6996,"< AbstractText Label = ""Answer / no / mayor"" NlmCategory = ""UNASSIGNED"" / >",203,False,True,unparsable,False,False,< 1 (uncertain),<= 512 (normal)
160,Does age moderate the effect of personality disorder on coping style in psychiatric inpatients?,yes,no,False,1.9764,5.3951,2.5989,2.7962,The results of this study suggest that age moderates the relationship between personality disorder and coping strategies in psychiatric inpatients.,254,False,False,unparsable,False,False,2–5,<= 512 (normal)
161,Is neck pain associated with worse health-related quality of life 6 months later?,yes,no,False,3.6537,5.4799,2.2001,1.8262,Neck pain is associated with worse physical HRQoL 6 months later.,473,False,False,unparsable,False,False,1–2,<= 512 (normal)
162,Dose end-tidal carbon dioxide measurement correlate with arterial carbon dioxide in extremely low birth weight infants in the first week of life?,yes,no,False,5.3958,5.9552,2.4575,0.5594,EtCO (2) > or = 30 mmHg (sensitivity / specificity / positive predictive value / negative predictive value): 94.4 / 96.6 /,329,False,True,unparsable,False,False,< 1 (uncertain),<= 512 (normal)
163,Does Residency Selection Criteria Predict Performance in Orthopaedic Surgery Residency?,yes,yes,True,5.1712,4.9503,1.9089,0.2209,The number of clinical honors received in medical school was associated with higher global evaluation scores (p = 0.001).,482,False,True,unparsable,False,False,< 1 (uncertain),<= 512 (normal)
164,Is CA72-4 a useful biomarker in differential diagnosis between ovarian endometrioma and epithelial ovarian cancer?,yes,no,False,1.7993,4.5337,1.0216,2.7344,CA72-4 is a useful biomarker in the differential diagnosis between ovarian endometrioma and epithelial ovarian cancer.,222,False,False,unparsable,False,False,2–5,<= 512 (normal)
165,Is the breast best for children with a family history of atopy?,yes,no,False,2.9676,6.5759,1.6433,3.6083,"Breast-feeding was associated with a lower rate of respiratory tract infections (OR = 0.62, 95% CI = 0.46-0.83), lower respiratory tract",252,False,False,unparsable,False,False,2–5,<= 512 (normal)
166,Is Bare-Metal Stent Implantation Still Justifiable in High Bleeding Risk Patients Undergoing Percutaneous Coronary Intervention?,yes,no,False,4.3288,5.0866,2.857,0.7578,E-ZES vs.,398,False,True,unparsable,False,False,< 1 (uncertain),<= 512 (normal)
167,"Marital status, living arrangement and mortality: does the association vary by gender?",yes,no,False,1.5305,6.183,1.32,4.6525,The mortality risk was highest for widowed men (HR 2.42 (95% CI 2.40 to 2.44)) and widowed women (HR,312,False,False,unparsable,False,False,2–5,<= 512 (normal)
168,Does ibuprofen increase perioperative blood loss during hip arthroplasty?,yes,no,False,4.017,7.2156,1.1174,3.1986,The difference was statistically significant (P = 0.02).,200,False,False,unparsable,False,False,2–5,<= 512 (normal)
169,Can magnetic resonance imaging accurately predict concordant pain provocation during provocative disc injection?,yes,no,False,3.8453,6.1138,3.1029,2.2685,Disc protrusion with HIZ (sensitivity 95.4%; specificity 68.2%; PPV 87.0%).,337,False,False,unparsable,False,False,2–5,<= 512 (normal)
170,Does case-mix based reimbursement stimulate the development of process-oriented care delivery?,yes,no,False,2.4578,4.6556,2.4714,2.1842,The results of this study suggest that the case-mix based reimbursement does not stimulate the development of care coordination by the use of care programmes.,245,False,False,unparsable,False,False,2–5,<= 512 (normal)
171,Cerebromediastinal tuberculosis in a child with a probable Say-Barber-Miller syndrome: a causative link?,yes,maybe,False,-0.0131,3.0509,5.6935,2.6426,Tuberculosis should be considered in the differential diagnosis of cerebro-mediastinal tuberculosis in immuno-competent children.,249,False,False,unparsable,False,False,2–5,<= 512 (normal)
172,Is the determination of specific IgE against components using ISAC 112 a reproducible technique?,yes,no,False,0.3852,4.8221,1.189,3.6331,"The results obtained with ISAC 112 were very good to good in all cases, and the ICC was very good to excellent.",375,False,False,unparsable,False,False,2–5,<= 512 (normal)
173,Schizophrenia patients with high intelligence: A clinically distinct sub-type of schizophrenia?,yes,no,False,4.3027,5.3052,3.1171,1.0025,The results suggest that schizophrenia patients with exceptionally high pre-morbid IQ may be a clinically distinct sub-type of schizophrenia.,303,False,False,unparsable,False,False,1–2,<= 512 (normal)
174,Is halofantrine ototoxic?,yes,no,False,2.6427,4.258,2.8465,1.4115,Halofantrine has ototoxic effects on the cochlea.,197,False,False,unparsable,False,False,1–2,<= 512 (normal)
175,Identification of racial disparities in breast cancer mortality: does scale matter?,yes,no,False,2.1391,3.9059,3.2296,0.6762,The results of this study suggest that the use of RD statistics may be more appropriate for the detection of racial disparities in breast cancer mortality than RR statistics.,227,False,True,unparsable,False,False,< 1 (uncertain),<= 512 (normal)
176,Can fractional lasers enhance transdermal absorption of topical lidocaine in an in vivo animal model?,yes,no,False,3.0556,3.4772,2.093,0.4216,The results of this study demonstrate that fractional laser pretreatment of skin enhances transdermal absorption of topical lidocaine in an in vivo animal model.,378,False,True,unparsable,False,False,< 1 (uncertain),<= 512 (normal)
177,Does laparoscopic surgery decrease the risk of atrial fibrillation after foregut surgery?,yes,no,False,3.5169,4.5063,2.1961,0.9894,Laparoscopic surgery is associated with a lower risk of new-onset atrial fibrillation after foregut surgery.,348,False,True,unparsable,False,False,< 1 (uncertain),<= 512 (normal)
178,Is breast cancer survival improving?,yes,no,False,4.2726,4.9646,2.8771,0.6919,The authors conclude that the survival of women with recurrent breast cancer has improved over the past 25 years.,280,False,True,unparsable,False,False,< 1 (uncertain),<= 512 (normal)
179,Does partial expander deflation exacerbate the adverse effects of radiotherapy in two-stage breast reconstruction?,yes,no,False,1.4701,3.6857,1.5255,2.1602,Partial expander deflation prior to radiotherapy is a safe and effective method to reduce the risk of radiation-induced skin toxicity in two-stage breast reconstruction,236,False,False,unparsable,False,False,2–5,<= 512 (normal)
180,Does the clinical presentation of a prior preterm birth predict risk in a subsequent pregnancy?,yes,no,False,1.4202,5.2291,-0.6222,3.8089,Women with a history of ACD are at increased risk for recurrent SPTB compared with women with a history of PPROM or PTL.,317,False,False,unparsable,False,False,2–5,<= 512 (normal)
181,Cold preparation use in young children after FDA warnings: do concerns still exist?,yes,no,False,2.0232,5.5269,2.2449,3.282,The most common reason given for not administering the medication was that the medication was not available in the PED (37%).,166,False,False,unparsable,False,False,2–5,<= 512 (normal)
182,Does occupational nuclear power plant radiation affect conception and pregnancy?,yes,no,False,2.1981,6.0364,1.5913,3.8384,Occupational exposure to ionizing radiation in a nuclear power plant does not seem to affect male or female fecundity.,176,False,False,unparsable,False,False,2–5,<= 512 (normal)
183,Can shape analysis differentiate free-floating internal carotid artery thrombus from atherosclerotic plaque in patients evaluated with CTA for stroke or transient ischemic attack?,yes,no,False,0.2667,3.7878,0.9247,2.8631,The shape descriptors of FFT + and FFT- cases were not significantly different (p = 0.1037).,330,False,False,unparsable,False,False,2–5,<= 512 (normal)
184,Can pictorial warning labels on cigarette packages address smoking-related health disparities?,yes,no,False,0.7806,2.2481,0.8063,1.4417,The results of this study suggest that HWLs with didactic textual forms are more effective than HWLs with didactic textual forms for communicating health,261,False,False,unparsable,False,False,1–2,<= 512 (normal)
185,Surgical treatment of prosthetic valve endocarditis in patients with double prostheses: is single-valve replacement safe?,yes,no,False,2.6288,6.5285,0.9758,3.8997,The results of this study suggest that the preoperative diagnosis of PVE in patients with double prostheses is accurate and that single-valve replacement is safe.,302,False,False,unparsable,False,False,2–5,<= 512 (normal)
186,Do nomograms designed to predict biochemical recurrence (BCR) do a better job of predicting more clinically relevant prostate cancer outcomes than BCR?,yes,no,False,2.0456,5.1254,1.7362,3.0798,"The DPC nomogram predicted aggressive BCR with a c-index of 0.709 (95% confidence interval [CI], 0.684-0.733)",349,False,False,no,True,True,2–5,<= 512 (normal)
187,"Do ""America's Best Hospitals"" perform better for acute myocardial infarction?",yes,no,False,2.9732,3.9587,1.5999,0.9855,"""America's Best Hospitals,"" an influential list published annually by U.S. News and World Report, assesses the quality of hospitals in cardiology.",413,False,True,unparsable,False,False,< 1 (uncertain),<= 512 (normal)
188,Do socioeconomic differences in mortality persist after retirement?,yes,no,False,3.2619,5.9788,1.7742,2.7169,The relative index of inequality was higher for employment grade than for car ownership before retirement (ratio of means = 2.41; 95% confidence interval 2.40,265,False,False,unparsable,False,False,2–5,<= 512 (normal)
189,Convulsions and retinal haemorrhage: should we look further?,yes,no,False,1.3387,6.5763,3.1364,3.4399,Convulsive episodes are not associated with retinal haemorrhages.,160,False,False,unparsable,False,False,2–5,<= 512 (normal)
190,Is the use of cyanoacrylate in intestinal anastomosis a good and reliable alternative?,yes,no,False,1.1698,4.3185,-0.4379,3.1486,Ethyl-2-cyanoacrylate is a good alternative to polyglactin 910 sutures in intestinal anastomosis.,321,False,False,no,True,True,2–5,<= 512 (normal)
191,Are increased carotid artery pulsatility and resistance indexes early signs of vascular abnormalities in young obese males?,yes,no,False,0.1958,4.1871,3.5595,0.6276,Increased carotid artery pulsatility index and resistance index are early signs of vascular dysfunction in young obese males.,176,False,True,unparsable,False,False,< 1 (uncertain),<= 512 (normal)
192,Does topical ropivacaine reduce the post-tonsillectomy morbidity in pediatric patients?,yes,no,False,1.7255,6.1702,1.6776,4.4447,Topical application of ropivacaine hydrochloride in tonsillar fossae is a safe and effective method of pain control in pediatric patients undergoing tonsillectomy.,275,False,False,unparsable,False,False,2–5,<= 512 (normal)
193,Is robotically assisted laparoscopic radical prostatectomy less invasive than retropubic radical prostatectomy?,yes,no,False,2.0632,5.9878,1.9155,3.9246,RALP is less invasive than RRP.,398,False,False,unparsable,False,False,2–5,<= 512 (normal)
194,Is specialty care associated with improved survival of patients with congestive heart failure?,yes,no,False,1.7175,4.4621,0.1693,2.7446,The pattern of outpatient care was associated with improved survival of patients with CHF.,450,False,False,unparsable,False,False,2–5,<= 512 (normal)
195,Histologic evaluation of the testicular remnant associated with the vanishing testes syndrome: is surgical management necessary?,yes,no,False,3.0901,7.3518,1.4824,4.2617,The incidence of viable germ cell elements in the testicular remnant associated with the vanishing testes syndrome is 14%.,241,False,False,unparsable,False,False,2–5,<= 512 (normal)
196,Does oxybutynin hydrochloride cause arrhythmia in children with bladder dysfunction?,yes,no,False,2.5569,4.3385,1.8716,1.7816,"In this study, we have determined that the QT interval changes significantly depending on the use of oxybutynin hydrochloride in children with bladder dysfunction.",97,False,False,unparsable,False,False,1–2,<= 512 (normal)
197,Does the manic/mixed episode distinction in bipolar disorder patients run true over time?,yes,no,False,4.3199,5.818,1.436,1.4982,"The observed distribution of manic and mixed episodes was significantly different from the expected distribution (chi (2) = 41.902, df = 1,",133,False,False,unparsable,False,False,1–2,<= 512 (normal)
198,Is the first urinary albumin/creatinine ratio (ACR) in women with suspected preeclampsia a prognostic factor for maternal and neonatal adverse outcome?,yes,yes,True,4.5068,3.9965,1.8057,0.5103,The first ACR in women with suspected preeclampsia is a prognostic factor for adverse maternal and neonatal outcomes.,308,False,True,unparsable,False,False,< 1 (uncertain),<= 512 (normal)
199,Are pediatric concussion patients compliant with discharge instructions?,yes,no,False,2.323,6.7266,-0.8041,4.4036,The majority of patients (67%) were compliant with discharge instructions.,416,False,False,unparsable,False,False,2–5,<= 512 (normal)
200,Can communication with terminally ill patients be taught?,yes,no,False,2.1328,2.9791,0.2009,0.8463,The results of this study indicate that a 2-day course model for communication with terminally ill patients is feasible and can be implemented in a German university hospital,289,False,True,unparsable,False,False,< 1 (uncertain),<= 512 (normal)
201,Are environmental factors important in primary systemic vasculitis?,yes,no,False,2.6491,4.9173,-0.3909,2.2682,The results suggest that occupational silica exposure and occupational solvent exposure during working lifetime are important risk factors for PSV.,486,False,False,unparsable,False,False,2–5,<= 512 (normal)
202,Diagnosis and follow-up in constipated children: should we use ultrasound?,yes,no,False,1.1127,4.2485,3.1402,1.1083,We believe that the rectal diameter and rectal anterior wall thickness are objective criteria for the diagnosis of constipation and fecal load and that the rectal diameter is a good,398,False,False,unparsable,False,False,1–2,<= 512 (normal)
203,Out of the smokescreen II: will an advertisement targeting the tobacco industry affect young people's perception of smoking in movies and their intention to smoke?,yes,no,False,3.4369,7.1635,0.8308,3.7266,The antismoking advertisement had no significant effect on the attitudes of current smokers or non-smokers to smoking in movies.CONCLUSIONS: The antismoking,394,False,False,unparsable,False,False,2–5,<= 512 (normal)
204,Do general practitioner hospitals reduce the utilisation of general hospital beds?,yes,no,False,0.4839,5.8244,2.4514,3.373,Do general practitioner hospitals reduce the utilisation of general hospital beds?,233,False,False,unparsable,False,False,2–5,<= 512 (normal)
205,Does insulin resistance drive the association between hyperglycemia and cardiovascular risk?,yes,no,False,0.8781,5.0099,1.1987,3.8112,Insulin resistance explains the association between hyperglycemia and CVD risk.,350,False,False,unparsable,False,False,2–5,<= 512 (normal)
206,Ultra high risk (UHR) for psychosis criteria: are there different levels of risk for transition to psychosis?,yes,no,False,3.6805,6.2782,0.6393,2.5977,APS = Trait = BLIPS = APS + Trait = BLIPS = APS = Trait = BLIPS = Trait = BLIPS =,297,False,False,unparsable,False,False,2–5,<= 512 (normal)
207,Aberrant loss of dickkopf-3 in gastric cancer: can it predict lymph node metastasis preoperatively?,yes,no,False,3.5879,3.7385,3.4242,0.1507,DKK3 expression in gastric cancer is associated with lymph node metastasis and poor prognosis.,338,False,True,unparsable,False,False,< 1 (uncertain),<= 512 (normal)
208,Can CT predict the level of CSF block in tuberculous hydrocephalus?,yes,no,False,0.0472,3.4733,1.1615,2.3119,The shape of the third ventricle on CT is a good predictor of the level of CSF block in children with TBM.,187,False,False,unparsable,False,False,2–5,<= 512 (normal)
209,Is oral endotracheal intubation efficacy impaired in the helicopter environment?,yes,no,False,1.965,6.0556,2.3709,3.6847,The results of this study suggest that the in-flight environment of BO-105 helicopter does not impair the ability of flight nurses to perform oral,239,False,False,unparsable,False,False,2–5,<= 512 (normal)
210,Sternal plating for primary and secondary sternal closure; can it improve sternal stability?,yes,no,False,1.4346,6.2459,0.2732,4.8113,p = 0.056.,304,False,False,unparsable,False,False,2–5,<= 512 (normal)
211,Can early second-look tympanoplasty reduce the rate of conversion to modified radical mastoidectomy?,yes,no,False,2.2956,5.8507,1.9392,3.5551,The rate of conversion to a modified radical mastoidectomy was low (3%).,208,False,False,unparsable,False,False,2–5,<= 512 (normal)
212,Can T-cell deficiency affect spatial learning ability following toluene exposure?,yes,no,False,1.7052,3.9472,2.0363,1.911,The present study suggests that T-cell deficiency may affect spatial learning ability following toluene exposure.,220,False,False,unparsable,False,False,1–2,<= 512 (normal)
213,Are acceptance rates of a national preventive home visit programme for older people socially imbalanced?,yes,yes,True,5.4095,4.8361,3.1417,0.5734,The odds ratio for accepting preventive home visits was 1.5 (CI95%: 1.1-2.0) among persons with high financial assets invited by a letter,279,False,True,unparsable,False,False,< 1 (uncertain),<= 512 (normal)
214,Increased neutrophil migratory activity after major trauma: a factor in the etiology of acute respiratory distress syndrome?,yes,no,False,-0.0794,2.6681,2.1476,0.5205,The results of this study suggest that the enhanced migration of neutrophils to interleukin-8 in the early postinjury phase may be a critical factor in the etiology of,414,False,True,unparsable,False,False,< 1 (uncertain),<= 512 (normal)
215,"Do improvements in outreach, clinical, and family and community-based services predict improvements in child survival?",yes,no,False,1.5016,4.9911,1.4629,3.4895,"The strongest correlation between changes in coverage of clinical services and U5MR was observed for antenatal care (all countries: p = 0.02, r ² =",383,False,False,unparsable,False,False,2–5,<= 512 (normal)
216,Vertical lines in distal esophageal mucosa (VLEM): a true endoscopic manifestation of esophagitis in children?,yes,no,False,1.9854,5.629,2.6405,2.9885,VLEM is a true endoscopic manifestation of esophagitis in children.,262,False,False,unparsable,False,False,2–5,<= 512 (normal)
217,An HIV1/2 point of care test on sputum for screening TB/HIV co-infection in Central India - Will it work?,yes,no,False,3.6848,5.8123,1.8752,2.1275,The OraQuick ® HIV-1 / 2 Assay in sputum is a valid tool for HIV surveillance among TB patients in Central India.,241,False,False,unparsable,False,False,2–5,<= 512 (normal)
218,Is crime associated with over-the-counter pharmacy syringe sales?,yes,no,False,2.6142,5.061,1.2076,2.4468,"The odds of reporting crime were lower in reporting pharmacies selling OTC syringes (adjusted odds ratio: 0.83; 95% confidence interval: 0.75, 0.92).",272,False,False,unparsable,False,False,2–5,<= 512 (normal)
219,Colorectal cancer in young patients: is it a distinct clinical entity?,yes,no,False,0.6358,4.6147,2.1759,2.4387,Young patients with colorectal cancer have unique clinicopathological features.,339,False,False,unparsable,False,False,2–5,<= 512 (normal)
220,Does evidence-based practice improve patient outcomes?,yes,no,False,3.7108,6.6402,1.5363,2.9294,EBP doctors attended more patients / doctor than SP doctors (P < 0.001).,370,False,False,unparsable,False,False,2–5,<= 512 (normal)
221,Can the prognosis of polymyalgia rheumatica be predicted at disease onset?,yes,no,False,3.4539,5.5869,2.6478,2.133,"PV > or = 2.00 mPa s (HR = 0.49; 95% CI 0.29, 0.83; P = 0.009), HLA-DRB1 * 0",363,False,False,unparsable,False,False,2–5,<= 512 (normal)
222,Does prior benign prostate biopsy predict outcome for patients treated with radical perineal prostatectomy?,yes,no,False,3.4274,5.5934,2.6384,2.166,Prior benign prostate biopsy predicts for improved surgical and clinical outcomes for patients treated with radical perineal prostatectomy for prostate cancer.,306,False,False,unparsable,False,False,2–5,<= 512 (normal)
223,Is the Distance Worth It?,yes,no,False,0.95,4.4608,2.3393,2.1215,The results of this study suggest that patients with rectal cancer who are treated at high-volume centers have better outcomes than those treated at low-volume centers,399,False,False,unparsable,False,False,2–5,<= 512 (normal)
224,Treatment as prevention in resource-limited settings: is it feasible to maintain HIV viral load suppression over time?,yes,no,False,1.7886,6.8764,0.6448,5.0878,"The most common reason for not achieving virologic suppression was the belief that the patient was not on ART (n = 21, 25.6%).",335,False,False,unparsable,False,False,> 5 (confident),<= 512 (normal)
225,Does head positioning influence anterior chamber depth in pseudoexfoliation syndrome?,yes,no,False,2.1119,3.3512,2.2835,1.0677,The increased mobility of the lens in pseudoexfoliation syndrome may be a factor in the development of phacodonesis.,255,False,False,unparsable,False,False,1–2,<= 512 (normal)
226,Are intraoperative precursor events associated with postoperative major adverse events?,yes,no,False,2.609,4.7218,3.1966,1.5252,The incidence of MACE was significantly higher in the MACE group than in the non-MACE group (98.4% vs 89.5%; P = .0,315,False,False,unparsable,False,False,1–2,<= 512 (normal)
227,Transient tachypnea of the newborn (TTN): a role for polymorphisms in the beta-adrenergic receptor (ADRB) encoding genes?,yes,no,False,2.7659,3.5064,1.6058,0.7405,The ADRB2 gene is a candidate gene for TTN.,253,False,True,unparsable,False,False,< 1 (uncertain),<= 512 (normal)
228,Could ADMA levels in young adults born preterm predict an early endothelial dysfunction?,yes,no,False,2.174,4.0492,2.76,1.2892,ADMA levels in young adults born preterm at extremely low birth weight are significantly higher than in healthy adults born at term.,309,False,False,unparsable,False,False,1–2,<= 512 (normal)
229,Informed consent for total hip arthroplasty: does a written information sheet improve recall by patients?,yes,no,False,3.2234,5.9902,0.9309,2.7668,(p = 0.001).,165,False,False,unparsable,False,False,2–5,<= 512 (normal)
230,Quaternary cytoreductive surgery in ovarian cancer: does surgical effort still matter?,yes,no,False,2.5873,5.4499,2.3021,2.8625,Quaternary cytoreduction in EOC relapse is feasible and safe.,417,False,False,unparsable,False,False,2–5,<= 512 (normal)
231,Can a Novel Surgical Approach to the Temporomandibular Joint Improve Access and Reduce Complications?,yes,no,False,0.9301,4.8214,0.9257,3.8913,The VMPA is a safe and effective approach to the TMJ.,183,False,False,unparsable,False,False,2–5,<= 512 (normal)
232,Hepatic arterial embolization for unresectable hepatocellular carcinomas: do technical factors affect prognosis?,yes,no,False,4.1744,5.0431,2.3601,0.8687,"The Child-Pugh class-A, alpha-fetoprotein level lower than 100 ng / ml, tumor size of 3 cm or smaller, one-lobe",314,False,True,unparsable,False,False,< 1 (uncertain),<= 512 (normal)
233,Is plate clearing a risk factor for obesity?,yes,yes,True,3.8913,3.8156,3.4598,0.0757,"In this cohort of US adults, plate clearing tendencies were positively associated with BMI and were associated with a higher body weight.",190,False,True,unparsable,False,False,< 1 (uncertain),<= 512 (normal)
234,Outcomes of severely injured adult trauma patients in an Australian health service: does trauma center level make a difference?,yes,no,False,4.0304,4.7108,1.6018,0.6804,"Level III trauma center: OR = 2.95, 95% CI = [2.40, 3.99], p < 0.001.",318,False,True,unparsable,False,False,< 1 (uncertain),<= 512 (normal)
235,Does the lipid-lowering peroxisome proliferator-activated receptors ligand bezafibrate prevent colon cancer in patients with coronary artery disease?,yes,no,False,3.3275,5.7482,3.0288,2.4208,Bezafibrate may have a preventive effect on colon cancer development in patients with coronary artery disease.,409,False,False,unparsable,False,False,2–5,<= 512 (normal)
236,Serum angiotensin-converting enzyme and frequency of severe hypoglycaemia in Type 1 diabetes: does a relationship exist?,yes,no,False,2.9992,7.5411,2.2751,4.542,Serum ACE is not associated with the incidence of SH in people with Type 1 diabetes.,325,False,False,no,True,True,2–5,<= 512 (normal)
237,Hypotension in patients with coronary disease: can profound hypotensive events cause myocardial ischaemic events?,yes,no,False,-0.1291,5.8994,3.3151,2.5843,"HII events were associated with a history of hypertension (chi (2) = 4.05, p = 0.044), and with a history of angina",328,False,False,unparsable,False,False,2–5,<= 512 (normal)
238,Measuring hospital mortality rates: are 30-day data enough?,yes,no,False,1.9897,4.0551,2.1294,1.9258,Measuring hospital mortality rates at 30 days postadmission is a reasonable alternative to measuring hospital performance at 180 days.,297,False,False,unparsable,False,False,1–2,<= 512 (normal)
239,Is the ability to perform transurethral resection of the prostate influenced by the surgeon's previous experience?,yes,no,False,1.4215,5.5469,2.2842,3.2627,The urologist's experience does not influence the surgical results and complications of TURP.,287,False,False,unparsable,False,False,2–5,<= 512 (normal)
240,"Syncope during bathing in infants, a pediatric form of water-induced urticaria?",yes,no,False,-1.4377,4.5804,2.1923,2.3881,"""Aquagenic maladies"" should be considered in the differential diagnosis of sudden infant death syndrome.",248,False,False,unparsable,False,False,2–5,<= 512 (normal)
241,Do women residents delay childbearing due to perceived career threats?,yes,no,False,2.9128,5.1152,1.1156,2.2024,Women were more likely to plan to have children during residency if they perceived that their career would threaten their career (odds ratio 3.01 [95%,297,False,False,unparsable,False,False,2–5,<= 512 (normal)
242,Is trabecular bone related to primary stability of miniscrews?,yes,no,False,0.2512,4.5303,3.9685,0.5618,The results of this study suggest that the primary stability of miniscrews inserted into bone blocks of different BMDs is related to the trabecular properties of,261,False,True,unparsable,False,False,< 1 (uncertain),<= 512 (normal)
243,Acute respiratory distress syndrome in children with malignancy--can we predict outcome?,yes,no,False,2.0624,6.2142,-0.3825,4.1518,"PaO (2) / FIO (2) (p = 0.001), PEEP (p = 0.001), ventilation index (p = 0.001",208,False,False,unparsable,False,False,2–5,<= 512 (normal)
244,"Neoadjuvant Imatinib in Locally Advanced Gastrointestinal stromal Tumours, Will Kit Mutation Analysis Be a Pathfinder?",yes,no,False,1.2237,6.5344,1.1488,5.3107,NA IM for LA GIST is effective in the treatment of GIST.,378,False,False,unparsable,False,False,> 5 (confident),<= 512 (normal)
245,Is obesity a risk factor for wheezing among adolescents?,yes,no,False,3.9764,6.2209,2.7552,2.2445,The prevalence of wheezing at 15 years was 13.5% (95% CI: 12.5% -14.5%) and the incidence of wheezing was 7.5% (,398,False,False,unparsable,False,False,2–5,<= 512 (normal)
246,Could ESC (Electronic Stability Control) change the way we drive?,yes,no,False,4.4457,5.2247,0.8641,0.779,The majority of ESC owners / drivers (70%) reported that they would be willing to use ESC if it were to be introduced into their vehicle fle,333,False,True,unparsable,False,False,< 1 (uncertain),<= 512 (normal)
247,Does a geriatric oncology consultation modify the cancer treatment plan for elderly patients?,yes,no,False,2.3261,5.6144,3.8826,1.7319,This study shows that a geriatric oncology consultation modifies the treatment plan for elderly cancer patients.,270,False,False,unparsable,False,False,1–2,<= 512 (normal)
248,Can students' scores on preclerkship clinical performance examinations predict that they will fail a senior clinical performance examination?,yes,yes,True,4.9281,4.2805,-0.1251,0.6475,The odds ratio for a student's low performance relative to his or her class on the year 2 CPEs was 3.47 (95% confidence interval [,281,False,True,unparsable,False,False,< 1 (uncertain),<= 512 (normal)
249,Adults with mild intellectual disabilities: can their reading comprehension ability be improved?,yes,no,False,3.6874,6.2532,-0.0979,2.5657,"The results are discussed in terms of the importance of the use of a reciprocal teaching context, and the need for further research on the effects of teaching text",369,False,False,unparsable,False,False,2–5,<= 512 (normal)
250,Can nurse-led preoperative education reduce anxiety and postoperative complications of patients undergoing cardiac surgery?,yes,no,False,3.4522,4.5693,1.9632,1.1171,The intervention group had a lower state anxiety score on admission (P = 0.001) and a greater decrease in state anxiety score during the follow-up period,305,False,False,unparsable,False,False,1–2,<= 512 (normal)
251,Is there a relationship between homocysteine and vitiligo?,yes,no,False,2.0252,6.245,3.5583,2.6866,The results of this study suggest that there is a relationship between Hcy and vitiligo.,456,False,False,unparsable,False,False,2–5,<= 512 (normal)
252,Does para-cervical block offer additional advantages in abortion induction with gemeprost in the 2nd trimester?,yes,no,False,1.9068,6.7826,0.8231,4.8758,Para-cervical block with 0.5% Bupivacain solution is not recommended for abortion induction with gemeprost in the second trimester.,352,False,False,unparsable,False,False,2–5,<= 512 (normal)
253,Is a 9-month treatment sufficient in tuberculous enterocolitis?,yes,no,False,-1.0493,7.1808,3.0796,4.1012,The 9-month group had a significantly higher complete response rate than the 15-month group (P = 0.02).,259,False,False,unparsable,False,False,2–5,<= 512 (normal)
254,Reporting and interpreting red blood cell morphology: is there discordance between clinical pathologists and clinicians?,yes,no,False,1.8396,4.0003,-2.5935,2.1607,"Clinicians and CPs agreed that RBC-M terms are useful for differential diagnosis, but there was discordance between the two groups.",286,False,False,unparsable,False,False,2–5,<= 512 (normal)
255,The inverse equity hypothesis: does it apply to coverage of cancer screening in middle-income countries?,yes,no,False,2.5242,6.283,1.3635,3.7588,The results suggest that the inverse equity hypothesis is not applicable to coverage of cancer screening in LMICs.,312,False,False,unparsable,False,False,2–5,<= 512 (normal)
256,Menopausal hormone therapy and irregular endometrial bleeding: a potential role for uterine natural killer cells?,yes,no,False,-1.1144,3.8422,2.6139,1.2283,This study suggests that uNK cells may play a role in the pathogenesis of irregular bleeding in HT users.,273,False,False,unparsable,False,False,1–2,<= 512 (normal)
257,Can we ease the financial burden of colonoscopy?,yes,no,False,0.9591,5.6919,0.9811,4.7108,This study demonstrates that real-time endoscopic assessment of polyp histology is accurate and cost effective in predicting colonoscopy surveillance intervals.,328,False,False,unparsable,False,False,2–5,<= 512 (normal)
258,Does open access publishing increase the impact of scientific articles?,yes,yes,True,7.1274,6.5296,2.9894,0.5977,The results of the present study suggest that open access publishing of scientific articles in intensive care medicine journals may increase the citation count of the articles.,340,False,True,unparsable,False,False,< 1 (uncertain),<= 512 (normal)
259,Can biofeedback training of psychophysiological responses enhance athletes' sport performance?,yes,no,False,2.7386,3.6277,0.6888,0.8891,The biofeedback training of psychophysiological responses can be used to enhance athletes' performance in competitive sports.,414,False,True,unparsable,False,False,< 1 (uncertain),<= 512 (normal)
260,Are patients willing participants in the new wave of community-based medical education in regional and rural Australia?,yes,no,False,3.1665,5.5478,-0.1534,2.3813,Patients were generally positive about being involved in medical student teaching and felt that they had a role in the consultation.,240,False,False,unparsable,False,False,2–5,<= 512 (normal)
261,Are pectins involved in cold acclimation and de-acclimation of winter oil-seed rape plants?,yes,no,False,-3.2199,2.3391,1.6214,0.7176,The hypothesis that pectins participate in the regulation of cell wall mechanical properties and in the control of freezing resistance over the course of plant cold acclimation and de,241,False,True,unparsable,False,False,< 1 (uncertain),<= 512 (normal)
262,The HELPP syndrome--evidence of a possible systemic inflammatory response in pre-eclampsia?,yes,no,False,2.3244,5.215,4.8871,0.3279,"HELLP syndrome is a systemic inflammatory response syndrome, with a high risk of maternal and fetal morbidity and mortality.",349,False,True,unparsable,False,False,< 1 (uncertain),<= 512 (normal)
263,Optimism and survival: does an optimistic outlook predict better survival at advanced ages?,yes,no,False,2.5798,4.9368,3.3401,1.5967,The results of this study suggest that an optimistic outlook is associated with better survival in the oldest-old.,361,False,False,unparsable,False,False,1–2,<= 512 (normal)
264,Is combined therapy more effective than growth hormone or hyperbaric oxygen alone in the healing of left ischemic and non-ischemic colonic anastomoses?,yes,no,False,1.3853,3.4732,0.916,2.0879,Combined therapy with GH and hyperbaric oxygen is more effective than GH or hyperbaric oxygen alone in the healing of colonic anastomoses in rats.,308,False,False,unparsable,False,False,2–5,<= 512 (normal)
265,The promise of specialty pharmaceuticals: are they worth the price?,yes,no,False,0.7432,2.7928,0.2476,2.0496,"The promise of specialty pharmaceuticals: increased life expectancy, improved quality of life, enhanced workplace productivity, decreased burden of disease, and reduced health care spending come",250,False,False,unparsable,False,False,2–5,<= 512 (normal)
266,A comparison of 500 prefilled textured saline breast implants versus 500 standard textured saline breast implants: is there a difference in deflation rates?,yes,no,False,3.5931,5.4485,2.9657,1.8554,Poly Implant Prosthesis prefilled textured saline breast implants deflate at a significantly higher rate than Mentor Siltex breast implants.,363,False,False,unparsable,False,False,1–2,<= 512 (normal)
267,Is withdrawal-induced anxiety in alcoholism based on beta-endorphin deficiency?,yes,no,False,-0.7335,4.382,1.26,3.122,"The results of our study suggest that beta E levels are lowered during acute alcohol withdrawal and that this decrease is not associated with anxiety, depression, or craving",377,False,False,unparsable,False,False,2–5,<= 512 (normal)
268,Cardiac reoperations in octogenarians: Do they really benefit?,yes,no,False,1.6795,4.5091,1.8855,2.6236,Cardiac reoperations in octogenarians are associated with a high mortality rate and a high rate of in-hospital complications.,315,False,False,unparsable,False,False,2–5,<= 512 (normal)
269,Is first-line single-agent mitoxantrone in the treatment of high-risk metastatic breast cancer patients as effective as combination chemotherapy?,yes,no,False,3.259,6.4429,4.3738,2.0691,"Namely, the results of this study do not support the use of mitoxantrone as first-line treatment for metastatic breast cancer patients with high-risk",320,False,False,unparsable,False,False,2–5,<= 512 (normal)
270,Can clinical supervision sustain our workforce in the current healthcare landscape?,yes,no,False,2.8288,5.2841,0.2849,2.4553,"The majority of participants (n = 68, 82.7%) reported that clinical supervision was effective.",365,False,False,unparsable,False,False,2–5,<= 512 (normal)
271,Can distal ureteral diameter predict reflux resolution after endoscopic injection?,yes,no,False,3.7044,5.6752,2.9813,1.9708,The odds ratio of VUR resolution was 3.882 (95% CI: 1.704-8.624) for each 1-mm increase in,300,False,False,unparsable,False,False,1–2,<= 512 (normal)
272,Is lumbar drainage of postoperative cerebrospinal fluid fistula after spine surgery effective?,yes,no,False,0.8578,5.6056,0.1276,4.7478,The use of lumbar drainage of postoperative CSF fistula after spine surgery is a safe and effective therapeutic option.,169,False,False,unparsable,False,False,2–5,<= 512 (normal)
273,Assessing joint line positions by means of the contralateral knee: a new approach for planning knee revision surgery?,yes,no,False,1.5662,6.0983,0.3219,4.5321,The mean difference between the treated and the control knee was 0.0 mm with narrow confidence limits ranging from -1.1 to 1.1. The mean difference between the treated,230,False,False,unparsable,False,False,2–5,<= 512 (normal)
274,Can myometrial electrical activity identify patients in preterm labor?,yes,no,False,2.6485,3.482,2.131,0.8335,Myometrial electrical activity can identify patients in preterm labor with a high risk of PTD.,228,False,True,unparsable,False,False,< 1 (uncertain),<= 512 (normal)
275,Does the Transmissible Liability Index (TLI) assessed in late childhood predict suicidal symptoms at young adulthood?,yes,no,False,2.9933,5.3769,-1.7669,2.3836,The TLI was associated with number of lifetime suicide attempts (p < .001) and number of suicide attempts from age 12-14 to age 25 (,241,False,False,unparsable,False,False,2–5,<= 512 (normal)
276,Does strategy training reduce age-related deficits in working memory?,no,no,True,2.3661,4.2433,1.8106,1.8772,The results suggest that the age-related WM deficit is not reduced by training individuals to use effective encoding strategies.,291,False,False,unparsable,False,False,1–2,<= 512 (normal)
277,Does the sex of acute stroke patients influence the effectiveness of rt-PA?,no,no,True,4.8653,6.3908,3.772,1.5255,Women had a higher rate of complete recanalization (p = 0.02) and a trend toward a higher rate of partial recanalization (p = 0.06) compared with,366,False,False,unparsable,False,False,1–2,<= 512 (normal)
278,Does the early adopter of drugs exist?,no,no,True,4.2135,5.9605,2.3526,1.7469,"The results indicate that the early adoption of new drugs is not a personal trait, but rather a property of the general practitioners themselves.",286,False,False,unparsable,False,False,1–2,<= 512 (normal)
279,Can 'high-risk' human papillomaviruses (HPVs) be detected in human breast milk?,no,no,True,3.2346,7.682,2.7616,4.4473,HPV DNA was detected in one (4%) of the 32 human milk specimens.,108,False,False,unparsable,False,False,2–5,<= 512 (normal)
280,Is nasogastric decompression useful in prevention of leaks after laparoscopic sleeve gastrectomy?,no,no,True,1.0604,8.1063,2.8207,5.2856,The nasogastric tube was not useful in preventing the staple line leaks after LSG.,313,False,False,unparsable,False,False,> 5 (confident),<= 512 (normal)
281,"Regional anesthesia as compared with general anesthesia for surgery in geriatric patients with hip fracture: does it decrease morbidity, mortality, and health care costs?",no,no,True,2.7855,5.0713,2.4113,2.2858,"Regional anesthesia does not decrease morbidity, mortality, or hospitalization costs in geriatric patients with hip fracture.",316,False,False,unparsable,False,False,2–5,<= 512 (normal)
282,Double reading of barium enemas: is it necessary?,no,no,True,3.0834,5.9243,-0.6025,2.8409,"98.9% (95% CI, 96.5-99.7%) for the first reading and 98.9% (95% CI, 96.5",365,False,False,unparsable,False,False,2–5,<= 512 (normal)
283,"Is there any evidence of a ""July effect"" in patients undergoing major cancer surgery?",no,no,True,2.7821,5.9402,3.4007,2.5395,The July effect was not observed in major cancer surgery.,282,False,False,unparsable,False,False,2–5,<= 512 (normal)
284,Characterization of the gender dimorphism after injury and hemorrhagic shock: are hormonal differences responsible?,no,no,True,3.3019,4.5811,2.0027,1.2792,Gender dimorphism after injury and hemorrhagic shock.,316,False,False,unparsable,False,False,1–2,<= 512 (normal)
285,Cardiogenic shock complicating acute myocardial infarction in elderly patients: does admission to a tertiary center improve survival?,no,no,True,2.0698,4.5309,0.7059,2.4611,"In conclusion, in this retrospective study, patients with acute myocardial infarction complicated by cardiogenic shock admitted to hospitals with onsite coronary angioplasty and coronary artery bypass surgery",317,False,False,unparsable,False,False,2–5,<= 512 (normal)
286,Sub-classification of low-grade cerebellar astrocytoma: is it clinically meaningful?,no,no,True,-0.44,4.4228,1.9685,2.4543,The histological sub-classification and grading of low-grade cerebellar astrocytoma is not clinically meaningful.,247,False,False,unparsable,False,False,2–5,<= 512 (normal)
287,Department of Transportation vs self-reported data on motor vehicle collisions and driving convictions for stroke survivors: do they agree?,no,yes,False,3.9115,3.8839,1.6147,0.0276,The results of this study suggest that the 2 sources of data may not agree on the number of collisions and convictions that occur in the 5 years before,329,False,True,unparsable,False,False,< 1 (uncertain),<= 512 (normal)
288,Cholesterol screening in school children: is family history reliable to choose the ones to screen?,no,no,True,2.9777,6.1451,2.9831,3.1621,"The mean serum total cholesterol level was 194.18 + / - 40.2 mg / dL, mean serum LDL-cholesterol level was 129.09 +",157,False,False,unparsable,False,False,2–5,<= 512 (normal)
289,Did the call for boycott by the Catholic bishops affect the polio vaccination coverage in Kenya in 2015?,no,no,True,3.8556,6.0758,2.7954,2.2202,"The proportion of children who were not vaccinated due to house not being visited (44%), children not being at home at time of visit (38",314,False,False,unparsable,False,False,2–5,<= 512 (normal)
290,Does early discharge with nurse home visits affect adequacy of newborn metabolic screening?,no,no,True,3.1347,5.9598,0.598,2.825,"Early discharge infants were more likely to have an adequate specimen within the first 9 days of life (99.2% vs 96.0%, P < .0001",318,False,False,unparsable,False,False,2–5,<= 512 (normal)
291,Is alexithymia a risk factor for unexplained physical symptoms in general medical outpatients?,no,no,True,3.9172,6.1156,3.051,2.1984,Alexithymia is not a risk factor for medically unexplained physical symptoms in general medical outpatients.,252,False,False,no,True,True,2–5,<= 512 (normal)
292,Are sports medicine journals relevant and applicable to practitioners and athletes?,no,no,True,2.6397,5.3127,0.172,2.673,The evidence base of sports medicine research is weak and the majority of published articles are of poor quality.,132,False,False,unparsable,False,False,2–5,<= 512 (normal)
293,Does quantitative left ventricular regional wall motion change after fibrous tissue resection in endomyocardial fibrosis?,no,no,True,1.6989,5.7556,0.6341,4.0568,The left ventricular ejection fraction did not change after fibrous tissue resection in New York Heart Association FC III and IV endomyocardial fibrosis patients.,295,False,False,unparsable,False,False,2–5,<= 512 (normal)
294,Does gestational age misclassification explain the difference in birthweights for Australian aborigines and whites?,no,no,True,1.3291,3.788,1.9828,1.8052,The difference in birthweight between Aborigines and whites at 34 weeks gestation is due to differential misclassification of gestational age.,237,False,False,unparsable,False,False,1–2,<= 512 (normal)
295,Utility of unenhanced fat-suppressed T1-weighted MRI in children with sickle cell disease -- can it differentiate bone infarcts from acute osteomyelitis?,no,no,True,3.3447,7.0824,2.0357,3.7378,"Sensitivity, specificity, positive predictive value, negative predictive value, and accuracy of unenhanced T1-W fat-saturated MRI for the differentiation between bone infarcts",339,False,False,unparsable,False,False,2–5,<= 512 (normal)
296,Do African American women require fewer calories to maintain weight?,no,no,True,0.4994,4.9055,1.2154,3.6901,The results of this analysis do not support the hypothesis that AA women require fewer calories to maintain weight than non-AA women.,349,False,False,unparsable,False,False,2–5,<= 512 (normal)
297,The use of audit to identify maternal mortality in different settings: is it just a difference between the rich and the poor?,no,no,True,-0.7194,4.3089,2.7859,1.523,"The most common causes of maternal deaths in The Gambia were HIV / AIDS (40.9%), sepsis (33.7%), and obstructed",266,False,False,unparsable,False,False,1–2,<= 512 (normal)
298,Are wandering and physically nonaggressive agitation equivalent?,no,no,True,2.2991,5.2241,0.1869,2.925,"Wandering was significantly correlated with PNA Factor 1 (r = -0.48, p < 0.001) and PNA Factor 2 (r = -0.35,",227,False,False,unparsable,False,False,2–5,<= 512 (normal)
299,Is the covering of the resection margin after distal pancreatectomy advantageous?,no,no,True,4.4874,8.0311,2.112,3.5437,The difference was statistically significant (p = 0.00004).,437,False,False,unparsable,False,False,2–5,<= 512 (normal)
300,Does continuous intravenous infusion of low-concentration epinephrine impair uterine blood flow in pregnant ewes?,no,no,True,2.1929,5.5649,1.9018,3.372,Bolus intravenous injection of epinephrine 15 micrograms decreased uterine blood flow to 68 + / - 14% of baseline (p < 0.05).,254,False,False,no,True,True,2–5,<= 512 (normal)
301,Do healthier lifestyles lead to less utilization of healthcare resources?,no,no,True,3.5538,5.6648,0.7885,2.111,"The frequency of doctor visits and health examinations were significantly correlated with gender, age and education-level variables.",259,False,False,unparsable,False,False,2–5,<= 512 (normal)
302,Do risk factors for suicidal behavior differ by affective disorder polarity?,no,no,True,1.9853,5.5894,-0.3889,3.6041,Suicide attempts and completions were more likely in bipolar than unipolar participants.,279,False,False,unparsable,False,False,2–5,<= 512 (normal)
303,Thrombosis prophylaxis in hospitalised medical patients: does prophylaxis in all patients make sense?,no,no,True,4.5954,5.7332,1.2815,1.1378,Venous thrombosis prophylaxis in all patients in internal wards is not feasible.,199,False,False,no,True,True,1–2,<= 512 (normal)
304,Is late-night salivary cortisol a better screening test for possible cortisol excess than standard screening tests in obese patients with Type 2 diabetes?,no,no,True,2.1128,6.0526,1.8626,3.9398,The sensitivity of late-night salivary cortisol was significantly less than 24 hr UFC (P = 0.002) but not 1mg DST (P = 0.,259,False,False,unparsable,False,False,2–5,<= 512 (normal)
305,Does escalation of the apical dose change treatment outcome in beta-radiation of posterior choroidal melanomas with 106Ru plaques?,no,no,True,2.6172,4.948,0.4662,2.3308,The authors conclude that the optimal apical dose prescription for 106Ru plaque beta-ray therapy of posterior uveal melanomas is 160 Gy.,247,False,False,unparsable,False,False,2–5,<= 512 (normal)
306,Estradiol and Antagonist Pretreatment Prior to Microdose Leuprolide in in Vitro Fertilization. Does It Improve IVF Outcomes in Poor Responders as Compared to Oral Contraceptive Pill?,no,no,True,1.1273,4.5015,2.3398,2.1617,"In conclusion, pretreatment with OCP / ML prior to COH in poor responders is associated with improved IVF outcomes as compared to pretreatment with E2 + ant",251,False,False,unparsable,False,False,2–5,<= 512 (normal)
307,Do risk calculators accurately predict surgical site occurrences?,no,no,True,4.3128,5.3267,0.5402,1.0139,"The VHRS, VHWG, and HW-RAT are inaccurate predictors of SSO and SSI after open VHR.",551,False,False,unparsable,False,False,1–2,> 512 (long)
308,Is diffusion-weighted imaging a significant indicator of the development of vascularization in hypovascular hepatocellular lesions?,no,no,True,3.5412,4.663,2.7762,1.1219,"The sensitivity, specificity, positive predictive value, negative predictive value, and accuracy of DWI in predicting the development of vascularization in HHLs were 76.5",160,False,False,unparsable,False,False,1–2,<= 512 (normal)
309,Does confined placental mosaicism account for adverse perinatal outcomes in IVF pregnancies?,no,no,True,2.2285,4.8314,4.4115,0.4199,"The incidence of CPM in IVF / ICSI pregnancies is lower than in spontaneous conceptions, but the incidence of chromosomal anomalies is higher.",297,False,True,unparsable,False,False,< 1 (uncertain),<= 512 (normal)
310,Do elderly cancer patients have different care needs compared with younger ones?,no,no,True,4.3822,5.882,2.6658,1.4998,"Financial-insurance information (73.9% / 61.7% / 40.9%), the need to talk to people with the same illness",259,False,False,unparsable,False,False,1–2,<= 512 (normal)
311,Does increased nerve length within the treatment volume improve trigeminal neuralgia radiosurgery?,no,no,True,2.6811,5.1086,1.3985,2.4274,Increasing the nerve length within the treatment volume for trigeminal neuralgia radiosurgery does not improve pain relief.,277,False,False,unparsable,False,False,2–5,<= 512 (normal)
312,Amblyopia: is visual loss permanent?,no,no,True,3.3706,5.2934,0.7695,1.9228,"In this study, the visual acuity of the amblyopic eye was found to improve in only a small proportion of cases.",195,False,False,unparsable,False,False,1–2,<= 512 (normal)
313,Are physicians meeting the needs of family caregivers of the frail elderly?,no,no,True,3.0929,4.9786,0.7073,1.8857,"The majority of caregivers expressed a need for more information about the care receiver's health status, and for more information about the care receiver's needs.",220,False,False,unparsable,False,False,1–2,<= 512 (normal)
314,Will CT ordering practices change if we educate residents about the potential effects of radiation exposure?,no,yes,False,4.9572,4.7396,2.7228,0.2177,"The majority of residents (81%, 17 of 21) reported that they would be interested in radiation education.",298,False,True,unparsable,False,False,< 1 (uncertain),<= 512 (normal)
315,Is arch form influenced by sagittal molar relationship or Bolton tooth-size discrepancy?,no,no,True,0.0346,4.3913,1.2263,3.165,The prevalence of tooth-size discrepancy is high in Saudi orthodontic patients.,178,False,False,unparsable,False,False,2–5,<= 512 (normal)
316,Are the long-term results of the transanal pull-through equal to those of the transabdominal pull-through?,no,no,True,1.2624,4.7554,1.9796,2.7758,"The TERPT group had a significantly better continence score (mean, 33.7 vs.",332,False,False,unparsable,False,False,2–5,<= 512 (normal)
317,Should temperature be monitorized during kidney allograft preservation?,no,no,True,1.881,5.5224,3.3859,2.1366,The Biotainer storage can maintain the lowest temperature during preservation.,291,False,False,unparsable,False,False,2–5,<= 512 (normal)
318,Should all human immunodeficiency virus-infected patients with end-stage renal disease be excluded from transplantation?,no,yes,False,5.2461,4.5465,3.4217,0.6997,"In the United States, most centers would not transplant an HIV-infected patient with end-stage renal disease into an asymptomatic HIV-infected patient.",250,False,True,unparsable,False,False,< 1 (uncertain),<= 512 (normal)
319,Does minimal access major surgery in the newborn hurt less?,no,no,True,2.5589,7.2245,2.3814,4.6656,MAS patients had significantly lower pain scores at all time points in comparison to controls.,330,False,False,unparsable,False,False,2–5,<= 512 (normal)
320,Does increased patient awareness improve accrual into cancer-related clinical trials?,no,no,True,5.0952,5.1675,2.1657,0.0723,The odds of patients who indicated that they would participate in clinical trials increased by a factor of 1.5 (95% confidence interval [CI] = 1.1-,227,False,True,unparsable,False,False,< 1 (uncertain),<= 512 (normal)
321,Continuity of care experience of residents in an academic vascular department: are trainees learning complete surgical care?,no,no,True,4.7229,5.7504,-0.7313,1.0275,The rate of complete in-hospital continuity of care was significantly higher for elective cases admitted before the day of surgery compared with same-day admission cases (,404,False,False,unparsable,False,False,1–2,<= 512 (normal)
322,Health habits and vaccination status of Lebanese residents: are future doctors applying the rules of prevention?,no,no,True,3.1055,6.4174,1.7308,3.3119,"The vaccination gap was statistically significant between the genders (Fisher test, p-value = 0.001).",404,False,False,unparsable,False,False,2–5,<= 512 (normal)
323,Landolt C and snellen e acuity: differences in strabismus amblyopia?,no,no,True,1.2812,3.5631,0.6665,2.2819,The Landolt C acuity is more sensitive to visual acuity in the lower visual acuity range than the Snellen E acuity.,327,False,False,unparsable,False,False,2–5,<= 512 (normal)
324,The insertion allele of the ACE gene I/D polymorphism. A candidate gene for insulin resistance?,no,no,True,1.7313,4.0915,2.5602,1.5313,The ACE gene I / D polymorphism is associated with insulin resistance in NIDDM.,295,False,False,unparsable,False,False,1–2,<= 512 (normal)
325,Is fetal gender associated with emergency department visits for asthma during pregnancy?,no,no,True,3.9585,5.7767,2.9882,1.8182,Fetal gender was not associated with the risk of having an ED visit for asthma during pregnancy.,291,False,False,no,True,True,1–2,<= 512 (normal)
326,Blunt trauma in intoxicated patients: is computed tomography of the abdomen always necessary?,no,no,True,4.9826,7.6539,-0.4707,2.6713,1 / 7 (14%) vs.,173,False,False,unparsable,False,False,2–5,<= 512 (normal)
327,Risk factors for avascular necrosis of bone in patients with systemic lupus erythematosus: is there a role for antiphospholipid antibodies?,no,no,True,3.7533,7.6745,1.7615,3.9213,"aPL IgM (OR = 2.95, 95% CI = 1.01-8.57, p = 0.05), aPL IgG (OR = 3.",206,False,False,unparsable,False,False,2–5,<= 512 (normal)
328,Volume change of uterine myomas during pregnancy: do myomas really grow?,no,no,True,3.0946,5.9037,2.2516,2.8091,"The percentage of uterine myomas that decreased in size was 55.1% (95% CI: 43-66), while the percentage that enlarged was",339,False,False,unparsable,False,False,2–5,<= 512 (normal)
329,Do foreign bodies migrate through the body towards the heart?,no,no,True,-0.6916,4.0097,3.0019,1.0078,"The FB migration is a rare event, but it can be a serious complication.",217,False,False,unparsable,False,False,1–2,<= 512 (normal)
330,Does concomitant anterior/apical repair during midurethral sling improve the overactive bladder component of mixed incontinence?,no,no,True,2.9928,5.837,2.7529,2.8442,Concomitant MUS and AA repair does not improve the OAB component of MUI.,361,False,False,unparsable,False,False,2–5,<= 512 (normal)
331,Is hypoalbuminemia an independent prognostic factor in patients with gastric cancer?,no,no,True,1.4735,5.3404,2.7214,2.619,hypoalbuminemia is an independent predictor of survival in patients with gastric cancer.,255,False,False,unparsable,False,False,2–5,<= 512 (normal)
332,Is adjustment for reporting heterogeneity necessary in sleep disorders?,no,no,True,4.1893,4.6616,2.2909,0.4723,The ordered probit model is a useful tool for estimating the association of sleep and energy with socio-demographic and life-style factors.,306,False,True,unparsable,False,False,< 1 (uncertain),<= 512 (normal)
333,Can the growth rate of a gallbladder polyp predict a neoplastic polyp?,no,no,True,2.2264,5.1917,2.6137,2.578,"The growth rate of a polyp was not related to the neoplastic nature of a polyp, but older age and large size were significantly associated with neoplastic polyps.",272,False,False,unparsable,False,False,2–5,<= 512 (normal)
334,Preoperative locoregional staging of gastric cancer: is there a place for magnetic resonance imaging?,no,no,True,0.9708,6.7312,0.7324,5.7604,"MRI showed higher sensitivity (94%) than MDCT (69%) and EUS (73%) for T staging, and EUS showed higher sensitivity (",332,False,False,unparsable,False,False,> 5 (confident),<= 512 (normal)
335,Are hepatitis G virus and TT virus involved in cryptogenic chronic liver disease?,no,no,True,5.7064,6.7018,1.4279,0.9954,p = 0.001].,366,False,True,unparsable,False,False,< 1 (uncertain),<= 512 (normal)
336,Are patients with Werlhof's disease at increased risk for bleeding complications when undergoing cardiac surgery?,no,no,True,3.3812,6.3218,3.3436,2.9406,"In conclusion, patients with WD are at increased risk for bleeding complications when undergoing cardiac surgery with extracorporeal circulation.",395,False,False,unparsable,False,False,2–5,<= 512 (normal)
337,Does Mammographic Density have an Impact on the Margin Re-excision Rate After Breast-Conserving Surgery?,no,no,True,3.1647,6.5958,1.6087,3.4312,The results of this study suggest that the presence of dense breast tissue on mammography is associated with a higher rate of re-excision after BCS.,385,False,False,unparsable,False,False,2–5,<= 512 (normal)
338,Are UK radiologists satisfied with the training and support received in suspected child abuse?,no,no,True,3.3798,4.9337,3.0932,1.5539,The results of this survey indicate that there is a need for improved training and support for radiologists in the management of suspected child abuse.,207,False,False,unparsable,False,False,1–2,<= 512 (normal)
339,Do oblique views add value in the diagnosis of spondylolysis in adolescents?,no,no,True,2.007,4.9363,0.9494,2.9293,The results of this study suggest that the addition of oblique views to the standard anteroposterior and lateral radiographs of the lumbar spine does not add value in the diagnosis,470,False,False,unparsable,False,False,2–5,<= 512 (normal)
340,The clinical significance of bile duct sludge: is it different from bile duct stones?,no,no,True,3.9697,6.3319,4.5115,1.8204,BDS (p = 0.99).,313,False,False,unparsable,False,False,1–2,<= 512 (normal)
341,Can bedside assessment reliably exclude aspiration following acute stroke?,no,no,True,5.0304,5.3177,1.7687,0.2873,The sensitivity of the bedside assessment was higher than that of the medical assessment (p = 0.02).,273,False,True,unparsable,False,False,< 1 (uncertain),<= 512 (normal)
342,Does frozen section alter surgical management of multinodular thyroid disease?,no,no,True,2.4473,5.6133,1.6606,3.166,Frozen section evaluation of multinodular goiter does not alter the surgical management of patients undergoing thyroidectomy.,217,False,False,unparsable,False,False,2–5,<= 512 (normal)
343,Does type 1 diabetes mellitus affect Achilles tendon response to a 10 km run?,no,no,True,2.2041,6.3798,1.3837,4.1756,The Achilles tendon structure of T1DM and control participants was similar at baseline.,273,False,False,unparsable,False,False,2–5,<= 512 (normal)
344,Are higher rates of depression in women accounted for by differential symptom reporting?,no,no,True,5.7718,6.411,1.1898,0.6392,"Women were more likely than men to report sadness [adjusted odds ratio (AOR) = 2.895, 95% confidence interval (CI) =",304,False,True,unparsable,False,False,< 1 (uncertain),<= 512 (normal)
345,Do Indigenous Australians age prematurely?,no,no,True,2.7064,6.1197,2.9042,3.2154,Indigenous Australians age prematurely compared with non-indigenous Australians.,203,False,False,no,True,True,2–5,<= 512 (normal)
346,Adjuvant radiation of stage III thymoma: is it necessary?,no,no,True,2.3112,7.6233,0.9998,5.312,The most common site of relapse was the pleura (n = 14).,252,False,False,unparsable,False,False,> 5 (confident),<= 512 (normal)
347,Are patients with diabetes receiving the same message from dietitians and nurses?,no,no,True,3.891,5.1634,1.3668,1.2724,The results of this study suggest that CDEs are more likely to recommend carbohydrate intake with protein to treat hypoglycemia than RDs.,205,False,False,unparsable,False,False,1–2,<= 512 (normal)
348,"Do lipids, blood pressure, diabetes, and smoking confer equal risk of myocardial infarction in women as in men?",no,no,True,3.7342,5.848,0.7086,2.1139,"Women have a higher risk of coronary events than men, and the risk is higher for women than men for all major coronary risk factors.",322,False,False,unparsable,False,False,2–5,<= 512 (normal)
349,Diabetes mellitus among Swedish art glass workers--an effect of arsenic exposure?,no,no,True,3.6578,6.0772,1.0991,2.4194,The results of this study do not support the hypothesis that occupational arsenic exposure is associated with diabetes mellitus.,306,False,False,unparsable,False,False,2–5,<= 512 (normal)
350,Preoperative staging of patients with liver metastases of colorectal carcinoma. Does PET/CT really add something to multidetector CT?,no,no,True,-0.3367,6.3572,1.3502,5.0069,PET / CT changed the therapeutic strategy in 11 patients (17%).,275,False,False,unparsable,False,False,> 5 (confident),<= 512 (normal)
351,Epidural analgesia for surgical treatment of peritoneal carcinomatosis: a risky technique?,no,no,True,2.7609,6.5845,2.5968,3.8235,The risk of hypotension during the perioperative period is not negligible when epidural analgesia is performed for cytoreductive surgery and HIPEC.,272,False,False,unparsable,False,False,2–5,<= 512 (normal)
352,Do acute changes in heart rate by isoproterenol affect aortic stiffness in patients with hypertension?,no,no,True,2.3329,5.7185,2.3158,3.3856,Acute changes in HR by isoproterenol did not affect the aortic stiffness in patients with hypertension.,364,False,False,unparsable,False,False,2–5,<= 512 (normal)
353,Totally implantable venous access device placement by interventional radiologists: are prophylactic antibiotics necessary?,no,no,True,4.0274,7.0739,1.4709,3.0465,The rate of early infection for TIVADs placed without prophylactic antibiotics is low.,265,False,False,unparsable,False,False,2–5,<= 512 (normal)
354,Does increasing blood pH stimulate protein synthesis in dialysis patients?,no,no,True,-0.3409,5.6797,2.2334,3.4463,"In conclusion, our results suggest that the administration of NaHCO (3) to patients on hemodialysis does not stimulate protein synthesis and does not improve nutritional parameters",392,False,False,unparsable,False,False,2–5,<= 512 (normal)
355,Necrotizing fasciitis: an indication for hyperbaric oxygenation therapy?,no,no,True,3.1784,4.2279,0.1808,1.0495,"The results of this retrospective study suggest that HBO therapy may be beneficial for patients with NF, but further prospective studies are needed to confirm this.",275,False,False,unparsable,False,False,1–2,<= 512 (normal)
356,MR arthrography of the shoulder: do we need local anesthesia?,no,no,True,4.9004,7.8464,2.1676,2.946,"The mean pain level in group A was 2.6 ± 2.3, in group B was 2.7 ± 2.3, and in group C was 2.7 ± 2.3. The",419,False,False,unparsable,False,False,2–5,<= 512 (normal)
357,Prognosis of low-tone sudden deafness - does it inevitably progress to Meniere's disease?,no,no,True,1.764,5.5626,3.6829,1.8798,Low-tone SD is a precursor of Meniere's disease.,267,False,False,unparsable,False,False,1–2,<= 512 (normal)
358,Is there a relationship between complex fractionated atrial electrograms recorded during atrial fibrillation and sinus rhythm fractionation?,no,no,True,0.183,5.9233,-0.2474,5.7403,The distribution of SRF was significantly different between patients with AF and controls (P < .0001).,300,False,False,unparsable,False,False,> 5 (confident),<= 512 (normal)
359,Is bicompartmental knee arthroplasty more favourable to knee muscle strength and physical performance compared to total knee arthroplasty?,no,no,True,1.9283,6.8842,3.1966,3.6876,Bicompartmental knee arthroplasty is comparable to TKA in the recovery of knee muscle strength and physical performance.,319,False,False,unparsable,False,False,2–5,<= 512 (normal)
360,Does pain intensity predict a poor opioid response in cancer patients?,no,no,True,5.5355,6.838,2.2893,1.3026,(a): OEImg = (1-2) / (3 + 4); (b): OEImg = (1,232,False,False,unparsable,False,False,1–2,<= 512 (normal)
361,Does the radiographic transition zone correlate with the level of aganglionosis on the specimen in Hirschsprung's disease?,no,no,True,3.2544,6.2292,3.7817,2.4474,The radiological transition zone is not a reliable predictor of the total length of aganglionosis in Hirschsprung's disease.,253,False,False,unparsable,False,False,2–5,<= 512 (normal)
362,Serovar specific immunity to Neisseria gonorrhoeae: does it exist?,no,no,True,2.6977,7.2449,3.3865,3.8584,Serovar specific immunity to gonorrhoea is not a significant factor in determining the outcome of a subsequent infection.,126,False,False,unparsable,False,False,2–5,<= 512 (normal)
363,Is calibration the cause of variation in liquid chromatography tandem mass spectrometry testosterone measurement?,no,no,True,1.4133,5.9764,1.4499,4.5265,The results show that the variation in testosterone results between laboratories is not due to differences in calibration.,248,False,False,unparsable,False,False,2–5,<= 512 (normal)
364,Internal derangement of the temporomandibular joint: is there still a place for ultrasound?,no,no,True,4.3888,4.7615,2.1905,0.3727,The diagnostic value of ultrasound in the detection of internal derangements of the temporomandibular joint is limited.,170,False,True,no,True,True,< 1 (uncertain),<= 512 (normal)
365,Does delivery mode affect women's postpartum quality of life in rural China?,no,no,True,3.8396,6.1973,1.1928,2.3577,"The overall caeserean section rate was 70 · 0% (962 / 1375), and most of them (59 · 7%",301,False,False,unparsable,False,False,2–5,<= 512 (normal)
366,Endovenous laser ablation in the treatment of small saphenous varicose veins: does site of access influence early outcomes?,no,no,True,1.9818,6.3797,-0.4969,4.3979,The study concluded that EVLA is a safe and effective treatment for small saphenous vein incompetence.,301,False,False,unparsable,False,False,2–5,<= 512 (normal)
367,Is there a role for fondaparinux in perioperative bridging?,no,no,True,3.3147,3.8472,2.3104,0.5326,Fondaparinux may be a useful perioperative bridging agent in the perioperative setting.,343,False,True,unparsable,False,False,< 1 (uncertain),<= 512 (normal)
368,Is it better to be big?,no,no,True,3.7053,4.6933,2.7746,0.988,"The results show that the merger of Blekinge Hospital is a positive experience for the employees, but that the merger is not a good idea",221,False,True,unparsable,False,False,< 1 (uncertain),<= 512 (normal)
369,Chemotherapy and survival in advanced non-small cell lung carcinoma: is pneumologists' skepticism justified?,no,no,True,6.3389,7.2153,2.4253,0.8764,"No weight loss (HR, 2.84; 95% CI, 1.63-5.00; P = .0001), no cytostatic treatment (HR, 2.",412,False,True,no,True,True,< 1 (uncertain),<= 512 (normal)
370,The association of puberty and young adolescent alcohol use: do parents have a moderating role?,no,no,True,4.3782,5.0394,2.3365,0.6612,The association of puberty and alcohol use in adolescents is moderated by family factors.,210,False,True,unparsable,False,False,< 1 (uncertain),<= 512 (normal)
371,Does increased use of private health care reduce the demand for NHS care?,no,no,True,3.9173,4.7684,4.0373,0.7311,The NHS referral rate was significantly higher in wards with private referral rates in the top fifth compared with the bottom fifth after adjustment for deprivation (rate ratio 1.32,291,False,True,unparsable,False,False,< 1 (uncertain),<= 512 (normal)
372,Is decompressive surgery effective for spinal cord sarcoidosis accompanied with compressive cervical myelopathy?,no,no,True,2.0216,4.6083,1.572,2.5868,The results of this study suggest that decompressive surgery is effective for spinal cord sarcoidosis accompanied with compressive cervical myelopathy.,362,False,False,unparsable,False,False,2–5,<= 512 (normal)
373,Does the aggressive use of polyvalent antivenin for rattlesnake bites result in serious acute side effects?,no,no,True,2.5083,5.19,-1.5755,2.6817,The incidence of acute side effects from the use of polyvalent antivenin for rattlesnake bites is low.,446,False,False,unparsable,False,False,2–5,<= 512 (normal)
374,Does successful completion of the Perinatal Education Programme result in improved obstetric practice?,no,no,True,2.7778,6.0831,0.2588,3.3053,The results of this study suggest that the PEP has a positive effect on obstetric practice.,474,False,False,unparsable,False,False,2–5,<= 512 (normal)
375,Can surgeon familiarization with current evidence lead to a change in practice?,no,no,True,4.3831,6.6004,2.3925,2.2173,p = 0.182.,262,False,False,unparsable,False,False,2–5,<= 512 (normal)
376,Kell alloimmunization in pregnancy: associated with fetal thrombocytopenia?,no,no,True,2.3123,5.2938,2.8102,2.4836,Kell alloimmunization in pregnancy is associated with fetal thrombocytopenia.,241,False,False,unparsable,False,False,2–5,<= 512 (normal)
377,Globulomaxillary cysts--do they really exist?,no,no,True,-0.7893,5.2945,1.0106,4.2839,"The globulomaxillary cysts are not a distinct entity, but rather a group of different entities.",212,False,False,unparsable,False,False,2–5,<= 512 (normal)
378,Colorectal cancer with synchronous liver metastases: does global management at the same centre improve results?,no,no,True,0.2292,5.1805,1.1352,4.0453,"In conclusion, the results of synchronous liver resection for CRC and SLM are similar in GM and SM groups, but the delay between procedures is longer in",325,False,False,unparsable,False,False,2–5,<= 512 (normal)
379,Are octogenarians at high risk for carotid endarterectomy?,no,no,True,0.6916,6.9097,1.4775,5.4322,The perioperative stroke rate was 0.97%.,280,False,False,unparsable,False,False,> 5 (confident),<= 512 (normal)
380,Is there a need for pelvic CT scan in cases of renal cell carcinoma?,no,no,True,2.0525,6.781,3.4121,3.3689,"The sensitivity, specificity, positive predictive value, negative predictive value and accuracy of pelvic CT scan in detecting pelvic pathology were 100%, 99.5%,",281,False,False,unparsable,False,False,2–5,<= 512 (normal)
381,Should circumcision be performed in childhood?,no,no,True,4.0251,6.0431,2.8386,2.018,The prepuce retractibility is a very important factor in the evaluation of the prepuce in boys.,290,False,False,unparsable,False,False,2–5,<= 512 (normal)
382,Does the Simultaneous Use of a Neuroendoscope Influence the Incidence of Ventriculoperitoneal Shunt Infection?,no,no,True,5.9441,6.6826,2.4856,0.7385,The infection rate was not significantly different between the groups (P = 0.105).,317,False,True,unparsable,False,False,< 1 (uncertain),<= 512 (normal)
383,Is the probability of prenatal diagnosis or termination of pregnancy different for fetuses with congenital anomalies conceived following assisted reproductive techniques?,no,no,True,1.8389,6.7772,1.8606,4.9166,The probability of PND and TOPFA for ART-conceived fetuses with CHD is not different from that of spontaneously conceived fetuses.,282,False,False,unparsable,False,False,2–5,<= 512 (normal)
384,Is There an Additional Value of Using Somatostatin Receptor Subtype 2a Immunohistochemistry Compared to Somatostatin Receptor Scintigraphy Uptake in Predicting Gastroenteropancreatic Neuroendocrine Tumor Response?,no,no,True,4.1268,6.8239,3.461,2.6971,sst2a IHC-negative / positive.,353,False,False,unparsable,False,False,2–5,<= 512 (normal)
385,Does growth hormone replacement therapy reduce mortality in adults with growth hormone deficiency?,no,no,True,0.5717,5.7712,1.671,4.1001,"In conclusion, GH treatment in adults with GHD is associated with a decreased all-cause mortality.",278,False,False,unparsable,False,False,2–5,<= 512 (normal)
386,Can decisional algorithms replace global introspection in the individual causality assessment of spontaneously reported ADRs?,no,no,True,0.9726,4.6537,-0.4431,3.6811,The GI method was found to be a useful tool for the assessment of causality of spontaneously reported ADRs.,195,False,False,unparsable,False,False,2–5,<= 512 (normal)
387,Sternal skin conductance: a reasonable surrogate for hot flash measurement?,no,no,True,2.5629,4.5283,0.2655,1.9654,The first prototype of the device was able to collect usable data in a monitored setting for 24 hours and 5 weeks.,217,False,False,unparsable,False,False,1–2,<= 512 (normal)
388,Is the Androgen Deficiency of Aging Men (ADAM) questionnaire useful for the screening of partial androgenic deficiency of aging men?,no,yes,False,6.9088,5.1161,2.492,1.7927,The ADAM questionnaire is a useful screening tool for PADAM in healthy adult men.,444,False,False,unparsable,False,False,1–2,<= 512 (normal)
389,Does a history of unintended pregnancy lessen the likelihood of desire for sterilization reversal?,no,no,True,4.374,5.4752,2.1383,1.1012,The results of this study suggest that a history of unintended pregnancy does not lessen the likelihood of desire for sterilization reversal.,251,False,False,unparsable,False,False,1–2,<= 512 (normal)
390,Can we measure mesopic pupil size with the cobalt blue light slit-lamp biomicroscopy method?,no,no,True,2.439,6.2753,1.941,3.8363,The SLBM method is a reliable and reproducible method for measuring pupil size.,340,False,False,unparsable,False,False,2–5,<= 512 (normal)
391,Does stress increase imitation of drinking behavior?,no,no,True,2.3913,5.8391,2.0027,3.4477,The results suggest that the tendency to imitate alcohol consumption is not only influenced by the drinking behavior of others but also by the drinking behavior of the con,275,False,False,unparsable,False,False,2–5,<= 512 (normal)
392,Do clinical variables predict pathologic radiographs in the first episode of wheezing?,no,no,True,2.7237,5.8427,1.766,3.119,The discriminant analysis correctly predicted pathologic radiographs in 89% of patients.,218,False,False,unparsable,False,False,2–5,<= 512 (normal)
393,"Is distance to provider a barrier to care for medicaid patients with breast, colorectal, or lung cancer?",no,no,True,1.8446,3.9798,2.5836,1.3962,"Distance to provider is a better indicator of travel burden than driving time for breast, CRC and lung cancer Medicaid patients.",247,False,False,unparsable,False,False,1–2,<= 512 (normal)
394,Laminoplasty outcomes: is there a difference between patients with degenerative stenosis and those with ossification of the posterior longitudinal ligament?,no,no,True,0.2758,5.8706,1.9029,3.9677,The authors found no significant differences in the clinical and radiographic outcomes between patients with degenerative stenosis and those with segmental OPLL following laminoplasty.,441,False,False,no,True,True,2–5,<= 512 (normal)
395,Do overweight children necessarily make overweight adults?,no,no,True,-0.5353,4.4996,1.1721,3.3275,The present study suggests that the body mass index of Japanese girls and women in early childhood is not necessarily a good indicator of their body mass index in adolescence,245,False,False,unparsable,False,False,2–5,<= 512 (normal)
396,Does patient position during liver surgery influence the risk of venous air embolism?,no,no,True,0.7943,6.1212,1.5696,4.5516,The authors conclude that the risk of venous air embolism during liver surgery is not reduced by the Trendelenberg position.,169,False,False,unparsable,False,False,2–5,<= 512 (normal)
397,Is routine chest radiography after transbronchial biopsy necessary?,no,no,True,3.1062,7.3175,1.6967,4.2114,Routine CXR after bronchoscopy and TBB is not necessary.,245,False,False,unparsable,False,False,2–5,<= 512 (normal)
398,Can folic acid protect against congenital heart defects in Down syndrome?,no,yes,False,6.4274,6.4219,3.3854,0.0055,The results of this study do not support the hypothesis that FA protects against congenital heart defects in DS.,325,False,True,unparsable,False,False,< 1 (uncertain),<= 512 (normal)
399,Location and number of sutures placed for hiatal hernia repair during laparoscopic adjustable gastric banding: does it matter?,no,no,True,1.2073,5.7143,1.564,4.1503,"The number of sutures placed for HHR during LAGB is not associated with differences in LOS, readmission, or reoperation rates.",405,False,False,unparsable,False,False,2–5,<= 512 (normal)
400,Does the distribution of health care benefits in Kenya meet the principles of universal coverage?,no,no,True,2.4042,5.9048,0.7105,3.5007,"The results show that the distribution of benefits in Kenya is pro-rich in 2003, but pro-poor in 2007.",319,False,False,unparsable,False,False,2–5,<= 512 (normal)
401,Are women with major depression in pregnancy identifiable in population health data?,no,no,True,1.2507,6.4655,3.5451,2.9204,The results of this study suggest that the use of a hospital admission dataset for the ascertainment of major depression in pregnancy is not a valid research tool.,463,False,False,unparsable,False,False,2–5,<= 512 (normal)
402,Can bone thickness and inter-radicular space affect miniscrew placement in posterior mandibular sites?,no,no,True,-0.4647,4.1298,2.561,1.5688,The results of this study suggest that the miniscrew insertion angle is not a significant factor in the thickness of the alveolar bone or the inter-radicular,375,False,False,unparsable,False,False,1–2,<= 512 (normal)
403,SPECT study with I-123-Ioflupane (DaTSCAN) in patients with essential tremor. Is there any correlation with Parkinson's disease?,no,no,True,2.5941,5.8353,3.2369,2.5984,The results of this study suggest that the use of DaTSCAN SPECT in patients with ET may be helpful in the differential diagnosis between ET and PD.,573,False,False,unparsable,False,False,2–5,> 512 (long)
404,Are many colorectal cancers due to missed adenomas?,no,no,True,1.628,6.5084,5.774,0.7344,The results of this study suggest that many colorectal cancers could be due to missed adenomas.,220,False,True,unparsable,False,False,< 1 (uncertain),<= 512 (normal)
405,Clinician assessment for acute chest syndrome in febrile patients with sickle cell disease: is it accurate enough?,no,no,True,3.8646,4.3761,1.8286,0.5115,The results of this study suggest that the use of CXR in febrile patients with SCD presenting to the emergency department and hematology clinic is of limited value in,341,False,True,unparsable,False,False,< 1 (uncertain),<= 512 (normal)
406,Can nonproliferative breast disease and proliferative breast disease without atypia be distinguished by fine-needle aspiration cytology?,no,no,True,2.3709,4.8737,-0.0785,2.5028,PBD versus NPBD.,210,False,False,unparsable,False,False,2–5,<= 512 (normal)
407,Is vancomycin MIC creep a worldwide phenomenon?,no,no,True,0.4719,5.8238,3.445,2.3789,Vancomycin MIC creep is a global phenomenon.,297,False,False,unparsable,False,False,2–5,<= 512 (normal)
408,Is vitamin D deficiency a feature of pediatric celiac disease?,no,no,True,0.5093,5.7335,2.9598,2.7737,Vitamin D deficiency is not a feature of pediatric CD.,366,False,False,unparsable,False,False,2–5,<= 512 (normal)
409,Is renal warm ischemia over 30 minutes during laparoscopic partial nephrectomy possible?,no,no,True,4.6469,7.3048,3.1337,2.6579,The results of this study suggest that LPN with warm ischemia time > 30 min is not associated with renal damage and impairment of renal function.,308,False,False,unparsable,False,False,2–5,<= 512 (normal)
410,PSA repeatedly fluctuating levels are reassuring enough to avoid biopsy?,no,no,True,2.368,5.1947,3.1803,2.0144,PSA slope is not a good predictor of PC detection in patients with flu-PSA.,288,False,False,no,True,True,2–5,<= 512 (normal)
411,Does immediate breast reconstruction compromise the delivery of adjuvant chemotherapy?,no,no,True,3.1041,7.0172,0.334,3.9131,IBR: median time to chemotherapy: IBR: 4 months (range: 1-12) versus mastectomy alone: 4 months (range: 1,196,False,False,unparsable,False,False,2–5,<= 512 (normal)
412,Prognosis of well differentiated small hepatocellular carcinoma--is well differentiated hepatocellular carcinoma clinically early cancer?,no,no,True,4.2813,5.0543,2.7953,0.773,Well differentiated small HCC is not necessarily clinically early cancer.,299,False,True,unparsable,False,False,< 1 (uncertain),<= 512 (normal)
413,Does a preoperative medically supervised weight loss program improve bariatric surgery outcomes?,no,no,True,3.5281,7.1728,1.9395,3.6447,Participation in a MSWM program did not predict weight loss outcomes for patients undergoing LAGB.,370,False,False,unparsable,False,False,2–5,<= 512 (normal)
414,Bony defects in chronic anterior posttraumatic dislocation of the shoulder: Is there a correlation between humeral and glenoidal lesions?,no,no,True,3.422,7.2222,3.0582,3.8002,The D / R ratio is not a reliable parameter to assess the presence of humeral and glenoid bone defects in patients with chronic posttraumatic anterior shoulder instability.,372,False,False,unparsable,False,False,2–5,<= 512 (normal)
415,Does the bracket-ligature combination affect the amount of orthodontic space closure over three months?,no,no,True,1.1739,6.1042,0.9295,4.9303,The use of Damon 3MX (®) passive self-ligating brackets in conjunction with elastomeric ligatures does not appear to affect the amount,320,False,False,unparsable,False,False,2–5,<= 512 (normal)
416,Can increases in the cigarette tax rate be linked to cigarette retail prices?,no,no,True,0.7769,4.3054,1.3878,2.9176,"The Chinese STMA has been able to increase the cigarette tax rate by more than 50%, but the government has not been able to increase the retail",191,False,False,unparsable,False,False,2–5,<= 512 (normal)
417,Attaining negative margins in breast-conservation operations: is there a consensus among breast surgeons?,no,yes,False,6.0643,5.0104,2.6062,1.0539,The results of this survey suggest that there is a wide variation in the surgical management of breast cancer patients with negative margins.,286,False,False,unparsable,False,False,1–2,<= 512 (normal)
418,Does the sequence of clamp application during open abdominal aortic aneurysm surgery influence distal embolisation?,no,no,True,2.3173,5.4162,3.2597,2.1565,The results of this study suggest that the sequence of clamp application during AAA repair does not influence the number of emboli passing distally.,187,False,False,unparsable,False,False,2–5,<= 512 (normal)
419,Discharging patients earlier from Winnipeg hospitals: does it adversely affect quality of care?,no,no,True,-0.5086,6.4135,2.2578,4.1557,Decreasing length of stay over time was not associated with increased readmission rates or mean number of physician visits after discharge for selected diagnostic categories.,408,False,False,unparsable,False,False,2–5,<= 512 (normal)
420,Surgical management of the atherosclerotic ascending aorta: is endoaortic balloon occlusion safe?,no,no,True,1.9252,4.632,0.7476,2.7068,Endoaortic occlusion is a safe and effective method of aortic cross-clamping in patients with atherosclerotic ascending aorta.,326,False,False,unparsable,False,False,2–5,<= 512 (normal)
421,Is there a relationship between serum paraoxonase level and epicardial fat tissue thickness?,no,no,True,2.6068,5.181,2.6821,2.4989,Serum paraoxonase 1 level is not correlated with epicardial fat tissue thickness.,288,False,False,unparsable,False,False,2–5,<= 512 (normal)
422,Do antibiotics decrease post-tonsillectomy morbidity?,no,no,True,4.4455,7.1526,1.6421,2.707,The use of antibiotics in tonsillectomy with or without adenoidectomy is not recommended.,211,False,False,unparsable,False,False,2–5,<= 512 (normal)
423,Should prostate specific antigen be adjusted for body mass index?,no,no,True,0.1365,6.2069,1.757,4.4499,Prostate specific antigen must be adjusted for body mass index in men without prostate cancer.,274,False,False,unparsable,False,False,2–5,<= 512 (normal)
424,Is it necessary to insert a nasobiliary drainage tube routinely after endoscopic clearance of the common bile duct in patients with choledocholithiasis-induced cholangitis?,no,no,True,2.7052,7.7474,1.348,5.0422,Routine insertion of an ENBD tube after endoscopic clearance of CBD stones in patients with choledocholithiasis-induced acute cholangitis does not improve the clinical outcomes.,364,False,False,unparsable,False,False,> 5 (confident),<= 512 (normal)
425,Have antiepileptic drug prescription claims changed following the FDA suicidality warning?,no,no,True,4.1205,5.8489,-0.7476,1.7284,"Before the FDA warning period, the monthly increase in AED prescription claims was -0.01% (99% CI: -0.02% to -0.01%,",332,False,False,unparsable,False,False,1–2,<= 512 (normal)
426,Are high flow nasal cannulae noisier than bubble CPAP for preterm infants?,no,no,True,2.3593,6.3045,1.6887,3.9452,High flow nasal cannulae are noisier than bubble CPAP for preterm infants.,346,False,False,unparsable,False,False,2–5,<= 512 (normal)
427,Are the arginine vasopressin V1a receptor microsatellites related to hypersexuality in children with a prepubertal and early adolescent bipolar disorder phenotype?,no,no,True,2.5567,4.7496,2.446,2.1929,The AVPR1A microsatellite [(GATA) (14)] and complex [(CT) (4) -TT- (CT) (8,489,False,False,unparsable,False,False,2–5,<= 512 (normal)
428,Are variations in the use of carotid endarterectomy explained by population Need?,no,no,True,2.2617,6.2015,2.7765,3.425,The use of CEA is not explained by population need.,227,False,False,no,True,True,2–5,<= 512 (normal)
429,Do supervised colorectal trainees differ from consultants in terms of quality of TME surgery?,no,no,True,1.3008,6.6625,2.5996,4.0629,Supervised colorectal trainees are as likely to achieve good quality of excision of the mesorectum as consultants.,307,False,False,unparsable,False,False,2–5,<= 512 (normal)
430,Major depression and alcohol use disorder in adolescence: Does comorbidity lead to poorer outcomes of depression?,no,no,True,3.6161,5.9605,4.2732,1.6873,The findings suggest that comorbid MD / AUD in adolescence is associated with poorer outcomes of MD in adulthood.,286,False,False,unparsable,False,False,1–2,<= 512 (normal)
431,Perioperative care in an animal model for training in abdominal surgery: is it necessary a preoperative fasting?,no,no,True,3.2022,6.0949,4.5712,1.5236,"The rabbit may be used as a model for training in abdominal surgery, in addition to its perioperative care, in addition to its preoperative care.",271,False,False,unparsable,False,False,1–2,<= 512 (normal)
432,Metastatic carcinoma to the cervical nodes from an unknown head and neck primary site: Is there a need for neck dissection?,no,no,True,2.3765,6.8223,0.5277,4.4458,The overall survival was significantly better in patients who had biopsy (p = .016).,359,False,False,unparsable,False,False,2–5,<= 512 (normal)
433,Does Viral Co-Infection Influence the Severity of Acute Respiratory Infection in Children?,no,no,True,3.4852,5.9074,2.1347,2.4222,Viral co-infection is not a significant predictor of severity in children with ARI.,358,False,False,unparsable,False,False,2–5,<= 512 (normal)
434,Cardiopulmonary bypass temperature does not affect postoperative euthyroid sick syndrome?,no,no,True,0.2369,6.562,-0.1548,6.3251,Cardiopulmonary bypass temperature does not affect postoperative euthyroid sick syndrome.,313,False,False,unparsable,False,False,> 5 (confident),<= 512 (normal)
435,Xanthogranulomatous cholecystitis: a premalignant condition?,no,no,True,0.4825,3.8747,2.2998,1.5749,Xanthogranulomatous cholecystitis (XGC) is a premalignant condition.,412,False,False,unparsable,False,False,1–2,<= 512 (normal)
436,Does septoplasty change the dimensions of compensatory hypertrophy of the middle turbinate?,no,no,True,0.0273,5.0198,3.0948,1.925,Septoplasty does not change the dimensions of the middle turbinate on the deviated side.,181,False,False,no,True,True,1–2,<= 512 (normal)
437,Prescriptions as a proxy for asthma in children: a good choice?,no,yes,False,4.8794,4.4033,3.0806,0.4761,Stock et al.,290,False,True,unparsable,False,False,< 1 (uncertain),<= 512 (normal)
438,Does combining antiretroviral agents in a single dosage form enhance quality of life of HIV/AIDS patients?,no,no,True,1.234,4.8617,1.4178,3.4439,Combining antiretroviral agents into a single dosage form is a cost-effective strategy for HIV / AIDS patients.,401,False,False,unparsable,False,False,2–5,<= 512 (normal)
439,Does desflurane alter left ventricular function when used to control surgical stimulation during aortic surgery?,no,no,True,3.6681,6.6142,1.3734,2.9461,Desflurane does not alter LV function when used to control intraoperative hypertension during aortic surgery.,379,False,False,no,True,True,2–5,<= 512 (normal)
440,Is fluoroscopy essential for retrieval of lower ureteric stones?,no,no,True,2.0302,7.5734,2.5025,5.0709,The success rate of ureteroscopy for lower ureteric stones without the use of fluoroscopy is 94.2%.,339,False,False,unparsable,False,False,> 5 (confident),<= 512 (normal)
441,Does the treatment of amblyopia normalise subfoveal choroidal thickness in amblyopic children?,no,no,True,0.879,4.7086,0.5567,3.8295,The treatment of amblyopia in anisometropic hyperopic children with unilateral amblyopia significantly increased the subfoveal choroidal thickness.,285,False,False,unparsable,False,False,2–5,<= 512 (normal)
442,Should tumor depth be included in prognostication of soft tissue sarcoma?,no,no,True,4.4138,5.5328,2.2892,1.119,Tumor depth should be included in prognostication of soft tissue sarcoma.,296,False,False,unparsable,False,False,1–2,<= 512 (normal)
443,Does performance in selection processes predict performance as a dental student?,no,no,True,-0.0824,5.4319,1.0122,4.4197,The findings of this study suggest that the performance of dental students in selection procedures is not a strong predictor of their academic success in the dental programme.,217,False,False,unparsable,False,False,2–5,<= 512 (normal)
444,"Antiretroviral therapy related adverse effects: Can sub-Saharan Africa cope with the new ""test and treat"" policy of the World Health Organization?",no,no,True,0.8395,4.9216,2.8279,2.0937,"The WHO recommends that all countries in SSA adopt the ""test and treat"" policy of the WHO, and that the country should be prepared to deal with",366,False,False,unparsable,False,False,2–5,<= 512 (normal)
445,"Expression of c-kit protooncogen in hepatitis B virus-induced chronic hepatitis, cirrhosis and hepatocellular carcinoma: has it a diagnostic role?",maybe,no,False,3.4812,4.1403,2.8563,0.6591,"c-kit overexpression in chronic hepatitis B infection, cirrhosis and HCC.",285,False,True,unparsable,False,False,< 1 (uncertain),<= 512 (normal)
446,Can calprotectin predict relapse risk in inflammatory bowel disease?,maybe,no,False,2.0636,4.4445,4.2489,0.1956,Calprotectin test is a useful tool for predicting the clinical course of IBD patients in clinical remission.,303,False,True,unparsable,False,False,< 1 (uncertain),<= 512 (normal)
447,Does shaving the incision site increase the infection rate after spinal surgery?,maybe,no,False,5.515,6.0498,0.3096,0.5348,Shaving the incision site before surgery increases the infection rate after spinal surgery.,221,False,True,unparsable,False,False,< 1 (uncertain),<= 512 (normal)
448,Antral follicle assessment as a tool for predicting outcome in IVF--is it a better predictor than age and FSH?,maybe,no,False,3.8369,4.5625,1.3676,0.7257,Baseline antral follicle assessment may serve as a useful adjunct in predicting the outcome of in vitro fertilization.,308,False,True,unparsable,False,False,< 1 (uncertain),<= 512 (normal)
449,Treatment of contralateral hydrocele in neonatal testicular torsion: Is less more?,maybe,no,False,2.8405,7.0343,-0.1158,4.1938,"In our series, contralateral hydrocele was not a contraindication to scrotal fixation in cases of neonatal testicular torsion.",344,False,False,unparsable,False,False,2–5,<= 512 (normal)
450,Do parents recall and understand children's weight status information after BMI screening?,maybe,no,False,2.7602,6.0975,1.1707,3.3373,Parents who received feedback via BPC were more likely to recall their child's weight status (OR 2.39; 95% CI 1.32 to 4.38),351,False,False,unparsable,False,False,2–5,<= 512 (normal)
451,Do Web-based and clinic samples of gay men living with HIV differ on self-reported physical and psychological symptoms?,maybe,no,False,1.91,5.4516,1.6908,3.5416,The findings suggest that the Internet may be a useful tool for recruiting samples of gay men living with HIV to research and interventions.,524,False,False,unparsable,False,False,2–5,> 512 (long)
452,Are home sampling kits for sexually transmitted infections acceptable among men who have sex with men?,maybe,no,False,1.5277,5.1281,1.998,3.1301,The majority of participants (n = 19) found the kits easy to use and felt that they were acceptable to use.,267,False,False,unparsable,False,False,2–5,<= 512 (normal)
453,Does rugby headgear prevent concussion?,maybe,no,False,4.1543,4.2988,0.843,0.1445,"""The headgear is not mandatory"" (63%), ""it is uncomfortable"" (33%), and ""it is not",221,False,True,no,True,True,< 1 (uncertain),<= 512 (normal)
454,Does body mass index (BMI) influence morbidity and long-term survival in gastric cancer patients after gastrectomy?,maybe,no,False,1.6118,4.1712,2.8412,1.33,The results of this study suggest that the body mass index may be a useful prognostic factor in gastric cancer patients after gastrectomy.,264,False,False,unparsable,False,False,1–2,<= 512 (normal)
455,Is determination between complete and incomplete traumatic spinal cord injury clinically relevant?,maybe,yes,False,5.4083,5.0517,0.3755,0.3566,The acute phase sacral sparing measurements with regard to chronic phase-independent ambulation in patients with traumatic SCI are clinically relevant.,397,False,True,unparsable,False,False,< 1 (uncertain),<= 512 (normal)
456,Does use of hydrophilic guidewires significantly improve technical success rates of peripheral PTA?,maybe,no,False,2.4483,5.7427,2.5971,3.1456,The technical success rate of PTA of SFA stenosis was significantly higher in the hydrophilic guidewire group than in the conventional wire group (96% vs.,310,False,False,unparsable,False,False,2–5,<= 512 (normal)
457,"Are lifetime prevalence of impetigo, molluscum and herpes infection really increased in children having atopic dermatitis?",maybe,no,False,2.9993,5.9229,3.9826,1.9402,"This study suggests that the prevalence of IC, MC and HI in children with AD is not increased.",288,False,False,unparsable,False,False,1–2,<= 512 (normal)
458,Can routinely collected ambulance data about assaults contribute to reduction in community violence?,maybe,no,False,2.243,3.9056,3.7188,0.1868,This study suggests that police-ED data-sharing can be used to identify and address community-violence using a hotspot methodology.,320,False,True,unparsable,False,False,< 1 (uncertain),<= 512 (normal)
459,Is irritable bowel syndrome a diagnosis of exclusion?,maybe,no,False,1.1409,5.7304,0.3607,4.5895,"In the D-IBS vignette, experts were more likely to endorse IBS as a diagnosis of exclusion (67 vs.",334,False,False,unparsable,False,False,2–5,<= 512 (normal)
460,Is a patient's self-reported health-related quality of life a prognostic factor for survival in non-small-cell lung cancer patients?,maybe,no,False,5.4641,8.0664,0.1148,2.6023,patients with a score of pain and dysphagia of 10 or more had a HR of 2.39 (95% CI 1.31-4.46; P = 0.005,295,False,False,unparsable,False,False,2–5,<= 512 (normal)
461,Vaginal dose assessment in image-guided brachytherapy for cervical cancer: Can we really rely on dose-point evaluation?,maybe,no,False,3.2335,6.6181,2.6321,3.3846,The PIBS points are not a reliable indicator of the dose delivered to the vagina.,352,False,False,unparsable,False,False,2–5,<= 512 (normal)
462,Is there a role for endothelin-1 in the hemodynamic changes during hemodialysis?,maybe,no,False,-0.4998,5.03,3.419,1.611,The intradialytic increase in ET-1 level was significantly higher in group II and group III compared to group I (P < 0.001).,354,False,False,unparsable,False,False,1–2,<= 512 (normal)
463,Is vitamin D insufficiency or deficiency related to the development of osteochondritis dissecans?,maybe,no,False,4.3244,5.9073,3.9011,1.5829,Vitamin D insufficiency or deficiency is a possible etiological factor in the development of an OCD lesion.,176,False,False,unparsable,False,False,1–2,<= 512 (normal)
464,Does timing of initial surfactant treatment make a difference in rates of chronic lung disease or mortality in premature infants?,maybe,no,False,4.5076,6.1864,1.6042,1.6788,Early surfactant administration (within one hour of birth) was associated with less CLD and mortality in preterm infants with or at risk of respiratory distress syndrome.,279,False,False,unparsable,False,False,1–2,<= 512 (normal)
465,Is it Crohn's disease?,maybe,no,False,2.0099,3.1959,1.1293,1.186,Sulfasalazine is a widely used anti-inflammatory agent in the treatment of inflammatory bowel disease and rheumatological disorders.,138,False,False,unparsable,False,False,1–2,<= 512 (normal)
466,Do French lay people and health professionals find it acceptable to breach confidentiality to protect a patient's wife from a sexually transmitted disease?,maybe,no,False,4.1961,7.2043,1.7341,3.0082,"""always acceptable"" (n = 14), ""depending on the many circumstances"" (n = 87), ""not at all acceptable"" (",348,False,False,unparsable,False,False,2–5,<= 512 (normal)
467,Can patients be anticoagulated after intracerebral hemorrhage?,maybe,no,False,2.1287,5.9609,0.855,3.8322,"Warfarin is preferred for patients with prior lobar ICH if the risk of thromboembolic stroke is high (> 10%), but withholding anticoagulation is",270,False,False,unparsable,False,False,2–5,<= 512 (normal)
468,Do elderly patients call 911 when presented with clinical scenarios suggestive of acute stroke?,maybe,no,False,3.3528,5.578,2.0132,2.2252,"The results of this study suggest that the elderly population in Buenos Aires, Argentina, is not adequately aware of the need to call 911",311,False,False,unparsable,False,False,2–5,<= 512 (normal)
469,Are opioid dependence and methadone maintenance treatment (MMT) documented in the medical record?,maybe,no,False,2.3043,6.4019,2.1053,4.0975,The results of this study suggest that the majority of patients in a methadone clinic had at least 1 medication that potentially interacted with methadone.,273,False,False,unparsable,False,False,2–5,<= 512 (normal)
470,Should chest wall irradiation be included after mastectomy and negative node breast cancer?,maybe,no,False,1.7407,6.4416,3.9016,2.5399,Local recurrence rate was 5% (five cases).,139,False,False,unparsable,False,False,2–5,<= 512 (normal)
471,Does managed care enable more low income persons to identify a usual source of care?,maybe,no,False,3.6602,5.6551,2.726,1.9949,"For the insured, having a usual physician is associated with a higher likelihood of having a usual source of care (73.1% vs.",246,False,False,unparsable,False,False,1–2,<= 512 (normal)
472,Is the cell death in mesial temporal sclerosis apoptotic?,maybe,no,False,3.7089,5.3453,2.7478,1.6363,The results of this study suggest that apoptosis is not a major mechanism of neuronal death in MTS.,258,False,False,unparsable,False,False,1–2,<= 512 (normal)
473,Does vaginal intraepithelial neoplasia have the same evolution as cervical intraepithelial neoplasia?,maybe,no,False,2.6685,5.8303,4.2456,1.5846,"""Active"" vaginal lesions are more frequent than ""non active"" vaginal lesions.",319,False,False,unparsable,False,False,1–2,<= 512 (normal)
474,Does government assistance improve utilization of eye care services by low-income individuals?,maybe,no,False,5.0314,5.0796,0.515,0.0482,The results of this study suggest that low-income individuals in Canada are not receiving adequate assistance to receive eye care services.,357,False,True,unparsable,False,False,< 1 (uncertain),<= 512 (normal)
475,HIF1A as a major vascular endothelial growth factor regulator: do its polymorphisms have an association with age-related macular degeneration?,maybe,no,False,4.4051,6.194,1.4097,1.7889,"rs1061170 (CFH), rs2679798 (MYRIP), rs2679798 (MYRIP) and rs1",413,False,False,unparsable,False,False,1–2,<= 512 (normal)
476,Detailed analysis of sputum and systemic inflammation in asthma phenotypes: are paucigranulocytic asthmatics really non-inflammatory?,maybe,no,False,-1.9412,4.4459,0.7147,3.7312,The study shows that the inflammatory phenotypes of asthma are heterogeneous and that the paucigranulocytic phenotype is the most inflammatory.,333,False,False,unparsable,False,False,2–5,<= 512 (normal)
477,Do Surrogates of Injury Severity Influence the Occurrence of Heterotopic Ossification in Fractures of the Acetabulum?,maybe,no,False,5.445,5.7948,0.7651,0.3497,HO development (Brooker Grade III / IV) 6 months postsurgery.,353,False,True,unparsable,False,False,< 1 (uncertain),<= 512 (normal)
478,Does obstructive sleep apnea affect aerobic fitness?,maybe,no,False,2.3863,4.4901,0.1238,2.1038,Patients with OSA have an increased VO2max when compared to the normative data from cycle ergometry.,181,False,False,unparsable,False,False,2–5,<= 512 (normal)
479,30-Day and 1-year mortality in emergency general surgery laparotomies: an area of concern and need for improvement?,maybe,no,False,2.0196,5.0777,2.3868,2.6909,The 30-day mortality was 12% in those aged < 70 years and 22% in those aged > 70 years (p < 0.001).,249,False,False,unparsable,False,False,2–5,<= 512 (normal)
480,Combining process indicators to evaluate quality of care for surgical patients with colorectal cancer: are scores consistent with short-term outcome?,maybe,no,False,1.0712,5.4192,1.9663,3.4529,The composite measure with the strongest association with hospital mortality and morbidity rates for colon carcinoma was the composite measure with the strongest association with hospital mortality and morbidity rates,208,False,False,unparsable,False,False,2–5,<= 512 (normal)
481,Are the elderly with oropharyngeal carcinoma undertreated?,maybe,no,False,1.8657,5.456,2.4271,3.0289,The elderly with OPSCC have a significant increase in the number of patients who do not receive treatment after age 55.,287,False,False,unparsable,False,False,2–5,<= 512 (normal)
482,Do older patients receive adequate stroke care?,maybe,no,False,1.4795,6.2076,1.6299,4.5777,The results of this study suggest that older patients are not receiving adequate stroke care.,398,False,False,unparsable,False,False,2–5,<= 512 (normal)
483,Continuation of pregnancy after antenatal corticosteroid administration: opportunity for rescue?,maybe,no,False,2.3382,4.9887,0.8792,2.6505,The majority of women who received AC at 24-32 weeks' gestation will deliver within 1 week of AC.,231,False,False,unparsable,False,False,2–5,<= 512 (normal)
484,Should HIV-infected patients be screened for silent myocardial ischaemia using gated myocardial perfusion SPECT?,maybe,no,False,5.032,7.1382,3.7512,2.1063,This study shows that the prevalence of SMI in HIV-infected patients with no clinical symptoms of coronary artery disease is higher than previously reported.,281,False,False,unparsable,False,False,2–5,<= 512 (normal)
485,Is a specialised training of phonological awareness indicated in every preschool child?,maybe,no,False,3.1435,4.7523,1.1846,1.6088,"In a prospective study 218 preschool children were enrolled (stratified in 2 training programs, one specialized for phonologic awareness in order to prevent dyslexia, the other",143,False,False,unparsable,False,False,1–2,<= 512 (normal)
486,BCRABL transcript detection by quantitative real-time PCR : are correlated results possible from homebrew assays?,maybe,no,False,4.2418,5.1213,2.9319,0.8796,Quantitative real-time PCR is a reliable method for monitoring BCRABL levels in Ph (+) leukemia patients.,272,False,True,unparsable,False,False,< 1 (uncertain),<= 512 (normal)
487,Does HER2 immunoreactivity provide prognostic information in locally advanced urothelial carcinoma patients receiving adjuvant M-VEC chemotherapy?,maybe,no,False,3.5247,6.5346,2.5915,3.01,HER2 immunoreactivity was a significant prognostic factor for PFS (p = 0.02) and disease-specific OS (p = 0.02) in patients receiving adjuvant M-,271,False,False,no,True,True,2–5,<= 512 (normal)
488,Does the familial transmission of drinking patterns persist into young adulthood?,maybe,no,False,1.1818,5.6497,0.8147,4.4679,Parental drinking in 2000 was not associated with offspring drinking in 2010.,258,False,False,unparsable,False,False,2–5,<= 512 (normal)
489,Bactericidal activity of 3 cutaneous/mucosal antiseptic solutions in the presence of interfering substances: Improvement of the NF EN 13727 European Standard?,maybe,no,False,0.0984,4.4139,2.325,2.0889,The use of a diluted solution of P is recommended for the evaluation of antiseptics used in gynecology and dermatology.,280,False,False,unparsable,False,False,2–5,<= 512 (normal)
490,Does ultrasound imaging before puncture facilitate internal jugular vein cannulation?,maybe,no,False,2.7844,5.6158,2.2884,2.8314,Ultrasound imaging before puncture facilitates internal jugular vein cannulation compared with landmark-guided puncture.,306,False,False,unparsable,False,False,2–5,<= 512 (normal)
491,Can a practicing surgeon detect early lymphedema reliably?,maybe,no,False,4.0318,4.6301,1.796,0.5983,"The sensitivity of a 5% increase in circumference at any site was 97.4%, and the specificity was 97.4%.",191,False,True,unparsable,False,False,< 1 (uncertain),<= 512 (normal)
492,Is perforation of the appendix a risk factor for tubal infertility and ectopic pregnancy?,maybe,no,False,2.6126,6.5768,1.4024,3.9642,The evidence that appendiceal perforation is a risk factor for tubal infertility or ectopic pregnancy is weak.,256,False,False,unparsable,False,False,2–5,<= 512 (normal)
493,Does perspective-taking increase patient satisfaction in medical encounters?,maybe,no,False,3.392,4.7492,0.2321,1.3572,Perspective-taking increased patient satisfaction in all studies.,307,False,False,unparsable,False,False,1–2,<= 512 (normal)
494,Sternal fracture in growing children : A rare and often overlooked fracture?,maybe,no,False,-1.2874,4.7751,-1.0568,5.8318,In all children the fracture was caused by a fall from a height.,120,False,False,unparsable,False,False,> 5 (confident),<= 512 (normal)
495,Midwives' competence: is it affected by working in a rural location?,maybe,no,False,1.1589,5.9493,1.0852,4.7905,"Rural midwives were more likely to report competence in the skills of intravenous fluid replacement (p = 0.001), initial and discharge examination of the newborn (p",412,False,False,unparsable,False,False,2–5,<= 512 (normal)
496,Does the severity of obstructive sleep apnea predict patients requiring high continuous positive airway pressure?,maybe,no,False,5.931,6.5053,1.3634,0.5742,AHI > or = 30 / 15 / 10 (sensitivity / specificity / positive predictive value / negative predictive value / accuracy).,333,False,True,unparsable,False,False,< 1 (uncertain),<= 512 (normal)
497,Does self-efficacy mediate the relationship between transformational leadership behaviours and healthcare workers' sleep quality?,maybe,no,False,1.6747,4.8675,0.4963,3.1928,"The results suggest that transformational leadership is associated with employees' sleep quality, but that this relationship is not mediated by employees' self-efficacy.",235,False,False,unparsable,False,False,2–5,<= 512 (normal)
498,Are there mental health differences between francophone and non-francophone populations in manitoba?,maybe,no,False,3.8923,6.7927,2.1804,2.9004,The Manitoba Centre for Health Policy and the Manitoba Centre for Health Policy and the Manitoba Centre for Health Policy and the Manit,294,False,False,unparsable,False,False,2–5,<= 512 (normal)
499,Outcome Feedback within Emergency Medicine Training Programs: An Opportunity to Apply the Theory of Deliberate Practice?,maybe,no,False,3.6295,6.3742,0.0825,2.7447,Residents perceived outcome feedback as more educational (mean = 4.95 / 5) than program directors (mean = 4.05 / 5) (p = 0.001,314,False,False,unparsable,False,False,2–5,<= 512 (normal)
