idx,question,true_label,predicted_label,correct,score_yes,score_no,score_maybe,confidence_margin,generated_text,prompt_token_len,truncated,uncertain,parsed_from_text,is_parsable,text_label_match,margin_bucket,length_bucket
0,Is anorectal endosonography valuable in dyschesia?,yes,no,False,5.5336,7.4702,4.7551,1.9366,"""Is anorectal endosonography useful in the diagnosis of dyschesia?""",284,False,False,no,True,True,1–2,<= 512 (normal)
1,Is there a connection between sublingual varices and hypertension?,yes,no,False,7.9873,8.4317,3.893,0.4444,"""There is a connection between sublingual varices and hypertension.""",345,False,True,unparsable,False,False,< 1 (uncertain),<= 512 (normal)
2,Is the affinity column-mediated immunoassay method suitable as an alternative to the microparticle enzyme immunoassay method as a blood tacrolimus assay?,yes,no,False,7.1175,7.8844,4.0346,0.7668,"""The affinity column-mediated immunoassay method is a suitable alternative to the microparticle enzyme immunoassay method as a blood tacrolimus assay.""",285,False,True,unparsable,False,False,< 1 (uncertain),<= 512 (normal)
3,Does a physician's specialty influence the recording of medication history in patients' case notes?,yes,no,False,5.917,7.7421,3.446,1.8252,"""The specialty of the physician influences the frequency and depth of documentation of the medication history information in patient medical records.""",292,False,False,unparsable,False,False,1–2,<= 512 (normal)
4,Locoregional opening of the rodent blood-brain barrier for paclitaxel using Nd:YAG laser-induced thermo therapy: a new concept of adjuvant glioma therapy?,yes,no,False,6.8944,7.0809,4.0476,0.1865,LITT-induced disruption of the BBB allows a locoregional passage of chemotherapeutic agents into brain tissue.,202,False,True,unparsable,False,False,< 1 (uncertain),<= 512 (normal)
5,Spinal subdural hematoma: a sequela of a ruptured intracranial aneurysm?,yes,no,False,4.2812,6.9596,2.2325,2.6784,"""The evidence is not strong.""",220,False,False,no,True,True,2–5,<= 512 (normal)
6,Is there a correlation between androgens and sexual desire in women?,yes,no,False,8.459,8.6447,3.8427,0.1858,"""There is no correlation between androgens and sexual desire in women.""",306,False,True,no,True,True,< 1 (uncertain),<= 512 (normal)
7,Is the zeolite hemostatic agent beneficial in reducing blood loss during arterial injury?,yes,yes,True,7.7718,7.0697,5.4687,0.702,"""QuikClot is beneficial in reducing blood loss during arterial injury.""",244,False,True,unparsable,False,False,< 1 (uncertain),<= 512 (normal)
8,Are endothelial cell patterns of astrocytomas indicative of grade?,yes,no,False,4.6824,7.2438,2.9929,2.5614,"""There is no evidence that the vascular pattern of astrocytomas is indicative of grade.""",251,False,False,no,True,True,2–5,<= 512 (normal)
9,Should cavitation in proximal surfaces be reported in cone beam computed tomography examination?,yes,yes,True,8.7083,7.6238,2.682,1.0846,"""If the lesion is cavitated, then the lesion should be reported as cavitated in CBCT.""",245,False,False,unparsable,False,False,1–2,<= 512 (normal)
10,Ultrasound in squamous cell carcinoma of the penis; a useful addition to clinical staging?,yes,no,False,6.4735,8.9265,2.6551,2.453,"""Ultrasound is not a useful addition to clinical staging.""",219,False,False,no,True,True,2–5,<= 512 (normal)
11,Can third trimester ultrasound predict the presentation of the first twin at delivery?,yes,yes,True,7.9952,7.7916,2.7065,0.2036,"""If the first twin is noncephalic, then the second twin should be cephalic.""",209,False,True,unparsable,False,False,< 1 (uncertain),<= 512 (normal)
12,Is micro-computed tomography reliable to determine the microstructure of the maxillary alveolar bone?,yes,no,False,7.4347,7.6538,4.207,0.2191,"""The micro-CT method is reliable to assess the bone density and the microstructure of the maxillary alveolar bone.""",296,False,True,unparsable,False,False,< 1 (uncertain),<= 512 (normal)
13,Is primary angioplasty an acceptable alternative to thrombolysis?,yes,no,False,7.2821,8.158,4.7558,0.8759,'Primary angioplasty is an acceptable alternative to thrombolysis for the treatment of acute myocardial infarction'.,278,False,True,unparsable,False,False,< 1 (uncertain),<= 512 (normal)
14,Is endometrial polyp formation associated with increased expression of vascular endothelial growth factor and transforming growth factor-beta1?,yes,no,False,4.7792,7.3409,2.6975,2.5617,endometrial polyp formation is associated with increased expression of vascular endothelial growth factor and transforming growth factor-beta1.,369,False,False,unparsable,False,False,2–5,<= 512 (normal)
15,Improvements in survival of gynaecological cancer in the Anglia region of England: are these an effect of centralisation of care and use of multidisciplinary management?,yes,no,False,3.1294,7.7098,2.3249,4.5804,centralisation of care is not the only factor that has led to improvements in survival.,269,False,False,unparsable,False,False,2–5,<= 512 (normal)
16,Estimated fetal weight by ultrasound: a modifiable risk factor for cesarean delivery?,yes,no,False,6.7824,7.0929,4.0222,0.3105,"""There is a risk of cesarean delivery for women with US-EFW > 3500 g.""",213,False,True,unparsable,False,False,< 1 (uncertain),<= 512 (normal)
17,Are financial incentives cost-effective to support smoking cessation during pregnancy?,yes,no,False,5.6815,8.9526,4.7093,3.271,£400 worth of financial incentives is not cost-effective to support smoking cessation in pregnancy.,378,False,False,unparsable,False,False,2–5,<= 512 (normal)
18,Do adjuvant aromatase inhibitors increase the cardiovascular risk in postmenopausal women with early breast cancer?,yes,no,False,6.3876,8.4576,4.6013,2.0701,AIs increase the risk of thromboembolic events in postmenopausal women with early breast cancer.,335,False,False,unparsable,False,False,2–5,<= 512 (normal)
19,Is fear of anaphylactic shock discouraging surgeons from more widely adopting percutaneous and laparoscopic techniques in the treatment of liver hydatid cyst?,yes,no,False,6.4914,8.8604,4.7354,2.369,"""There is no evidence that laparoscopic or percutaneous treatment of liver hydatid cyst is superior to open surgery.""",170,False,False,no,True,True,2–5,<= 512 (normal)
20,Risk stratification in emergency surgical patients: is the APACHE II score a reliable marker of physiological impairment?,yes,no,False,5.3892,7.4231,3.1439,2.0338,"""The APACHE II score is a reliable marker of physiological impairment.""",312,False,False,unparsable,False,False,2–5,<= 512 (normal)
21,Can Flexible Instruments Create Adequate Femoral Tunnel Lengths at 90° of Knee Flexion in Anterior Cruciate Ligament Reconstruction?,yes,no,False,6.2441,7.529,5.2197,1.285,"""The evidence is not strong enough to recommend the use of flexible reamers in Anterior Cruciate Ligament Reconstruction.""",409,False,False,no,True,True,1–2,<= 512 (normal)
22,Do mitochondria play a role in remodelling lace plant leaves during programmed cell death?,yes,no,False,4.1571,7.1233,4.7492,2.3741,do mitochondria play a role in remodelling lace leaves?,365,False,False,unparsable,False,False,2–5,<= 512 (normal)
23,"""Occult"" posttraumatic lesions of the knee: can magnetic resonance substitute for diagnostic arthroscopy?",yes,no,False,6.6779,8.6507,4.7349,1.9728,"""MRI is the best imaging modality for the detection and characterization of occult bone and / or cartilage injuries of the knee.""",451,False,False,unparsable,False,False,1–2,<= 512 (normal)
24,Does Sensation Return to the Nasal Tip After Microfat Grafting?,yes,yes,True,8.8035,8.1731,3.218,0.6304,"""Yes.""",266,False,True,yes,True,True,< 1 (uncertain),<= 512 (normal)
25,Do some U.S. states have higher/lower injury mortality rates than others?,yes,no,False,4.3658,6.9008,3.1964,2.535,"""The U.S. states with the highest rates of road traffic deaths have higher / lower injury mortality rates than the states with the lowest rates.""",173,False,False,unparsable,False,False,2–5,<= 512 (normal)
26,Hepatorenal syndrome: are we missing some prognostic factors?,yes,no,False,6.5675,8.1514,4.7702,1.5839,HRS is a syndrome.,330,False,False,unparsable,False,False,1–2,<= 512 (normal)
27,"The Main Gate Syndrome: a new format in mass-casualty victim ""surge"" management?",yes,no,False,3.3712,7.0431,2.3515,3.6718,"""The first triage is the first step in the management of the casualties.""",145,False,False,unparsable,False,False,2–5,<= 512 (normal)
28,Is EQ-5D a valid quality of life instrument in patients with acute coronary syndrome?,yes,yes,True,9.1404,8.1628,3.2787,0.9776,"""The EQ-5D is a valid instrument to measure the health-related quality of life in patients with acute coronary syndrome.""",275,False,True,unparsable,False,False,< 1 (uncertain),<= 512 (normal)
29,Is portable ultrasonography accurate in the evaluation of Schanz pin placement during extremity fracture fixation in austere environments?,yes,no,False,7.0551,7.3226,2.5744,0.2675,"""There is no evidence that ultrasonography is accurate in the evaluation of Schanz pin placement during extremity fracture fixation in austere environments.""",272,False,True,no,True,True,< 1 (uncertain),<= 512 (normal)
30,Is grandmultiparity an independent risk factor for adverse perinatal outcomes?,yes,no,False,5.4208,7.7512,3.7377,2.3304,grandmultiparous women are at increased risk for adverse perinatal outcomes.,278,False,False,unparsable,False,False,2–5,<= 512 (normal)
31,Does depression diagnosis and antidepressant prescribing vary by location?,yes,no,False,2.3622,6.8188,3.0157,3.8031,the neighbourhood effect is not a random phenomenon but is a reflection of the local context.,322,False,False,unparsable,False,False,2–5,<= 512 (normal)
32,Learning needs of postpartum women: does socioeconomic status matter?,yes,no,False,4.1492,8.1377,4.1327,3.9886,"""What is the answer?""",331,False,False,unparsable,False,False,2–5,<= 512 (normal)
33,Is there a differential in the dental health of new recruits to the British Armed Forces?,yes,no,False,3.4513,8.6919,1.7957,5.2406,'There is no evidence that the dental health of new recruits to the British Armed Forces is poorer than that of recruits to the Royal Navy or,274,False,False,no,True,True,> 5 (confident),<= 512 (normal)
34,Do patients with rheumatoid arthritis established on methotrexate and folic acid 5 mg daily need to continue folic acid supplements long term?,yes,no,False,5.3156,9.131,5.7053,3.4258,'No.',333,False,False,no,True,True,2–5,<= 512 (normal)
35,Can teaching medical students to investigate medication errors change their attitudes towards patient safety?,yes,no,False,5.4015,6.6793,1.8393,1.2778,'What is the impact of a patient safety curriculum on medical students' attitudes towards patient safety? ',213,False,False,unparsable,False,False,1–2,<= 512 (normal)
36,Does a delay in transfer to a rehabilitation unit for older people affect outcome after fracture of the proximal femur?,yes,no,False,6.9264,8.4642,4.9204,1.5378,"""Do older people with fracture of the proximal femur have a poorer outcome after discharge from hospital?""",228,False,False,unparsable,False,False,1–2,<= 512 (normal)
37,Are there gender differences in the reasons why African Americans delay in seeking medical help for symptoms of an acute myocardial infarction?,yes,no,False,4.5601,7.2354,4.6464,2.589,"""The reasons why African Americans delay in seeking medical help for symptoms of an acute myocardial infarction are different for men and women.""",257,False,False,unparsable,False,False,2–5,<= 512 (normal)
38,Does ambulatory process of care predict health-related quality of life outcomes for patients with chronic disease?,yes,yes,True,8.6567,7.2136,3.4935,1.4431,"""Does ambulatory process of care predict health-related quality of life outcomes for patients with chronic disease?""",265,False,False,unparsable,False,False,1–2,<= 512 (normal)
39,Is the combination with 2-methoxyestradiol able to reduce the dosages of chemotherapeutices in the treatment of human ovarian cancer?,yes,no,False,7.1941,8.1236,6.4609,0.9295,"""The combination of 2ME with chemotherapeutic agents is not a rational approach.""",214,False,True,unparsable,False,False,< 1 (uncertain),<= 512 (normal)
40,Does a dedicated discharge coordinator improve the quality of hospital discharge?,yes,no,False,5.8445,7.6709,3.4593,1.8264,"""The discharge coordinator improves the quality of discharge planning.""",336,False,False,unparsable,False,False,1–2,<= 512 (normal)
41,Impact of MPH programs: contributing to health system strengthening in low- and middle-income countries?,yes,no,False,3.3862,8.0742,3.4814,4.5928,"""Impact on workplace"" and ""impact on society"" and that MPH programs can have a significant impact on health systems.",464,False,False,unparsable,False,False,2–5,<= 512 (normal)
42,Pap smears with glandular cell abnormalities: Are they detected by rapid prescreening?,yes,no,False,4.2929,6.8199,1.6316,2.527,"""There is no evidence that RPS is more sensitive for detecting glandular cell abnormalities than FS.""",323,False,False,no,True,True,2–5,<= 512 (normal)
43,Can transcranial direct current stimulation be useful in differentiating unresponsive wakefulness syndrome from minimally conscious state patients?,yes,no,False,6.7599,7.4047,5.7041,0.6448,"""yes"" for the former, and ""no"" for the latter.",253,False,True,yes,True,False,< 1 (uncertain),<= 512 (normal)
44,Is etoricoxib effective in preventing heterotopic ossification after primary total hip arthroplasty?,yes,no,False,7.5218,8.6382,5.1204,1.1164,etoricoxib is effective in preventing heterotopic ossification.,223,False,False,unparsable,False,False,1–2,<= 512 (normal)
45,Assessing Patient Reported Outcomes Measures via Phone Interviews Versus Patient Self-Survey in the Clinic: Are We Measuring the Same Thing?,yes,no,False,6.6377,7.8003,1.8508,1.1626,"""We Are Measuring the Same Thing.""",514,False,False,unparsable,False,False,1–2,> 512 (long)
46,Can emergency physicians accurately and reliably assess acute vertigo in the emergency department?,yes,yes,True,9.6149,7.0818,4.1189,2.5331,"""yes,"" and that STANDING is a reliable tool to diagnose central acute vertigo. """,366,False,False,yes,True,True,2–5,<= 512 (normal)
47,Proof of concept study: does fenofibrate have a role in sleep apnoea syndrome?,yes,no,False,8.4148,9.0462,4.7169,0.6313,fenofibrate has a role in the treatment of sleep apnoea syndrome.,446,False,True,no,True,True,< 1 (uncertain),<= 512 (normal)
48,Does implant coating with antibacterial-loaded hydrogel reduce bacterial colonization and biofilm formation in vitro?,yes,no,False,6.3672,7.5516,3.4179,1.1844,"""Does coating with antibacterial-loaded DAC hydrogel reduce or prevent bacterial colonization and biofilm formation in vitro?""",267,False,False,unparsable,False,False,1–2,<= 512 (normal)
49,Does bone anchor fixation improve the outcome of percutaneous bladder neck suspension in female stress urinary incontinence?,yes,no,False,5.3505,8.2565,5.1439,2.906,'Bone anchor fixation improves the outcome of percutaneous bladder neck suspension in female stress urinary incontinence'.,291,False,False,unparsable,False,False,2–5,<= 512 (normal)
50,Is leptin involved in phagocytic NADPH oxidase overactivity in obesity?,yes,no,False,6.7983,6.871,4.0197,0.0727,"""What is the role of leptin in the development of cardiovascular diseases in obesity?""",293,False,True,unparsable,False,False,< 1 (uncertain),<= 512 (normal)
51,Can we predict which head and neck cancer survivors develop fears of recurrence?,yes,no,False,6.0738,7.3533,3.043,1.2795,fear of recurrence is a manifestation of illness-related anxiety.,305,False,False,unparsable,False,False,1–2,<= 512 (normal)
52,Differentiation of nonalcoholic from alcoholic steatohepatitis: are routine laboratory markers useful?,yes,no,False,4.0787,6.8658,3.4046,2.7872,the AST / ALT ratio and the MCV are useful in distinguishing nonalcoholic steatohepatitis from alcoholic steatohepatitis.,304,False,False,unparsable,False,False,2–5,<= 512 (normal)
53,Traumatic aortic injury: does the anatomy of the aortic arch influence aortic trauma severity?,yes,no,False,3.2609,6.6348,2.5352,3.374,the aortic arch angle is a significant predictor of the severity of aortic injury.,238,False,False,unparsable,False,False,2–5,<= 512 (normal)
54,The Prevalence of Incidentally Detected Idiopathic Misty Mesentery on Multidetector Computed Tomography: Can Obesity Be the Triggering Cause?,yes,no,False,3.1061,7.796,5.3933,2.4027,"""Misty mesentery appearance is a normal variant of the mesentery.""",284,False,False,unparsable,False,False,2–5,<= 512 (normal)
55,Fast foods - are they a risk factor for asthma?,yes,no,False,5.3149,8.0979,5.6693,2.4287,fast foods are a risk factor for asthma and wheeze.,368,False,False,unparsable,False,False,2–5,<= 512 (normal)
56,Assessment of appropriate antimicrobial prescribing: do experts agree?,yes,no,False,7.6464,8.1402,3.2939,0.4937,"""There is no evidence that they agree with the reference standard.""",261,False,True,no,True,True,< 1 (uncertain),<= 512 (normal)
57,Pulmonary valve replacement in adults late after repair of tetralogy of fallot: are we operating too late?,yes,no,False,5.7772,7.3337,5.6586,1.5565,"""We should not operate too late.""",321,False,False,no,True,True,1–2,<= 512 (normal)
58,Is amoxapine an atypical antipsychotic?,yes,no,False,5.1459,6.8209,3.2513,1.675,"""The atypical antipsychotic amoxapine does not conform to the profile of atypical antipsychotics.""",200,False,False,unparsable,False,False,1–2,<= 512 (normal)
59,Do older patients who refuse to participate in a self-management intervention in the Netherlands differ from older patients who agree to participate?,yes,no,False,6.5787,8.2091,5.463,1.6304,"""The refusers are more restricted in their mobility, live further away from the location of the intervention, and have a partner more often than the participants",283,False,False,unparsable,False,False,1–2,<= 512 (normal)
60,Is horizontal semicircular canal ocular reflex influenced by otolith organs input?,yes,no,False,5.3777,6.6824,2.43,1.3047,Horizontal canal ocular reflex is influenced by otolith organs input.,181,False,False,unparsable,False,False,1–2,<= 512 (normal)
61,Preoperative tracheobronchoscopy in newborns with esophageal atresia: does it matter?,yes,no,False,6.5486,7.3668,2.5533,0.8183,preoperative TBS is a useful tool in the management of newborns with esophageal atresia.,325,False,True,unparsable,False,False,< 1 (uncertain),<= 512 (normal)
62,Is it appropriate to implant kidneys from elderly donors in young recipients?,yes,no,False,6.3213,7.4825,6.5991,0.8834,"""The answer is that the kidneys from elderly donors are not inferior to those from young donors.""",346,False,True,unparsable,False,False,< 1 (uncertain),<= 512 (normal)
63,Is muscle power related to running speed with changes of direction?,yes,no,False,4.1574,7.5017,3.1375,3.3443,"""Does muscle power contribute to sprinting speed with changes of direction?""",243,False,False,unparsable,False,False,2–5,<= 512 (normal)
64,Stretch-sensitive KCNQ1 mutation A link between genetic and environmental factors in the pathogenesis of atrial fibrillation?,yes,no,False,5.1889,6.8939,2.7299,1.705,"""What is the role of atrial stretch in the pathogenesis of AF?""",277,False,False,unparsable,False,False,1–2,<= 512 (normal)
65,Are pelvic anatomical structures in danger during arthroscopic acetabular labral repair?,yes,no,False,4.1254,8.2723,2.8994,4.1469,"""The acetabular labrum is safe to insert at 10 ° to 20 ° of drill angle.""",262,False,False,unparsable,False,False,2–5,<= 512 (normal)
66,Is intraoperative neuromonitoring associated with better functional outcome in patients undergoing open TME?,yes,no,False,7.434,7.9681,5.0396,0.5341,"""Is intraoperative neuromonitoring associated with better urogenital and anorectal functional outcome?""",264,False,True,unparsable,False,False,< 1 (uncertain),<= 512 (normal)
67,Profiling quality of care: Is there a role for peer review?,yes,yes,True,7.5367,7.4215,2.6659,0.1152,"""The evidence base for practice is more developed than the quality of care that is measured.""",357,False,True,unparsable,False,False,< 1 (uncertain),<= 512 (normal)
68,Multidisciplinary decisions in breast cancer: does the patient receive what the team has recommended?,yes,no,False,4.9711,9.5042,4.1529,4.5332,'The patient receives what the team has recommended'.,241,False,False,unparsable,False,False,2–5,<= 512 (normal)
69,Are performance measurement systems useful?,yes,yes,True,7.336,7.1798,2.3809,0.1562,"""The strategic use of performance measurement systems is useful for improving processes of care.""",211,False,True,unparsable,False,False,< 1 (uncertain),<= 512 (normal)
70,The colour of pain: can patients use colour to describe osteoarthritis pain?,yes,no,False,8.1271,8.9534,3.6921,0.8263,'red'.,307,False,True,unparsable,False,False,< 1 (uncertain),<= 512 (normal)
71,Do mossy fibers release GABA?,yes,no,False,4.4439,6.5872,3.0293,2.1434,mossy fibers release GABA.,263,False,False,unparsable,False,False,2–5,<= 512 (normal)
72,Is severe macrosomia manifested at 11-14 weeks of gestation?,yes,yes,True,6.7463,6.6745,3.1736,0.0718,severe macrosomia is manifested at 11-14 weeks of gestation.,280,False,True,unparsable,False,False,< 1 (uncertain),<= 512 (normal)
73,Visceral adipose tissue area measurement at a single level: can it represent visceral adipose tissue volume?,yes,no,False,5.7044,6.7629,3.5743,1.0585,"""The best slice location for measuring visceral adipose tissue area is 3 cm above the lower margin of L3.""",204,False,False,unparsable,False,False,1–2,<= 512 (normal)
74,Is an advance care planning model feasible in community palliative care?,yes,no,False,6.3395,7.7421,5.5865,1.4026,'What is the feasibility of implementing an advance care planning model in community palliative care?',254,False,False,unparsable,False,False,1–2,<= 512 (normal)
75,Do cytokines have any role in epilepsy?,yes,no,False,6.7461,8.6224,3.553,1.8763,"""There is no role for cytokines in epilepsy.""",460,False,False,no,True,True,1–2,<= 512 (normal)
76,Is expert breast pathology assessment necessary for the management of ductal carcinoma in situ ?,yes,no,False,7.6266,8.5594,3.883,0.9329,"""There is no need for expert breast pathology assessment of DCIS.""",261,False,True,no,True,True,< 1 (uncertain),<= 512 (normal)
77,Treadmill testing of children who have spina bifida and are ambulatory: does peak oxygen uptake reflect maximum oxygen uptake?,yes,no,False,5.6437,8.3386,4.3004,2.6949,"""There is no evidence that peak oxygen uptake is a true reflection of maximum oxygen uptake.""",387,False,False,no,True,True,2–5,<= 512 (normal)
78,Subclavian steal syndrome: can the blood pressure difference between arms predict the severity of steal?,yes,no,False,7.7642,8.0575,4.7633,0.2933,"""There is a relationship between the side-to-side difference in systolic blood pressure and the presence of subclavian steal syndrome.""",344,False,True,unparsable,False,False,< 1 (uncertain),<= 512 (normal)
79,Is size-reducing ascending aortoplasty with external reinforcement an option in modern aortic surgery?,yes,no,False,5.3992,8.5698,5.7212,2.8486,size-reducing ascending aortoplasty is a safe and effective procedure in the treatment of ascending aortic aneurysm and ectasia.,305,False,False,unparsable,False,False,2–5,<= 512 (normal)
80,Is digoxin use for cardiovascular disease associated with risk of prostate cancer?,yes,no,False,7.381,8.5901,4.9526,1.2091,"""There is a relationship between digoxin use and reduced risk of prostate cancer.""",279,False,False,unparsable,False,False,1–2,<= 512 (normal)
81,Screening for gestational diabetes mellitus: are the criteria proposed by the international association of the Diabetes and Pregnancy Study Groups cost-effective?,yes,no,False,6.968,9.8651,2.2371,2.897,screening for gestational diabetes mellitus is cost-effective.,334,False,False,unparsable,False,False,2–5,<= 512 (normal)
82,Does a 4 diagram manual enable laypersons to operate the Laryngeal Mask Supreme®?,yes,no,False,7.8208,8.4465,4.7643,0.6258,"""The Laryngeal Mask Supreme ® is inserted correctly in the manikin in the right direction and is able to provide adequate ventilation.",368,False,True,unparsable,False,False,< 1 (uncertain),<= 512 (normal)
83,Is laparoscopic reoperation for failed antireflux surgery feasible?,yes,no,False,7.9802,8.6513,6.6889,0.6711,"""If the patient is not a candidate for a laparoscopic reoperation, then the patient should be referred to a surgeon who is experienced in laparoscopic antireflux surgery",511,False,True,unparsable,False,False,< 1 (uncertain),<= 512 (normal)
84,The Omega-3 Index: a new risk factor for death from coronary heart disease?,yes,no,False,5.97,7.2006,4.3905,1.2306,"""The Omega-3 Index is a new risk factor for death from CHD.""",246,False,False,unparsable,False,False,1–2,<= 512 (normal)
85,Do cytokine concentrations in pancreatic juice predict the presence of pancreatic diseases?,yes,no,False,7.5875,8.1577,3.4188,0.5702,"""Is there a pancreatic disease?""",291,False,True,unparsable,False,False,< 1 (uncertain),<= 512 (normal)
86,Factors determining the survival of nasopharyngeal carcinoma with lung metastasis alone: does combined modality treatment benefit?,yes,yes,True,8.3178,7.9134,4.9215,0.4044,"Combined modality treatment might benefit the patients with DFI > 1 year, but not those with DFI ≤ 1 year.",306,False,True,unparsable,False,False,< 1 (uncertain),<= 512 (normal)
87,Is minimally invasive mitral valve repair with artificial chords reproducible and applicable in routine surgery?,yes,no,False,6.0111,7.7999,4.7215,1.7888,"""Chordal transfer is a safe and effective technique for minimally invasive mitral valve repair.""",309,False,False,unparsable,False,False,1–2,<= 512 (normal)
88,Does receipt of hospice care in nursing homes improve the management of pain at the end of life?,yes,no,False,7.4661,7.7576,3.4479,0.2915,Do nursing home residents receive adequate pain management?,457,False,True,unparsable,False,False,< 1 (uncertain),<= 512 (normal)
89,Is intensive chemotherapy safe for rural cancer patients?,yes,no,False,4.6688,8.6617,3.5238,3.9929,'It is safe to give intensive chemotherapy to rural patients with metastatic colorectal and node-positive breast cancers at the same doses as urban patients.',302,False,False,unparsable,False,False,2–5,<= 512 (normal)
90,Is the urinary biomarkers assessment a non-invasive approach to tubular lesions of the solitary kidney?,yes,no,False,5.1418,7.6285,4.9796,2.4867,"""Urinary biomarkers are not a non-invasive approach to tubular lesions of the solitary kidney.""",356,False,False,unparsable,False,False,2–5,<= 512 (normal)
91,Does open access endoscopy close the door to an adequately informed patient?,yes,yes,True,7.3271,7.3112,5.3395,0.0159,"""The patient is not a patient.""",299,False,True,no,True,False,< 1 (uncertain),<= 512 (normal)
92,Do viral infections have a role in benign paroxysmal positional vertigo?,yes,no,False,8.0707,8.2395,4.28,0.1687,"""There is a role for viral infection in BPPV.""",215,False,True,unparsable,False,False,< 1 (uncertain),<= 512 (normal)
93,Does reducing spasticity translate into functional benefit?,yes,no,False,7.6475,8.7969,5.4218,1.1494,"""Does reducing spasticity translate into functional benefit?""",324,False,False,unparsable,False,False,1–2,<= 512 (normal)
94,Is the Retromandibular Transparotid Approach a Reliable Option for the Surgical Treatment of Condylar Fractures?,yes,no,False,7.2954,8.3211,2.2506,1.0257,"""The retromandibular transparotid approach is a Safe and Reliable Option for the Surgical Treatment of Condylar Fractures.""",235,False,False,unparsable,False,False,1–2,<= 512 (normal)
95,Do ventricular arrhythmias in athletes subside over time?,yes,no,False,4.9234,7.9633,3.7584,3.0399,"""There is no evidence that ventricular arrhythmias in athletes subside over time.""",301,False,False,no,True,True,2–5,<= 512 (normal)
96,Are complex coronary lesions more frequent in patients with diabetes mellitus?,yes,no,False,7.021,7.069,4.491,0.0479,"""The prevalence of complex coronary lesions is greater in diabetics than in nondiabetics.""",334,False,True,unparsable,False,False,< 1 (uncertain),<= 512 (normal)
97,Can dogs prime autistic children for therapy?,yes,yes,True,8.4559,7.1839,3.2445,1.272,"""Can dogs prime autistic children for therapy?""",275,False,False,unparsable,False,False,1–2,<= 512 (normal)
98,Quality of life in lung cancer patients: does socioeconomic status matter?,yes,no,False,4.129,8.5419,3.1625,4.4128,'There is no evidence that socioeconomic status matters for quality of life in lung cancer patients'. ',303,False,False,no,True,True,2–5,<= 512 (normal)
99,Is there a model to teach and practice retroperitoneoscopic nephrectomy?,yes,no,False,5.1393,6.6964,1.502,1.5571,"""The model is a training model for retroperitoneoscopic nephrectomy.""",260,False,False,unparsable,False,False,1–2,<= 512 (normal)
100,Is the type of remission after a major depressive episode an important risk factor to relapses in a 4-year follow up?,yes,no,False,6.3986,8.5663,5.5616,2.1677,"""Partial remission is a risk factor for relapses.""",232,False,False,unparsable,False,False,2–5,<= 512 (normal)
101,Implementation of epidural analgesia for labor: is the standard of effective analgesia reachable in all women?,yes,no,False,7.6664,8.2189,4.3333,0.5525,"""Epidural analgesia for labor is a good practice.""",304,False,True,unparsable,False,False,< 1 (uncertain),<= 512 (normal)
102,Longer term quality of life and outcome in stroke patients: is the Barthel index alone an adequate measure of outcome?,yes,no,False,7.5319,7.9148,3.805,0.383,"""The Barthel index alone is not a good measure of outcome in stroke patients.""",366,False,True,unparsable,False,False,< 1 (uncertain),<= 512 (normal)
103,Does a special interest in laparoscopy affect the treatment of acute cholecystitis?,yes,yes,True,7.7624,7.299,4.8313,0.4634,"""The treatment of acute cholecystitis is improved under the care of laparoscopic specialists.""",323,False,True,unparsable,False,False,< 1 (uncertain),<= 512 (normal)
104,Do older adults with cancer fall more often?,yes,yes,True,8.5528,7.6411,5.315,0.9117,"""Do older adults with cancer fall more often?""",266,False,True,unparsable,False,False,< 1 (uncertain),<= 512 (normal)
105,Two-year follow-up survey of patients with allergic contact dermatitis from an occupational cohort: is the prognosis dependent on the omnipresence of the allergen?,yes,no,False,5.4016,8.3438,2.2319,2.9422,"""The prognosis is better for those with allergy to a nonubiquitous allergen than for those with allergy to a ubiquitous allergen.""",276,False,False,no,True,True,2–5,<= 512 (normal)
106,Is there a favorable subset of patients with prostate cancer who develop oligometastases?,yes,no,False,5.9591,8.1436,5.8311,2.1845,"""There is a subset of patients with prostate cancer who develop oligometastases that have a favorable prognosis.""",429,False,False,unparsable,False,False,2–5,<= 512 (normal)
107,Does radiotherapy around the time of pregnancy for Hodgkin's disease modify the risk of breast cancer?,yes,no,False,6.3161,8.2826,2.7936,1.9665,"""There is a small but significant increase in the risk of breast cancer among women treated with RT for Hodgkin's disease who are pregnant.""",355,False,False,unparsable,False,False,1–2,<= 512 (normal)
108,Does left atrial appendage (LAA) occlusion device alter the echocardiography and electrocardiogram parameters in patients with atrial fibrillation?,yes,no,False,5.6169,8.1293,4.0299,2.5123,LAA occlusion device may not affect the echocardiography and ECG parameters in patients with atrial fibrillation.,264,False,False,unparsable,False,False,2–5,<= 512 (normal)
109,Is non-invasive diagnosis of esophageal varices in patients with compensated hepatic cirrhosis possible by duplex Doppler ultrasonography?,yes,no,False,7.3284,8.7034,5.458,1.375,"""There is no evidence to support the use of duplex Doppler ultrasonography for the diagnosis of esophageal varices in patients with compensated hepatic cirrhosis.""",423,False,False,no,True,True,1–2,<= 512 (normal)
110,Do inhaled steroids differ from cromones in terms of hospital admission rates for asthma in children?,yes,no,False,5.0913,8.1521,3.7342,3.0608,inhaled steroids are more effective than cromones in reducing hospital admissions for asthma in children.,295,False,False,unparsable,False,False,2–5,<= 512 (normal)
111,Does airway surgery lower serum lipid levels in obstructive sleep apnea patients?,yes,no,False,7.6067,7.9072,4.0049,0.3005,does upper airway surgery lower serum lipid levels in obstructive sleep apnea patients?,360,False,True,unparsable,False,False,< 1 (uncertain),<= 512 (normal)
112,Israeli hospital preparedness for terrorism-related multiple casualty incidents: can the surge capacity and injury severity distribution be better predicted?,yes,no,False,4.4149,7.3216,3.1674,2.9066,"""The surge capacity and injury severity distribution of HMCIs can be better predicted by the current guidelines based on the epidemiology of encountered HMCIs.",331,False,False,unparsable,False,False,2–5,<= 512 (normal)
113,Do instrumental activities of daily living predict dementia at 1- and 2-year follow-up?,yes,yes,True,10.2142,7.8494,4.3311,2.3647,IADL disability adds to the prediction of dementia at 1- and 2-year follow-up.,322,False,False,unparsable,False,False,2–5,<= 512 (normal)
114,Is pelvic pain associated with defecatory symptoms in women with pelvic organ prolapse?,yes,no,False,8.513,9.2905,3.9812,0.7775,"""Pelvic pain is associated with defecatory symptoms in women with POP.""",200,False,True,unparsable,False,False,< 1 (uncertain),<= 512 (normal)
115,Does the SCL 90-R obsessive-compulsive dimension identify cognitive impairments?,yes,yes,True,7.6946,7.2458,3.9206,0.4487,"""The SCL 90-R obsessive-compulsive dimension is related to cognitive impairments in individuals with brain tumor.""",248,False,True,unparsable,False,False,< 1 (uncertain),<= 512 (normal)
116,Is non-HDL-cholesterol a better predictor of long-term outcome in patients after acute myocardial infarction compared to LDL-cholesterol?,yes,no,False,6.2435,7.1549,5.5654,0.9114,non-HDL-C is a better predictor of long-term outcome than LDL-C.,407,False,True,no,True,True,< 1 (uncertain),<= 512 (normal)
117,Body diffusion-weighted MR imaging of uterine endometrial cancer: is it helpful in the detection of cancer in nonenhanced MR imaging?,yes,no,False,4.797,6.8447,2.2728,2.0477,DW images are useful in addition to T2-weighted images in the detection of endometrial cancer.,335,False,False,unparsable,False,False,2–5,<= 512 (normal)
118,Does pediatric housestaff experience influence tests ordered for infants in the neonatal intensive care unit?,yes,no,False,5.0272,6.9951,3.8005,1.9679,"""The experience of pediatric housestaff does not influence the ordering of tests for infants in the neonatal intensive care unit.""",362,False,False,unparsable,False,False,1–2,<= 512 (normal)
119,Biomolecular identification of allergenic pollen: a new perspective for aerobiological monitoring?,yes,no,False,6.0718,6.7481,2.4088,0.6763,"""Can we develop a real-time PCR approach for the detection and quantification of airborne allergenic pollen?""",271,False,True,unparsable,False,False,< 1 (uncertain),<= 512 (normal)
120,Is the 7th TNM edition suitable for biological predictor in early gastric cancer?,yes,no,False,5.7276,7.7885,4.7829,2.0609,"""The 7th TNM edition is not suitable for biological predictor in early gastric cancer.""",235,False,False,unparsable,False,False,2–5,<= 512 (normal)
121,Are lower fasting plasma glucose levels at diagnosis of type 2 diabetes associated with improved outcomes?,yes,no,False,7.0106,8.445,5.0319,1.4344,"""Is there a link between lower fasting plasma glucose levels and better outcomes?""",292,False,False,unparsable,False,False,1–2,<= 512 (normal)
122,Remote ischemic postconditioning: does it protect against ischemic damage in percutaneous coronary revascularization?,yes,no,False,7.6377,8.3016,3.8488,0.6639,remote postischemic conditioning is a promising strategy to reduce the myocardial damage that is associated with PCI.,230,False,True,unparsable,False,False,< 1 (uncertain),<= 512 (normal)
123,Does multi-modal cervical physical therapy improve tinnitus in patients with cervicogenic somatic tinnitus?,yes,no,False,8.2651,8.2661,4.9937,0.001,"""There is a positive effect of cervical physical therapy on tinnitus complaints in patients with cervicogenic somatic tinnitus.""",346,False,True,unparsable,False,False,< 1 (uncertain),<= 512 (normal)
124,Processing fluency effects: can the content and presentation of participant information sheets influence recruitment and participation for an antenatal intervention?,yes,no,False,4.243,6.1479,0.7785,1.9049,"""The content of the PIS is important.""",246,False,False,unparsable,False,False,1–2,<= 512 (normal)
125,Fulfilling human resources development goal in West Africa: can the training of ophthalmologist diplomates be improved?,yes,no,False,5.5402,6.1968,4.2593,0.6566,the training of ophthalmologist diplomates in West Africa should be improved.,416,False,True,unparsable,False,False,< 1 (uncertain),<= 512 (normal)
126,Predicting admission at triage: are nurses better than a simple objective score?,yes,no,False,6.5689,7.3618,1.3047,0.7928,nurses are better than a simple objective score at predicting admission.,353,False,True,unparsable,False,False,< 1 (uncertain),<= 512 (normal)
127,Are adult body circumferences associated with height?,yes,no,False,3.5256,7.6706,2.8465,4.145,"""Is there a scaling relationship between height and weight?""",363,False,False,unparsable,False,False,2–5,<= 512 (normal)
128,Can progression of valvar aortic stenosis be predicted accurately?,yes,yes,True,8.0557,7.4278,3.7528,0.6279,"""The progression rate of valvar aortic stenosis is determined by the degree of valvar calcification.""",282,False,True,unparsable,False,False,< 1 (uncertain),<= 512 (normal)
129,Does the National Institutes of Health Stroke Scale favor left hemisphere strokes?,yes,yes,True,7.7228,7.0087,3.2191,0.7141,"""Does the National Institutes of Health Stroke Scale favor left hemisphere strokes?""",395,False,True,unparsable,False,False,< 1 (uncertain),<= 512 (normal)
130,MiraLAX vs. Golytely: is there a significant difference in the adenoma detection rate?,yes,no,False,4.4935,7.0693,2.8854,2.5758,Golytely is more efficacious than MiraLAX.,352,False,False,unparsable,False,False,2–5,<= 512 (normal)
131,Can gingival crevicular blood be relied upon for assessment of blood glucose level?,yes,yes,True,8.3191,7.4323,3.9254,0.8869,"""It is possible to use gingival crevicular blood for the assessment of blood glucose levels.""",263,False,True,unparsable,False,False,< 1 (uncertain),<= 512 (normal)
132,Is zero central line-associated bloodstream infection rate sustainable?,yes,no,False,6.1735,10.167,2.344,3.9934,"""There is no evidence that zero CLABSI rate is sustainable in the NICU.""",288,False,False,no,True,True,2–5,<= 512 (normal)
133,Does treatment duration affect outcome after radiotherapy for prostate cancer?,yes,no,False,6.6568,7.7796,4.3258,1.1228,"""The longer the treatment, the worse the outcome.""",356,False,False,unparsable,False,False,1–2,<= 512 (normal)
134,Patient-Controlled Therapy of Breathlessness in Palliative Care: A New Therapeutic Concept for Opioid Administration?,yes,no,False,5.0992,7.3995,3.2153,2.3003,"""The patient is a patient with advanced disease and refractory breathlessness.""",401,False,False,unparsable,False,False,2–5,<= 512 (normal)
135,Is pain a clinically relevant problem in general adult psychiatry?,yes,no,False,7.8431,8.844,4.2396,1.0009,"""Pain is a clinically relevant problem in general adult psychiatry.""",246,False,False,unparsable,False,False,1–2,<= 512 (normal)
136,Should displaced midshaft clavicular fractures be treated surgically?,yes,no,False,8.112,8.3077,5.503,0.1957,"""There is no evidence to support the use of operative treatment for displaced midshaft clavicular fractures.""",304,False,True,no,True,True,< 1 (uncertain),<= 512 (normal)
137,Telemedicine and type 1 diabetes: is technology per se sufficient to improve glycaemic control?,yes,yes,True,7.3038,7.3001,2.2807,0.0037,"""Telemedicine and teleconsultation are not sufficient to improve glycaemic control in patients with type 1 diabetes.""",326,False,True,unparsable,False,False,< 1 (uncertain),<= 512 (normal)
138,Do European people with type 1 diabetes consume a high atherogenic diet?,yes,no,False,6.9037,8.1084,4.8282,1.2047,'The answer is' The answer is' The answer is' The answer is' The answer is' The answer is' The answer is' The,346,False,False,unparsable,False,False,1–2,<= 512 (normal)
139,Preoperative platelet count in esophageal squamous cell carcinoma: is it a prognostic factor?,yes,no,False,7.0378,7.4973,3.7762,0.4596,preoperative platelet count is a prognostic factor in esophageal squamous cell carcinoma.,309,False,True,unparsable,False,False,< 1 (uncertain),<= 512 (normal)
140,Should serum pancreatic lipase replace serum amylase as a biomarker of acute pancreatitis?,yes,no,False,6.9803,8.0573,4.1758,1.077,"""If the serum pancreatic lipase is elevated, then the serum amylase is normal.""",382,False,False,unparsable,False,False,1–2,<= 512 (normal)
141,Do Electrochemiluminescence Assays Improve Prediction of Time to Type 1 Diabetes in Autoantibody-Positive TrialNet Subjects?,yes,yes,True,7.4481,6.0846,3.4454,1.3635,"""We need to find a better marker for predicting the risk of progression to diabetes in autoantibody-positive subjects.""",357,False,False,unparsable,False,False,1–2,<= 512 (normal)
142,Does SYNTAX score predict in-hospital outcomes in patients with ST elevation myocardial infarction undergoing primary percutaneous coronary intervention?,yes,no,False,7.8668,8.4803,3.7827,0.6135,SYNTAX score is a useful tool to predict in-hospital outcomes in patients with STEMI who undergo primary percutaneous coronary intervention.,356,False,True,unparsable,False,False,< 1 (uncertain),<= 512 (normal)
143,Are behavioural risk factors to be blamed for the conversion from optimal blood pressure to hypertensive status in Black South Africans?,yes,no,False,4.0157,7.2784,3.1637,3.2627,'The risk factors are not the same as those that are associated with the development of hypertension in the general population.,367,False,False,unparsable,False,False,2–5,<= 512 (normal)
144,Does the type of tibial component affect mechanical alignment in unicompartmental knee replacement?,yes,no,False,2.6804,7.6394,2.3525,4.9591,"""The tibial component does not affect postoperative alignment.""",269,False,False,unparsable,False,False,2–5,<= 512 (normal)
145,Upstream solutions: does the supplemental security income program reduce disability in the elderly?,yes,no,False,6.5551,6.9629,3.8863,0.4078,Supplemental security income reduces disability in the elderly.,320,False,True,unparsable,False,False,< 1 (uncertain),<= 512 (normal)
146,Can serum be used for analyzing the EGFR mutation status in patients with advanced non-small cell lung cancer?,yes,yes,True,8.1275,7.456,4.7358,0.6714,"""The answer is yes.""",302,False,True,yes,True,True,< 1 (uncertain),<= 512 (normal)
147,Are failures of anterior cruciate ligament reconstruction associated with steep posterior tibial slopes?,yes,no,False,7.0941,7.6534,4.059,0.5593,"""There is a strong association between failure of anterior cruciate ligament reconstruction and steep posterior tibial slopes.""",388,False,True,unparsable,False,False,< 1 (uncertain),<= 512 (normal)
148,Do teleoncology models of care enable safe delivery of chemotherapy in rural towns?,yes,no,False,4.6785,8.6329,3.6382,3.9544,teleoncology models of care are safe and effective.,282,False,False,unparsable,False,False,2–5,<= 512 (normal)
149,Is solitary kidney really more resistant to ischemia?,yes,no,False,6.2519,6.9445,4.9732,0.6927,solitary kidney is more vulnerable to warm ischemia than paired kidney.,268,False,True,unparsable,False,False,< 1 (uncertain),<= 512 (normal)
150,Is it safe to perform rectal anastomosis in gynaecological debulking surgery without a diverting stoma?,yes,no,False,4.5175,10.1206,5.0081,5.1125,"""There is no evidence to support the routine use of a diverting stoma in gynaecological debulking surgery.""",180,False,False,no,True,True,> 5 (confident),<= 512 (normal)
151,Has the mammography quality standards act affected the mammography quality in North Carolina?,yes,yes,True,8.2013,8.0535,5.7854,0.1478,"""The mammography quality standards act has not affected the quality of mammography in North Carolina.""",211,False,True,unparsable,False,False,< 1 (uncertain),<= 512 (normal)
152,Is breast cancer prognosis inherited?,yes,no,False,6.9644,7.8221,4.2453,0.8577,"""Is breast cancer prognosis inherited?""",320,False,True,unparsable,False,False,< 1 (uncertain),<= 512 (normal)
153,c-Kit-dependent growth of uveal melanoma cells: a potential therapeutic target?,yes,yes,True,7.5527,6.8447,3.8971,0.708,c-kit is a potential therapeutic target in uveal melanoma.,303,False,True,unparsable,False,False,< 1 (uncertain),<= 512 (normal)
154,Pituitary apoplexy: do histological features influence the clinical presentation and outcome?,yes,no,False,4.3878,7.4497,1.3734,3.0618,"""The histological features of pituitary apoplexy influence the clinical presentation and outcome.""",169,False,False,unparsable,False,False,2–5,<= 512 (normal)
155,Orthostatic myoclonus: an underrecognized cause of unsteadiness?,yes,no,False,3.2359,6.7465,4.0831,2.6634,"""OMs are a common disorder in neurodegenerative diseases.""",314,False,False,unparsable,False,False,2–5,<= 512 (normal)
156,Is low serum chloride level a risk factor for cardiovascular mortality?,yes,no,False,7.0461,8.2539,5.1513,1.2078,low serum chloride level is a risk factor for cardiovascular mortality.,341,False,False,unparsable,False,False,1–2,<= 512 (normal)
157,Does ethnicity affect where people with cancer die?,yes,no,False,2.4935,7.5056,3.7646,3.741,'where do they die'.,464,False,False,unparsable,False,False,2–5,<= 512 (normal)
158,Transesophageal echocardiographic assessment of left ventricular function in brain-dead patients: are marginally acceptable hearts suitable for transplantation?,yes,no,False,5.0088,7.7254,5.9397,1.7857,"""The heart is not a donor organ.""",364,False,False,no,True,True,1–2,<= 512 (normal)
159,Can the postoperative pain level be predicted preoperatively?,yes,yes,True,8.8381,8.0097,3.3848,0.8284,"""There is a relationship between the intensity of preoperative pain and the intensity of postoperative pain.""",203,False,True,unparsable,False,False,< 1 (uncertain),<= 512 (normal)
160,Does age moderate the effect of personality disorder on coping style in psychiatric inpatients?,yes,no,False,5.0496,7.0721,5.0229,2.0225,"""The effect of personality disorder on coping style is moderated by age.""",254,False,False,unparsable,False,False,2–5,<= 512 (normal)
161,Is neck pain associated with worse health-related quality of life 6 months later?,yes,no,False,6.2676,9.7302,4.3046,3.4626,"""There is an association between neck pain and worse physical HRQoL 6 months later.""",473,False,False,unparsable,False,False,2–5,<= 512 (normal)
162,Dose end-tidal carbon dioxide measurement correlate with arterial carbon dioxide in extremely low birth weight infants in the first week of life?,yes,no,False,7.5086,7.726,3.1894,0.2174,"""Do we need to measure end-tidal carbon dioxide in all ELBW infants?""",329,False,True,unparsable,False,False,< 1 (uncertain),<= 512 (normal)
163,Does Residency Selection Criteria Predict Performance in Orthopaedic Surgery Residency?,yes,no,False,5.9635,7.3143,2.2043,1.3508,"""The evidence is strong.""",482,False,False,unparsable,False,False,1–2,<= 512 (normal)
164,Is CA72-4 a useful biomarker in differential diagnosis between ovarian endometrioma and epithelial ovarian cancer?,yes,no,False,7.0253,7.2485,2.3963,0.2232,"""CA72-4 is not a useful biomarker in the differential diagnosis between ovarian endometrioma and epithelial ovarian cancer.""",222,False,True,no,True,True,< 1 (uncertain),<= 512 (normal)
165,Is the breast best for children with a family history of atopy?,yes,no,False,5.9,8.3414,4.9184,2.4414,breast-feeding protects against a variety of illnesses in normal children with a family history of atopy.,252,False,False,unparsable,False,False,2–5,<= 512 (normal)
166,Is Bare-Metal Stent Implantation Still Justifiable in High Bleeding Risk Patients Undergoing Percutaneous Coronary Intervention?,yes,no,False,5.4263,7.3603,5.5916,1.7686,"""In High Bleeding Risk Patients Undergoing Percutaneous Coronary Intervention, ZES Implantation is Still Justified in the Absence of Advanced Age, Oral Anticoagulant",398,False,False,unparsable,False,False,1–2,<= 512 (normal)
167,"Marital status, living arrangement and mortality: does the association vary by gender?",yes,no,False,4.2457,8.1159,3.5162,3.8702,men benefit more from being married than women.,312,False,False,unparsable,False,False,2–5,<= 512 (normal)
168,Does ibuprofen increase perioperative blood loss during hip arthroplasty?,yes,yes,True,8.2645,7.962,3.5038,0.3025,"""There is no evidence that ibuprofen increases perioperative blood loss during total hip replacement.""",200,False,True,no,True,False,< 1 (uncertain),<= 512 (normal)
169,Can magnetic resonance imaging accurately predict concordant pain provocation during provocative disc injection?,yes,no,False,6.3452,8.5287,3.9313,2.1835,"""There is no evidence that discography is a reliable test for the diagnosis of discogenic low back pain.""",337,False,False,no,True,True,2–5,<= 512 (normal)
170,Does case-mix based reimbursement stimulate the development of process-oriented care delivery?,yes,no,False,5.4171,7.4512,4.0104,2.0341,the case-mix reimbursement does not stimulate the development of care coordination by the use of care programmes.,245,False,False,unparsable,False,False,2–5,<= 512 (normal)
171,Cerebromediastinal tuberculosis in a child with a probable Say-Barber-Miller syndrome: a causative link?,yes,maybe,False,1.6746,6.3582,7.0561,0.6979,tuberculosis is a rare but possible cause of cerebro-mediastinal tuberculosis in immuno-competent children.,249,False,True,unparsable,False,False,< 1 (uncertain),<= 512 (normal)
172,Is the determination of specific IgE against components using ISAC 112 a reproducible technique?,yes,no,False,6.936,7.182,3.2476,0.246,"""The results obtained with ISAC 112 are reproducible and accurate.""",375,False,True,unparsable,False,False,< 1 (uncertain),<= 512 (normal)
173,Schizophrenia patients with high intelligence: A clinically distinct sub-type of schizophrenia?,yes,no,False,4.7932,6.9472,4.898,2.0492,"high intelligence is associated with a more severe negative and disorganised symptom profile, and better global functioning and insight.",303,False,False,unparsable,False,False,2–5,<= 512 (normal)
174,Is halofantrine ototoxic?,yes,no,False,6.3976,8.7198,5.3954,2.3222,halofantrine is ototoxic.,197,False,False,unparsable,False,False,2–5,<= 512 (normal)
175,Identification of racial disparities in breast cancer mortality: does scale matter?,yes,no,False,4.5968,7.0515,3.4667,2.4547,"the larger the geographic scale, the greater the disparity.",227,False,False,unparsable,False,False,2–5,<= 512 (normal)
176,Can fractional lasers enhance transdermal absorption of topical lidocaine in an in vivo animal model?,yes,yes,True,8.5616,6.8634,3.4552,1.6982,"""yes.""",378,False,False,yes,True,True,1–2,<= 512 (normal)
177,Does laparoscopic surgery decrease the risk of atrial fibrillation after foregut surgery?,yes,yes,True,8.1081,8.0642,4.7958,0.0439,laparoscopic surgery decreases the risk of atrial fibrillation after foregut surgery.,348,False,True,unparsable,False,False,< 1 (uncertain),<= 512 (normal)
178,Is breast cancer survival improving?,yes,no,False,6.7787,8.6565,5.9617,1.8778,"""There is a trend toward improved survival after breast cancer recurrence.""",280,False,False,unparsable,False,False,1–2,<= 512 (normal)
179,Does partial expander deflation exacerbate the adverse effects of radiotherapy in two-stage breast reconstruction?,yes,no,False,7.2479,7.8993,5.2992,0.6514,partial deflation of the expander prior to radiotherapy is a safe and effective method to reduce the risk of radiation-induced chronic radiodermatitis.,236,False,True,unparsable,False,False,< 1 (uncertain),<= 512 (normal)
180,Does the clinical presentation of a prior preterm birth predict risk in a subsequent pregnancy?,yes,no,False,6.5199,8.2501,2.4527,1.7302,"""What is the risk of recurrent preterm birth?""",317,False,False,unparsable,False,False,1–2,<= 512 (normal)
181,Cold preparation use in young children after FDA warnings: do concerns still exist?,yes,no,False,6.6503,8.1467,3.8842,1.4964,"""There is no evidence that the FDA warnings have been effective in reducing the use of cough and cold medicines in children younger than 6 years.""",166,False,False,no,True,True,1–2,<= 512 (normal)
182,Does occupational nuclear power plant radiation affect conception and pregnancy?,yes,no,False,6.7421,8.5316,3.4044,1.7895,"""No.",176,False,False,no,True,True,1–2,<= 512 (normal)
183,Can shape analysis differentiate free-floating internal carotid artery thrombus from atherosclerotic plaque in patients evaluated with CTA for stroke or transient ischemic attack?,yes,no,False,7.5049,7.6883,4.2394,0.1835,"""What is the best way to differentiate between these two entities?""",330,False,True,unparsable,False,False,< 1 (uncertain),<= 512 (normal)
184,Can pictorial warning labels on cigarette packages address smoking-related health disparities?,yes,no,False,3.6304,6.0211,3.8201,2.201,"""The text of a pictorial warning label is the most credible, relevant, and effective.""",261,False,False,unparsable,False,False,2–5,<= 512 (normal)
185,Surgical treatment of prosthetic valve endocarditis in patients with double prostheses: is single-valve replacement safe?,yes,no,False,7.3373,8.5688,4.0548,1.2315,single-valve replacement is safe.,302,False,False,unparsable,False,False,1–2,<= 512 (normal)
186,Do nomograms designed to predict biochemical recurrence (BCR) do a better job of predicting more clinically relevant prostate cancer outcomes than BCR?,yes,no,False,6.2544,7.2469,4.823,0.9925,"""The evidence is that nomograms can predict more clinically relevant prostate cancer outcomes than BCR.""",349,False,True,unparsable,False,False,< 1 (uncertain),<= 512 (normal)
187,"Do ""America's Best Hospitals"" perform better for acute myocardial infarction?",yes,no,False,5.8013,6.9524,4.2432,1.1512,"""The best hospitals do better for acute myocardial infarction.""",413,False,False,unparsable,False,False,1–2,<= 512 (normal)
188,Do socioeconomic differences in mortality persist after retirement?,yes,no,False,4.4621,7.7053,3.3013,3.2433,the risk of death is greater in the lower socioeconomic groups before retirement and greater in the higher socioeconomic groups after retirement.,265,False,False,unparsable,False,False,2–5,<= 512 (normal)
189,Convulsions and retinal haemorrhage: should we look further?,yes,no,False,5.0705,8.4522,2.5053,3.3818,'No.,160,False,False,no,True,True,2–5,<= 512 (normal)
190,Is the use of cyanoacrylate in intestinal anastomosis a good and reliable alternative?,yes,no,False,5.9249,7.8725,2.5748,1.9477,"""The evidence is not strong.""",321,False,False,no,True,True,1–2,<= 512 (normal)
191,Are increased carotid artery pulsatility and resistance indexes early signs of vascular abnormalities in young obese males?,yes,yes,True,7.7514,7.039,5.9844,0.7124,"""There is no evidence that obesity in itself is a risk factor for early arterial damage in young males.""",176,False,True,no,True,False,< 1 (uncertain),<= 512 (normal)
192,Does topical ropivacaine reduce the post-tonsillectomy morbidity in pediatric patients?,yes,no,False,6.4583,8.2275,3.5877,1.7692,topical ropivacaine hydrochloride is a safe and effective analgesic for pediatric patients undergoing tonsillectomy.,275,False,False,unparsable,False,False,1–2,<= 512 (normal)
193,Is robotically assisted laparoscopic radical prostatectomy less invasive than retropubic radical prostatectomy?,yes,no,False,5.0955,6.9518,3.277,1.8563,RALP is less invasive than retropubic radical prostatectomy.,398,False,False,unparsable,False,False,1–2,<= 512 (normal)
194,Is specialty care associated with improved survival of patients with congestive heart failure?,yes,no,False,5.9776,8.1203,3.5571,2.1427,"""The evidence is not strong.""",450,False,False,no,True,True,2–5,<= 512 (normal)
195,Histologic evaluation of the testicular remnant associated with the vanishing testes syndrome: is surgical management necessary?,yes,no,False,6.4844,8.9359,2.749,2.4514,"""There is no need for surgical exploration.""",241,False,False,no,True,True,2–5,<= 512 (normal)
196,Does oxybutynin hydrochloride cause arrhythmia in children with bladder dysfunction?,yes,no,False,8.5331,8.6441,4.2317,0.111,"""There is no evidence to support that oxybutynin hydrochloride causes arrhythmia in children with bladder dysfunction.""",97,False,True,no,True,True,< 1 (uncertain),<= 512 (normal)
197,Does the manic/mixed episode distinction in bipolar disorder patients run true over time?,yes,no,False,7.1015,7.6817,4.4894,0.5802,"""The manic / mixed episode distinction in bipolar disorder patients runs true over time.""",133,False,True,unparsable,False,False,< 1 (uncertain),<= 512 (normal)
198,Is the first urinary albumin/creatinine ratio (ACR) in women with suspected preeclampsia a prognostic factor for maternal and neonatal adverse outcome?,yes,yes,True,8.4458,8.0894,4.1313,0.3564,"""There is a strong association between ACR and adverse maternal and neonatal outcomes.""",308,False,True,unparsable,False,False,< 1 (uncertain),<= 512 (normal)
199,Are pediatric concussion patients compliant with discharge instructions?,yes,no,False,6.4742,7.9163,2.6682,1.4421,"""The evidence is not strong.""",416,False,False,no,True,True,1–2,<= 512 (normal)
200,Can communication with terminally ill patients be taught?,yes,yes,True,6.9511,6.758,2.6325,0.1931,"""Can communication skills be taught?""",289,False,True,unparsable,False,False,< 1 (uncertain),<= 512 (normal)
201,Are environmental factors important in primary systemic vasculitis?,yes,no,False,6.54,7.7817,1.5934,1.2417,"""There is a strong association between PSV and occupational silica exposure.""",486,False,False,unparsable,False,False,1–2,<= 512 (normal)
202,Diagnosis and follow-up in constipated children: should we use ultrasound?,yes,no,False,7.4209,7.8525,4.5872,0.4317,"""The answer is that the child has constipation.""",398,False,True,unparsable,False,False,< 1 (uncertain),<= 512 (normal)
203,Out of the smokescreen II: will an advertisement targeting the tobacco industry affect young people's perception of smoking in movies and their intention to smoke?,yes,no,False,8.3416,8.8194,4.9849,0.4778,"""The antismoking advertisement is not OK.""",394,False,True,unparsable,False,False,< 1 (uncertain),<= 512 (normal)
204,Do general practitioner hospitals reduce the utilisation of general hospital beds?,yes,no,False,4.2325,8.0368,4.6825,3.3543,the access to general hospitals is associated with a reduction in the utilisation of general hospital beds.,233,False,False,unparsable,False,False,2–5,<= 512 (normal)
205,Does insulin resistance drive the association between hyperglycemia and cardiovascular risk?,yes,no,False,5.477,8.002,4.5196,2.525,hyperglycemia is a risk factor for cardiovascular disease.,350,False,False,unparsable,False,False,2–5,<= 512 (normal)
206,Ultra high risk (UHR) for psychosis criteria: are there different levels of risk for transition to psychosis?,yes,no,False,4.0084,7.0101,2.2569,3.0016,Trait alone < APS < BLIPS < APS + Trait.,297,False,False,unparsable,False,False,2–5,<= 512 (normal)
207,Aberrant loss of dickkopf-3 in gastric cancer: can it predict lymph node metastasis preoperatively?,yes,yes,True,6.9173,6.5545,3.6492,0.3627,Dickkopf-3 is a tumor suppressor in gastric cancer.,338,False,True,unparsable,False,False,< 1 (uncertain),<= 512 (normal)
208,Can CT predict the level of CSF block in tuberculous hydrocephalus?,yes,no,False,4.941,8.2754,2.5694,3.3344,"""The evidence is not strong.""",187,False,False,no,True,True,2–5,<= 512 (normal)
209,Is oral endotracheal intubation efficacy impaired in the helicopter environment?,yes,no,False,5.4296,8.1017,2.9178,2.6721,"""There is no evidence that the in-flight environment of air medical transport in a BO-105 helicopter impairs the ability of flight nurses to",239,False,False,no,True,True,2–5,<= 512 (normal)
210,Sternal plating for primary and secondary sternal closure; can it improve sternal stability?,yes,no,False,4.1055,7.148,2.2192,3.0425,"""Sternal plating for primary sternal closure is superior to wire cerclage.""",304,False,False,unparsable,False,False,2–5,<= 512 (normal)
211,Can early second-look tympanoplasty reduce the rate of conversion to modified radical mastoidectomy?,yes,no,False,5.3533,8.253,4.8571,2.8997,"""There is no evidence that early second-look tympanoplasty reduces the rate of conversion to a modified radical mastoidectomy.""",208,False,False,no,True,True,2–5,<= 512 (normal)
212,Can T-cell deficiency affect spatial learning ability following toluene exposure?,yes,no,False,6.0057,6.4627,3.396,0.457,"toluene exposure may affect spatial learning ability in mice, but T cells are not involved in this effect.",220,False,True,unparsable,False,False,< 1 (uncertain),<= 512 (normal)
213,Are acceptance rates of a national preventive home visit programme for older people socially imbalanced?,yes,yes,True,7.5717,7.4688,6.3889,0.103,the majority of older people accept preventive home visits.,279,False,True,unparsable,False,False,< 1 (uncertain),<= 512 (normal)
214,Increased neutrophil migratory activity after major trauma: a factor in the etiology of acute respiratory distress syndrome?,yes,no,False,5.3796,6.1323,3.2877,0.7527,"""What is the role of interleukin-8 in the early postinjury phase?""",414,False,True,unparsable,False,False,< 1 (uncertain),<= 512 (normal)
215,"Do improvements in outreach, clinical, and family and community-based services predict improvements in child survival?",yes,no,False,4.8218,7.3156,1.5943,2.4938,"""What is the relationship between improvements in service delivery and child survival?""",383,False,False,unparsable,False,False,2–5,<= 512 (normal)
216,Vertical lines in distal esophageal mucosa (VLEM): a true endoscopic manifestation of esophagitis in children?,yes,no,False,4.336,7.4278,2.9924,3.0919,"""VLEM is a true endoscopic manifestation of esophagitis in children.""",262,False,False,unparsable,False,False,2–5,<= 512 (normal)
217,An HIV1/2 point of care test on sputum for screening TB/HIV co-infection in Central India - Will it work?,yes,no,False,6.1647,8.4086,4.4844,2.2439,"""It is not necessary to test sputum for HIV in all TB patients.""",241,False,False,no,True,True,2–5,<= 512 (normal)
218,Is crime associated with over-the-counter pharmacy syringe sales?,yes,no,False,6.0158,8.0171,4.1495,2.0012,"""There is no association between OTC syringe sales and crime.""",272,False,False,no,True,True,2–5,<= 512 (normal)
219,Colorectal cancer in young patients: is it a distinct clinical entity?,yes,no,False,3.433,6.4945,4.3733,2.1212,colorectal cancer in young patients is a distinct clinical entity.,339,False,False,unparsable,False,False,2–5,<= 512 (normal)
220,Does evidence-based practice improve patient outcomes?,yes,no,False,6.0451,7.6903,3.1209,1.6451,"""What is the evidence?""",370,False,False,unparsable,False,False,1–2,<= 512 (normal)
221,Can the prognosis of polymyalgia rheumatica be predicted at disease onset?,yes,no,False,6.8246,8.4894,4.8106,1.6648,"""The prognosis of PMR is better if the disease is diagnosed early and treated with low-dose prednisolone.""",363,False,False,no,True,True,1–2,<= 512 (normal)
222,Does prior benign prostate biopsy predict outcome for patients treated with radical perineal prostatectomy?,yes,no,False,6.5512,8.9531,4.6903,2.4019,"""There is a subset of patients with prostate cancer who have a favorable outcome after radical perineal prostatectomy.""",306,False,False,unparsable,False,False,2–5,<= 512 (normal)
223,Is the Distance Worth It?,yes,no,False,6.4958,7.4876,4.7844,0.9918,"""Is the distance Worth It?""",399,False,True,unparsable,False,False,< 1 (uncertain),<= 512 (normal)
224,Treatment as prevention in resource-limited settings: is it feasible to maintain HIV viral load suppression over time?,yes,no,False,5.8182,9.7898,4.6778,3.9716,"""TasP is not feasible.""",335,False,False,no,True,True,2–5,<= 512 (normal)
225,Does head positioning influence anterior chamber depth in pseudoexfoliation syndrome?,yes,no,False,5.3481,6.7411,2.9026,1.3929,"""Yes.""",255,False,False,yes,True,False,1–2,<= 512 (normal)
226,Are intraoperative precursor events associated with postoperative major adverse events?,yes,yes,True,8.692,8.1247,4.56,0.5673,"""Is there a relationship between precursor events and postoperative MACE?""",315,False,True,unparsable,False,False,< 1 (uncertain),<= 512 (normal)
227,Transient tachypnea of the newborn (TTN): a role for polymorphisms in the beta-adrenergic receptor (ADRB) encoding genes?,yes,no,False,5.9383,6.1777,2.1173,0.2394,TTN is associated with a genetic predisposition to TTN.,253,False,True,unparsable,False,False,< 1 (uncertain),<= 512 (normal)
228,Could ADMA levels in young adults born preterm predict an early endothelial dysfunction?,yes,no,False,6.0054,6.4193,4.2118,0.4139,ADMA levels in young adults born preterm at extremely low birth weight are reduced compared to those of a control group of healthy adults born at term.,309,False,True,unparsable,False,False,< 1 (uncertain),<= 512 (normal)
229,Informed consent for total hip arthroplasty: does a written information sheet improve recall by patients?,yes,yes,True,8.4412,7.4548,2.8763,0.9864,"""Will the patient know that he or she is undergoing total hip arthroplasty?""",165,False,True,unparsable,False,False,< 1 (uncertain),<= 512 (normal)
230,Quaternary cytoreductive surgery in ovarian cancer: does surgical effort still matter?,yes,no,False,6.6781,7.6713,4.4903,0.9932,"""Quaternary cytoreduction is a safe and effective procedure in EOC relapse.""",417,False,True,unparsable,False,False,< 1 (uncertain),<= 512 (normal)
231,Can a Novel Surgical Approach to the Temporomandibular Joint Improve Access and Reduce Complications?,yes,no,False,6.9508,7.1707,4.0664,0.2199,"""The VMPA is a safe and effective technique for TMJ surgery.""",183,False,True,unparsable,False,False,< 1 (uncertain),<= 512 (normal)
232,Hepatic arterial embolization for unresectable hepatocellular carcinomas: do technical factors affect prognosis?,yes,no,False,5.6653,6.8611,4.1285,1.1958,Selective embolization is a better treatment option than non-selective embolization.,314,False,False,unparsable,False,False,1–2,<= 512 (normal)
233,Is plate clearing a risk factor for obesity?,yes,no,False,6.4353,7.6228,5.889,1.1875,plate clearing is a risk factor for excess weight gain.,190,False,False,unparsable,False,False,1–2,<= 512 (normal)
234,Outcomes of severely injured adult trauma patients in an Australian health service: does trauma center level make a difference?,yes,no,False,4.1739,7.4399,2.907,3.266,Level III trauma centers are associated with a lower risk of death than level I trauma centers.,318,False,False,unparsable,False,False,2–5,<= 512 (normal)
235,Does the lipid-lowering peroxisome proliferator-activated receptors ligand bezafibrate prevent colon cancer in patients with coronary artery disease?,yes,no,False,7.4356,7.6874,6.0378,0.2518,bezafibrate may have a preventive effect on colon cancer development in patients with coronary artery disease.,409,False,True,unparsable,False,False,< 1 (uncertain),<= 512 (normal)
236,Serum angiotensin-converting enzyme and frequency of severe hypoglycaemia in Type 1 diabetes: does a relationship exist?,yes,no,False,7.6431,8.6875,4.2342,1.0444,serum angiotensin-converting enzyme is not a risk factor for SH in people with Type 1 diabetes.,325,False,False,unparsable,False,False,1–2,<= 512 (normal)
237,Hypotension in patients with coronary disease: can profound hypotensive events cause myocardial ischaemic events?,yes,no,False,4.0643,7.6572,6.2132,1.444,Hypotension is a cause of myocardial ischaemia.,328,False,False,unparsable,False,False,1–2,<= 512 (normal)
238,Measuring hospital mortality rates: are 30-day data enough?,yes,no,False,6.0318,7.5899,4.2503,1.5581,30-day data are sufficient to measure hospital performance.,297,False,False,unparsable,False,False,1–2,<= 512 (normal)
239,Is the ability to perform transurethral resection of the prostate influenced by the surgeon's previous experience?,yes,no,False,5.689,7.9328,3.4637,2.2439,"""The urologist's experience does not influence the amount of irrigation fluid absorbed or the amount of irrigation fluid absorbed during transurethral resection of the prostate.""",287,False,False,unparsable,False,False,2–5,<= 512 (normal)
240,"Syncope during bathing in infants, a pediatric form of water-induced urticaria?",yes,no,False,1.7724,6.8886,4.3012,2.5874,aquagenic maladies are a form of water-induced urticaria.,248,False,False,unparsable,False,False,2–5,<= 512 (normal)
241,Do women residents delay childbearing due to perceived career threats?,yes,no,False,5.8548,7.988,4.6718,2.1332,"""Do you have children during residency?""",297,False,False,unparsable,False,False,2–5,<= 512 (normal)
242,Is trabecular bone related to primary stability of miniscrews?,yes,no,False,5.0216,6.7906,5.133,1.6577,"""The evidence is not strong.""",261,False,False,no,True,True,1–2,<= 512 (normal)
243,Acute respiratory distress syndrome in children with malignancy--can we predict outcome?,yes,no,False,7.9161,8.1795,3.9811,0.2634,"""yes.""",208,False,True,yes,True,False,< 1 (uncertain),<= 512 (normal)
244,"Neoadjuvant Imatinib in Locally Advanced Gastrointestinal stromal Tumours, Will Kit Mutation Analysis Be a Pathfinder?",yes,no,False,5.68,7.7296,4.4958,2.0496,"""There is a role for KIT mutation analysis in the selection of patients for NA IM.""",378,False,False,unparsable,False,False,2–5,<= 512 (normal)
245,Is obesity a risk factor for wheezing among adolescents?,yes,no,False,7.1315,7.7083,5.4018,0.5769,"""There is a relationship between obesity and wheezing in adolescence.""",398,False,True,unparsable,False,False,< 1 (uncertain),<= 512 (normal)
246,Could ESC (Electronic Stability Control) change the way we drive?,yes,no,False,6.0774,7.0789,4.5042,1.0015,"""We can change our driving behavior to reduce the likelihood of collisions involving loss of control.""",333,False,False,unparsable,False,False,1–2,<= 512 (normal)
247,Does a geriatric oncology consultation modify the cancer treatment plan for elderly patients?,yes,no,False,6.1525,8.0273,5.9606,1.8748,"""Do you have a treatment plan?""",270,False,False,unparsable,False,False,1–2,<= 512 (normal)
248,Can students' scores on preclerkship clinical performance examinations predict that they will fail a senior clinical performance examination?,yes,yes,True,7.3735,6.6725,2.723,0.701,"""The answer is yes.""",281,False,True,yes,True,True,< 1 (uncertain),<= 512 (normal)
249,Adults with mild intellectual disabilities: can their reading comprehension ability be improved?,yes,no,False,4.9253,6.7592,1.3788,1.8339,the adults with mild intellectual disabilities can benefit from the teaching of text comprehension strategies.,369,False,False,unparsable,False,False,1–2,<= 512 (normal)
250,Can nurse-led preoperative education reduce anxiety and postoperative complications of patients undergoing cardiac surgery?,yes,yes,True,7.5774,7.5102,5.2374,0.0672,"""The evidence is not strong.""",305,False,True,no,True,False,< 1 (uncertain),<= 512 (normal)
251,Is there a relationship between homocysteine and vitiligo?,yes,no,False,4.8201,8.1267,4.7534,3.3066,homocysteine is not a causative factor in the pathogenesis of vitiligo.,456,False,False,no,True,True,2–5,<= 512 (normal)
252,Does para-cervical block offer additional advantages in abortion induction with gemeprost in the 2nd trimester?,yes,no,False,4.9315,8.5659,3.1198,3.6344,Para-cervical block is not necessary in this procedure.,352,False,False,unparsable,False,False,2–5,<= 512 (normal)
253,Is a 9-month treatment sufficient in tuberculous enterocolitis?,yes,no,False,4.2035,8.5676,6.4591,2.1085,a 9-month treatment is sufficient in tuberculous enterocolitis.,259,False,False,unparsable,False,False,2–5,<= 512 (normal)
254,Reporting and interpreting red blood cell morphology: is there discordance between clinical pathologists and clinicians?,yes,no,False,7.1655,7.252,0.641,0.0864,"""There is no agreement on what is meant by"" RBC morphology. """,286,False,True,no,True,True,< 1 (uncertain),<= 512 (normal)
255,The inverse equity hypothesis: does it apply to coverage of cancer screening in middle-income countries?,yes,no,False,4.7862,7.9219,3.4973,3.1357,the inequality in coverage of cancer screening is not a function of overall coverage.,312,False,False,unparsable,False,False,2–5,<= 512 (normal)
256,Menopausal hormone therapy and irregular endometrial bleeding: a potential role for uterine natural killer cells?,yes,no,False,2.7895,7.385,2.7064,4.5955,Irregular bleeding in HT users is associated with increased uNK cell populations and IL-15 expression.,273,False,False,unparsable,False,False,2–5,<= 512 (normal)
257,Can we ease the financial burden of colonoscopy?,yes,no,False,4.2475,8.1282,2.7698,3.8807,"""Can we predict colonoscopy surveillance intervals based on real-time endoscopic assessment of polyp histology?""",328,False,False,unparsable,False,False,2–5,<= 512 (normal)
258,Does open access publishing increase the impact of scientific articles?,yes,yes,True,7.5826,7.344,5.2876,0.2386,Open access publishing of scientific articles in intensive care medicine journals increases the citation count of the articles.,340,False,True,unparsable,False,False,< 1 (uncertain),<= 512 (normal)
259,Can biofeedback training of psychophysiological responses enhance athletes' sport performance?,yes,no,False,6.5739,6.6381,3.0328,0.0642,biofeedback training can be used to improve athletes' psychophysiological control over competitive anxiety and enhance their athletic performance.,414,False,True,unparsable,False,False,< 1 (uncertain),<= 512 (normal)
260,Are patients willing participants in the new wave of community-based medical education in regional and rural Australia?,yes,yes,True,8.2586,7.9037,4.5521,0.3549,"""The patient is willing participants in the new wave of community-based medical education in regional and rural Australia.""",240,False,True,unparsable,False,False,< 1 (uncertain),<= 512 (normal)
261,Are pectins involved in cold acclimation and de-acclimation of winter oil-seed rape plants?,yes,no,False,2.7243,6.4105,3.9874,2.4231,"""The pectins are not involved in the regulation of freezing resistance and tissue growth over the course of plant cold acclimation and de-acclimation.""",241,False,False,no,True,True,2–5,<= 512 (normal)
262,The HELPP syndrome--evidence of a possible systemic inflammatory response in pre-eclampsia?,yes,no,False,6.2196,6.9554,5.7281,0.7358,HELLP syndrome is a systemic inflammatory response syndrome.,349,False,True,unparsable,False,False,< 1 (uncertain),<= 512 (normal)
263,Optimism and survival: does an optimistic outlook predict better survival at advanced ages?,yes,no,False,5.5705,7.7002,6.0648,1.6354,optimism is associated with better survival in the oldest-old.,361,False,False,unparsable,False,False,1–2,<= 512 (normal)
264,Is combined therapy more effective than growth hormone or hyperbaric oxygen alone in the healing of left ischemic and non-ischemic colonic anastomoses?,yes,yes,True,7.4704,6.9671,4.575,0.5033,"""The combination of growth hormone and hyperbaric oxygen is more effective than growth hormone or hyperbaric oxygen alone in the healing of left ischemic and non-ischemic colonic",308,False,True,unparsable,False,False,< 1 (uncertain),<= 512 (normal)
265,The promise of specialty pharmaceuticals: are they worth the price?,yes,no,False,6.3324,7.8718,3.6371,1.5394,specialty pharmaceuticals are worth the price.,250,False,False,unparsable,False,False,1–2,<= 512 (normal)
266,A comparison of 500 prefilled textured saline breast implants versus 500 standard textured saline breast implants: is there a difference in deflation rates?,yes,no,False,5.7257,7.5278,4.1224,1.802,The Poly Implant Prosthesis implants deflate at a significantly lower rate than the Mentor Siltex implants.,363,False,False,unparsable,False,False,1–2,<= 512 (normal)
267,Is withdrawal-induced anxiety in alcoholism based on beta-endorphin deficiency?,yes,no,False,3.854,7.3584,3.6304,3.5044,beta E deficiency is not the only cause of anxiety in alcohol withdrawal.,377,False,False,unparsable,False,False,2–5,<= 512 (normal)
268,Cardiac reoperations in octogenarians: Do they really benefit?,yes,no,False,6.9455,7.4463,5.7301,0.5008,"""The elderly are not a group of patients who are not good candidates for cardiac surgery.""",315,False,True,no,True,True,< 1 (uncertain),<= 512 (normal)
269,Is first-line single-agent mitoxantrone in the treatment of high-risk metastatic breast cancer patients as effective as combination chemotherapy?,yes,no,False,8.0291,9.5442,7.2759,1.5151,"""No.""",320,False,False,no,True,True,1–2,<= 512 (normal)
270,Can clinical supervision sustain our workforce in the current healthcare landscape?,yes,no,False,6.2211,7.7201,2.0574,1.499,'We need to be prepared to deliver clinical supervision to allied health professionals.,365,False,False,unparsable,False,False,1–2,<= 512 (normal)
271,Can distal ureteral diameter predict reflux resolution after endoscopic injection?,yes,no,False,6.8382,8.5383,5.453,1.7002,"""There is a strong association between VUR resolution and UD and UDR.""",300,False,False,unparsable,False,False,1–2,<= 512 (normal)
272,Is lumbar drainage of postoperative cerebrospinal fluid fistula after spine surgery effective?,yes,no,False,4.8641,8.5385,2.6856,3.6744,"""The evidence is not strong.""",169,False,False,no,True,True,2–5,<= 512 (normal)
273,Assessing joint line positions by means of the contralateral knee: a new approach for planning knee revision surgery?,yes,no,False,4.5916,8.3411,2.5876,3.7495,"""The contralateral knee is not a reliable reference for determining the JL position.""",230,False,False,unparsable,False,False,2–5,<= 512 (normal)
274,Can myometrial electrical activity identify patients in preterm labor?,yes,yes,True,7.6446,7.4371,4.2209,0.2075,"""What is the answer?""",228,False,True,unparsable,False,False,< 1 (uncertain),<= 512 (normal)
275,Does the Transmissible Liability Index (TLI) assessed in late childhood predict suicidal symptoms at young adulthood?,yes,no,False,6.9448,7.2189,3.0911,0.2741,TLI predicts number and severity of lifetime suicide attempts.,241,False,True,unparsable,False,False,< 1 (uncertain),<= 512 (normal)
276,Does strategy training reduce age-related deficits in working memory?,no,no,True,4.9842,7.2347,3.1941,2.2505,does strategy training improve WM performance?,291,False,False,unparsable,False,False,2–5,<= 512 (normal)
277,Does the sex of acute stroke patients influence the effectiveness of rt-PA?,no,yes,False,9.0388,8.0521,6.2722,0.9867,"""There is no difference in the effectiveness of IV rt-PA treatment between men and women.""",366,False,True,no,True,False,< 1 (uncertain),<= 512 (normal)
278,Does the early adopter of drugs exist?,no,no,True,8.1043,8.2503,3.6067,0.146,early adoption of new drugs is a personal trait independent of drug groups.,286,False,True,unparsable,False,False,< 1 (uncertain),<= 512 (normal)
279,Can 'high-risk' human papillomaviruses (HPVs) be detected in human breast milk?,no,no,True,7.8203,9.0638,5.3494,1.2434,'HPV is not present in human breast milk'.,108,False,False,no,True,True,1–2,<= 512 (normal)
280,Is nasogastric decompression useful in prevention of leaks after laparoscopic sleeve gastrectomy?,no,no,True,4.928,9.3922,4.7568,4.4641,nasogastric decompression is not useful in preventing leaks after LSG.,313,False,False,unparsable,False,False,2–5,<= 512 (normal)
281,"Regional anesthesia as compared with general anesthesia for surgery in geriatric patients with hip fracture: does it decrease morbidity, mortality, and health care costs?",no,no,True,6.2968,8.5642,5.4855,2.2674,"regional anesthesia is not associated with a decrease in morbidity, mortality, or hospitalization costs.",316,False,False,unparsable,False,False,2–5,<= 512 (normal)
282,Double reading of barium enemas: is it necessary?,no,no,True,5.9223,7.4274,3.8157,1.5051,double reading is necessary?,365,False,False,unparsable,False,False,1–2,<= 512 (normal)
283,"Is there any evidence of a ""July effect"" in patients undergoing major cancer surgery?",no,no,True,6.6143,9.1303,5.2262,2.516,"""There is no evidence of a July effect.""",282,False,False,no,True,True,2–5,<= 512 (normal)
284,Characterization of the gender dimorphism after injury and hemorrhagic shock: are hormonal differences responsible?,no,no,True,3.9341,6.5531,2.5154,2.619,the gender dimorphism is a reflection of the gender-specific response to injury and the response to injury is gender-specific.,316,False,False,unparsable,False,False,2–5,<= 512 (normal)
285,Cardiogenic shock complicating acute myocardial infarction in elderly patients: does admission to a tertiary center improve survival?,no,no,True,6.3476,7.8669,4.6003,1.5193,"""Is there a benefit to early revascularization in this population?""",317,False,False,unparsable,False,False,1–2,<= 512 (normal)
286,Sub-classification of low-grade cerebellar astrocytoma: is it clinically meaningful?,no,no,True,4.8738,8.0362,3.3137,3.1625,"""There is no clinically meaningful difference in survival time between low-grade pilocytic astrocytoma and fibrillary astrocytoma.""",247,False,False,no,True,True,2–5,<= 512 (normal)
287,Department of Transportation vs self-reported data on motor vehicle collisions and driving convictions for stroke survivors: do they agree?,no,yes,False,9.4285,7.0603,3.6083,2.3682,"""There is a difference between self-reports and government records of motor vehicle collisions and driving convictions in a sample of moderately impaired stroke survivors.""",329,False,False,unparsable,False,False,2–5,<= 512 (normal)
288,Cholesterol screening in school children: is family history reliable to choose the ones to screen?,no,no,True,6.9341,8.5558,4.7138,1.6217,"""It is not necessary to screen all children for hypercholesterolemia.""",157,False,False,no,True,True,1–2,<= 512 (normal)
289,Did the call for boycott by the Catholic bishops affect the polio vaccination coverage in Kenya in 2015?,no,no,True,5.7767,8.031,6.4148,1.6162,"""The Catholic bishops are not the only source of funding for the polio vaccination campaign in Kenya.""",314,False,False,unparsable,False,False,1–2,<= 512 (normal)
290,Does early discharge with nurse home visits affect adequacy of newborn metabolic screening?,no,no,True,6.0933,7.4241,3.4469,1.3308,early discharge with nurse home visits improves newborn metabolic screening results.,318,False,False,unparsable,False,False,1–2,<= 512 (normal)
291,Is alexithymia a risk factor for unexplained physical symptoms in general medical outpatients?,no,no,True,8.347,8.9015,5.8261,0.5545,"""There is no association between alexithymia and medically unexplained physical symptoms.""",252,False,True,no,True,True,< 1 (uncertain),<= 512 (normal)
292,Are sports medicine journals relevant and applicable to practitioners and athletes?,no,no,True,7.2162,8.1366,1.3949,0.9204,"""There is no evidence that sports medicine journals are relevant to sports medicine.""",132,False,True,no,True,True,< 1 (uncertain),<= 512 (normal)
293,Does quantitative left ventricular regional wall motion change after fibrous tissue resection in endomyocardial fibrosis?,no,no,True,5.8428,7.7949,2.5776,1.9521,"""There is no change in left ventricular regional wall motion after fibrous tissue resection in New York Heart Association FC III and IV patients.""",295,False,False,no,True,True,1–2,<= 512 (normal)
294,Does gestational age misclassification explain the difference in birthweights for Australian aborigines and whites?,no,no,True,0.6408,6.4052,1.7422,4.6631,the difference in birthweight distributions between Australian Aborigines and whites is due to differential misclassification of gestational age.,237,False,False,unparsable,False,False,2–5,<= 512 (normal)
295,Utility of unenhanced fat-suppressed T1-weighted MRI in children with sickle cell disease -- can it differentiate bone infarcts from acute osteomyelitis?,no,no,True,8.1828,9.4438,5.0513,1.261,"""No.""",339,False,False,no,True,True,1–2,<= 512 (normal)
296,Do African American women require fewer calories to maintain weight?,no,no,True,4.6542,8.3099,4.3667,3.6557,AA women require fewer calories to maintain weight than non-AA women.,349,False,False,unparsable,False,False,2–5,<= 512 (normal)
297,The use of audit to identify maternal mortality in different settings: is it just a difference between the rich and the poor?,no,no,True,4.2423,7.8544,5.4037,2.4507,the poor are more likely to die from preventable causes.,266,False,False,unparsable,False,False,2–5,<= 512 (normal)
298,Are wandering and physically nonaggressive agitation equivalent?,no,no,True,5.1957,6.6291,2.5634,1.4333,Wandering is a distinct concept from PNA.,227,False,False,unparsable,False,False,1–2,<= 512 (normal)
299,Is the covering of the resection margin after distal pancreatectomy advantageous?,no,no,True,7.3409,9.2291,4.081,1.8883,"""The evidence is not strong.""",437,False,False,no,True,True,1–2,<= 512 (normal)
300,Does continuous intravenous infusion of low-concentration epinephrine impair uterine blood flow in pregnant ewes?,no,no,True,6.6064,7.93,4.5259,1.3236,"""Does epinephrine impair uterine blood flow in the gravid ewe?""",254,False,False,unparsable,False,False,1–2,<= 512 (normal)
301,Do healthier lifestyles lead to less utilization of healthcare resources?,no,no,True,5.4879,7.0384,3.5704,1.5505,"""healthier lifestyles lead to less utilization of medical resources.""",259,False,False,unparsable,False,False,1–2,<= 512 (normal)
302,Do risk factors for suicidal behavior differ by affective disorder polarity?,no,no,True,4.3349,8.2341,2.0791,3.8992,Affective disorder polarity does not influence the risk of suicide attempts or completions.,279,False,False,unparsable,False,False,2–5,<= 512 (normal)
303,Thrombosis prophylaxis in hospitalised medical patients: does prophylaxis in all patients make sense?,no,no,True,7.0155,9.0953,2.1512,2.0798,'Prophylaxis is not necessary'.,199,False,False,no,True,True,2–5,<= 512 (normal)
304,Is late-night salivary cortisol a better screening test for possible cortisol excess than standard screening tests in obese patients with Type 2 diabetes?,no,no,True,5.3059,8.3577,4.3206,3.0518,"""There is no evidence that late-night salivary cortisol is a better screening test for possible cortisol excess than standard screening tests in obese patients with Type 2",259,False,False,no,True,True,2–5,<= 512 (normal)
305,Does escalation of the apical dose change treatment outcome in beta-radiation of posterior choroidal melanomas with 106Ru plaques?,no,no,True,6.0291,8.332,2.8623,2.3029,"""The apical dose prescription should be 100 Gy.",247,False,False,unparsable,False,False,2–5,<= 512 (normal)
306,Estradiol and Antagonist Pretreatment Prior to Microdose Leuprolide in in Vitro Fertilization. Does It Improve IVF Outcomes in Poor Responders as Compared to Oral Contraceptive Pill?,no,no,True,6.0488,7.5684,4.562,1.5196,OCP / ML is superior to E2 + antag / ML in terms of ongoing pregnancy rates.,251,False,False,unparsable,False,False,1–2,<= 512 (normal)
307,Do risk calculators accurately predict surgical site occurrences?,no,yes,False,9.0144,8.1495,2.351,0.8649,"""The evidence is not strong.""",551,False,True,no,True,False,< 1 (uncertain),> 512 (long)
308,Is diffusion-weighted imaging a significant indicator of the development of vascularization in hypovascular hepatocellular lesions?,no,no,True,7.2432,8.2359,4.5502,0.9927,"""There is no evidence that diffusion-weighted imaging is a significant indicator of the development of vascularization in hypovascular hepatocellular lesions.""",160,False,True,no,True,True,< 1 (uncertain),<= 512 (normal)
309,Does confined placental mosaicism account for adverse perinatal outcomes in IVF pregnancies?,no,no,True,4.7608,7.481,5.7624,1.7186,confined placental mosaicism is not a cause of adverse perinatal outcomes in IVF pregnancies.,297,False,False,unparsable,False,False,1–2,<= 512 (normal)
310,Do elderly cancer patients have different care needs compared with younger ones?,no,no,True,6.2208,7.7252,4.917,1.5044,"""The elderly cancer patient has a different care needs than the younger patient.""",259,False,False,unparsable,False,False,1–2,<= 512 (normal)
311,Does increased nerve length within the treatment volume improve trigeminal neuralgia radiosurgery?,no,no,True,5.6617,7.299,3.4631,1.6373,"""The longer the nerve, the better the pain relief.""",277,False,False,unparsable,False,False,1–2,<= 512 (normal)
312,Amblyopia: is visual loss permanent?,no,no,True,4.7119,8.4521,1.4023,3.7402,"""The visual loss is permanent.""",195,False,False,unparsable,False,False,2–5,<= 512 (normal)
313,Are physicians meeting the needs of family caregivers of the frail elderly?,no,yes,False,8.4229,7.7626,4.129,0.6603,"""The physician is the person who provides the care for the frail elderly.""",220,False,True,unparsable,False,False,< 1 (uncertain),<= 512 (normal)
314,Will CT ordering practices change if we educate residents about the potential effects of radiation exposure?,no,no,True,6.5991,8.0186,5.0116,1.4195,"""We can change our ordering practices to reduce radiation exposure from CT scans.""",298,False,False,unparsable,False,False,1–2,<= 512 (normal)
315,Is arch form influenced by sagittal molar relationship or Bolton tooth-size discrepancy?,no,no,True,4.8423,8.4086,3.2721,3.5664,"""There is no association between arch form and sagittal molar relationship or Bolton tooth-size discrepancy.""",178,False,False,no,True,True,2–5,<= 512 (normal)
316,Are the long-term results of the transanal pull-through equal to those of the transabdominal pull-through?,no,no,True,3.7296,6.6935,4.1865,2.507,"""The transanal pull-through is better than the transabdominal pull-through.""",332,False,False,unparsable,False,False,2–5,<= 512 (normal)
317,Should temperature be monitorized during kidney allograft preservation?,no,no,True,6.0276,7.9286,4.735,1.901,"""The best temperature is the one that is maintained during the first hour of preservation.""",291,False,False,unparsable,False,False,1–2,<= 512 (normal)
318,Should all human immunodeficiency virus-infected patients with end-stage renal disease be excluded from transplantation?,no,no,True,8.9722,9.9493,6.2437,0.9772,"""No.""",250,False,True,no,True,True,< 1 (uncertain),<= 512 (normal)
319,Does minimal access major surgery in the newborn hurt less?,no,no,True,6.0647,8.1543,4.8943,2.0897,MAS in neonates is associated with less postoperative pain than conventional surgery.,330,False,False,unparsable,False,False,2–5,<= 512 (normal)
320,Does increased patient awareness improve accrual into cancer-related clinical trials?,no,yes,False,7.776,7.0076,4.4249,0.7683,"""Yes.""",227,False,True,yes,True,True,< 1 (uncertain),<= 512 (normal)
321,Continuity of care experience of residents in an academic vascular department: are trainees learning complete surgical care?,no,no,True,7.2915,7.828,1.0228,0.5365,"""The residents are learning complete surgical care.""",404,False,True,unparsable,False,False,< 1 (uncertain),<= 512 (normal)
322,Health habits and vaccination status of Lebanese residents: are future doctors applying the rules of prevention?,no,no,True,6.8213,7.6513,3.5342,0.83,"""The Lebanese residents are not practicing preventive medicine.""",404,False,True,unparsable,False,False,< 1 (uncertain),<= 512 (normal)
323,Landolt C and snellen e acuity: differences in strabismus amblyopia?,no,no,True,4.1594,7.1884,1.4449,3.029,Snellen E and Landolt C acuity are not interchangeable.,327,False,False,unparsable,False,False,2–5,<= 512 (normal)
324,The insertion allele of the ACE gene I/D polymorphism. A candidate gene for insulin resistance?,no,no,True,4.2335,7.1204,2.6898,2.8869,"the DD genotype is associated with lower insulin sensitivity and lower levels of des 31,32 proinsulin in NIDDM subjects.",295,False,False,no,True,True,2–5,<= 512 (normal)
325,Is fetal gender associated with emergency department visits for asthma during pregnancy?,no,no,True,7.8508,8.4378,4.8778,0.587,fetal gender is not a significant predictor of having an ED visit for asthma.,291,False,True,no,True,True,< 1 (uncertain),<= 512 (normal)
326,Blunt trauma in intoxicated patients: is computed tomography of the abdomen always necessary?,no,yes,False,8.8628,8.2676,3.5767,0.5952,"""Yes.",173,False,True,yes,True,True,< 1 (uncertain),<= 512 (normal)
327,Risk factors for avascular necrosis of bone in patients with systemic lupus erythematosus: is there a role for antiphospholipid antibodies?,no,no,True,6.6863,8.448,3.9532,1.7617,aPL are not risk factors for the development of avascular necrosis of bone in patients with systemic lupus erythematosus.,206,False,False,no,True,True,1–2,<= 512 (normal)
328,Volume change of uterine myomas during pregnancy: do myomas really grow?,no,no,True,5.2041,8.4911,2.3504,3.287,myomas do not grow during pregnancy.,339,False,False,no,True,True,2–5,<= 512 (normal)
329,Do foreign bodies migrate through the body towards the heart?,no,no,True,4.7278,7.841,5.234,2.607,'FB walk to the heart'.,217,False,False,unparsable,False,False,2–5,<= 512 (normal)
330,Does concomitant anterior/apical repair during midurethral sling improve the overactive bladder component of mixed incontinence?,no,no,True,7.4327,9.1627,6.7783,1.73,"""There is no difference in OAB-q change score between women with mixed urinary incontinence undergoing MUS alone or MUS + AA repair.""",361,False,False,no,True,True,1–2,<= 512 (normal)
331,Is hypoalbuminemia an independent prognostic factor in patients with gastric cancer?,no,no,True,6.1487,8.1292,4.287,1.9805,hypoalbuminemia is an independent prognostic factor in patients with gastric cancer.,255,False,False,unparsable,False,False,1–2,<= 512 (normal)
332,Is adjustment for reporting heterogeneity necessary in sleep disorders?,no,no,True,7.7941,8.0941,2.9838,0.3,"""The answer is"" yes. """,306,False,True,yes,True,False,< 1 (uncertain),<= 512 (normal)
333,Can the growth rate of a gallbladder polyp predict a neoplastic polyp?,no,no,True,7.485,8.7059,3.2763,1.2209,"""If the polyp grows in size during the follow-up period, then cholecystectomy should be considered.""",272,False,False,unparsable,False,False,1–2,<= 512 (normal)
334,Preoperative locoregional staging of gastric cancer: is there a place for magnetic resonance imaging?,no,no,True,6.343,8.2827,4.6929,1.9397,MRI is superior to MDCT and EUS in the preoperative locoregional staging of gastric cancer.,332,False,False,unparsable,False,False,1–2,<= 512 (normal)
335,Are hepatitis G virus and TT virus involved in cryptogenic chronic liver disease?,no,no,True,7.3144,8.2817,4.1045,0.9674,hepatitis G virus and TT virus are not involved in the pathogenesis of cryptogenic chronic liver disease.,366,False,True,unparsable,False,False,< 1 (uncertain),<= 512 (normal)
336,Are patients with Werlhof's disease at increased risk for bleeding complications when undergoing cardiac surgery?,no,no,True,7.1747,8.5989,5.4868,1.4242,"""There is no evidence for increased risk for bleeding complications of patients with Werlhof's disease when undergoing cardiac surgery with extracorporeal circulation.""",395,False,False,no,True,True,1–2,<= 512 (normal)
337,Does Mammographic Density have an Impact on the Margin Re-excision Rate After Breast-Conserving Surgery?,no,no,True,6.3053,8.2679,4.8674,1.9627,"""There is no association between MD and re-excision rates After BCS.""",385,False,False,no,True,True,1–2,<= 512 (normal)
338,Are UK radiologists satisfied with the training and support received in suspected child abuse?,no,no,True,7.3539,7.6985,4.7731,0.3446,"""The radiology department is not a specialist in child abuse.""",207,False,True,unparsable,False,False,< 1 (uncertain),<= 512 (normal)
339,Do oblique views add value in the diagnosis of spondylolysis in adolescents?,no,no,True,6.2873,8.9583,2.1624,2.671,"""There is no added value in adding oblique views to the standard anteroposterior and lateral views of the lumbar spine in the diagnosis of spondylolysis.""",470,False,False,no,True,True,2–5,<= 512 (normal)
340,The clinical significance of bile duct sludge: is it different from bile duct stones?,no,no,True,5.8749,8.7161,4.954,2.8412,"""BDS is not a precursor of CBD stones.""",313,False,False,no,True,True,2–5,<= 512 (normal)
341,Can bedside assessment reliably exclude aspiration following acute stroke?,no,yes,False,9.2725,8.8502,4.3857,0.4223,"""If you have a weak voluntary cough and any alteration in conscious level, then you are at risk of aspiration.""",273,False,True,unparsable,False,False,< 1 (uncertain),<= 512 (normal)
342,Does frozen section alter surgical management of multinodular thyroid disease?,no,no,True,6.0996,8.4551,3.2962,2.3555,"""The evidence is not strong.""",217,False,False,no,True,True,2–5,<= 512 (normal)
343,Does type 1 diabetes mellitus affect Achilles tendon response to a 10 km run?,no,no,True,5.7773,8.3042,3.2568,2.527,tendon structure deteriorates after a 10 km run in elite athletes with T1DM and that this is not due to a change in tendon structure.,273,False,False,unparsable,False,False,2–5,<= 512 (normal)
344,Are higher rates of depression in women accounted for by differential symptom reporting?,no,no,True,6.1956,8.3831,4.388,2.1875,Women are no more likely to report depressive symptoms than men.,304,False,False,no,True,True,2–5,<= 512 (normal)
345,Do Indigenous Australians age prematurely?,no,no,True,5.3224,7.3373,3.0766,2.0149,Indigenous Australians age prematurely.,203,False,False,no,True,True,2–5,<= 512 (normal)
346,Adjuvant radiation of stage III thymoma: is it necessary?,no,no,True,8.3153,8.8481,4.6478,0.5328,Adjuvant radiation therapy is not necessary for patients with stage III thymoma.,252,False,True,unparsable,False,False,< 1 (uncertain),<= 512 (normal)
347,Are patients with diabetes receiving the same message from dietitians and nurses?,no,no,True,5.7518,8.2096,4.2292,2.4579,"""The evidence is not strong enough to recommend that patients with diabetes receive the same message from dietitians and nurses.""",205,False,False,no,True,True,2–5,<= 512 (normal)
348,"Do lipids, blood pressure, diabetes, and smoking confer equal risk of myocardial infarction in women as in men?",no,no,True,5.6105,7.811,3.4212,2.2005,"lipids, blood pressure, and smoking are the major risk factors for coronary events in women and men.",322,False,False,unparsable,False,False,2–5,<= 512 (normal)
349,Diabetes mellitus among Swedish art glass workers--an effect of arsenic exposure?,no,no,True,5.928,9.1969,2.6773,3.2689,"""No.""",306,False,False,no,True,True,2–5,<= 512 (normal)
350,Preoperative staging of patients with liver metastases of colorectal carcinoma. Does PET/CT really add something to multidetector CT?,no,no,True,4.6015,7.3601,3.5271,2.7586,PET / CT is superior to MDCT / MR in the detection of hepatic and extrahepatic metastases.,275,False,False,unparsable,False,False,2–5,<= 512 (normal)
351,Epidural analgesia for surgical treatment of peritoneal carcinomatosis: a risky technique?,no,no,True,6.6328,8.8502,4.6899,2.2174,epidural analgesia is a safe technique for cytoreductive surgery and hyperthermic intraperitoneal chemotherapy.,272,False,False,unparsable,False,False,2–5,<= 512 (normal)
352,Do acute changes in heart rate by isoproterenol affect aortic stiffness in patients with hypertension?,no,no,True,7.361,8.077,4.4859,0.716,the aortic stiffness is not affected by acute changes in HR produced by isoproterenol.,364,False,True,unparsable,False,False,< 1 (uncertain),<= 512 (normal)
353,Totally implantable venous access device placement by interventional radiologists: are prophylactic antibiotics necessary?,no,no,True,7.1935,8.9147,3.8618,1.7212,TIVADs placed without antibiotic prophylaxis are not associated with an increased risk of early infection.,265,False,False,unparsable,False,False,1–2,<= 512 (normal)
354,Does increasing blood pH stimulate protein synthesis in dialysis patients?,no,no,True,4.1907,7.9733,4.0371,3.7826,"""Does increasing blood pH improve muscle protein synthesis in dialysis patients?""",392,False,False,unparsable,False,False,2–5,<= 512 (normal)
355,Necrotizing fasciitis: an indication for hyperbaric oxygenation therapy?,no,yes,False,7.1713,7.127,1.6847,0.0443,HBO therapy is beneficial for patients with NF.,275,False,True,unparsable,False,False,< 1 (uncertain),<= 512 (normal)
356,MR arthrography of the shoulder: do we need local anesthesia?,no,no,True,8.5881,9.1861,4.6649,0.598,"""There is no need for local anesthesia.""",419,False,True,no,True,True,< 1 (uncertain),<= 512 (normal)
357,Prognosis of low-tone sudden deafness - does it inevitably progress to Meniere's disease?,no,no,True,5.8815,8.0271,5.7154,2.1457,low-tone SD is a precursor of Meniere's disease.,267,False,False,unparsable,False,False,2–5,<= 512 (normal)
358,Is there a relationship between complex fractionated atrial electrograms recorded during atrial fibrillation and sinus rhythm fractionation?,no,no,True,6.9271,8.5194,3.4907,1.5923,"""Is there a relationship between SRF and CFAEs?""",300,False,False,unparsable,False,False,1–2,<= 512 (normal)
359,Is bicompartmental knee arthroplasty more favourable to knee muscle strength and physical performance compared to total knee arthroplasty?,no,no,True,6.4942,7.8473,5.3667,1.3532,bicompartmental knee arthroplasty is not superior to TKA in terms of knee muscle strength and physical performance.,319,False,False,unparsable,False,False,1–2,<= 512 (normal)
360,Does pain intensity predict a poor opioid response in cancer patients?,no,no,True,8.2803,9.0442,5.1784,0.7638,'No.',232,False,True,no,True,True,< 1 (uncertain),<= 512 (normal)
361,Does the radiographic transition zone correlate with the level of aganglionosis on the specimen in Hirschsprung's disease?,no,no,True,4.3633,7.7984,4.3867,3.4116,"""The radiographic transition zone is not a reliable indicator of the level of aganglionosis in Hirschsprung's disease.""",253,False,False,unparsable,False,False,2–5,<= 512 (normal)
362,Serovar specific immunity to Neisseria gonorrhoeae: does it exist?,no,no,True,3.7392,8.7375,2.664,4.9983,serovar specific immunity does not exist.,126,False,False,unparsable,False,False,2–5,<= 512 (normal)
363,Is calibration the cause of variation in liquid chromatography tandem mass spectrometry testosterone measurement?,no,no,True,3.7743,7.95,2.2408,4.1758,'Is there a cause for variation in testosterone measurement?',248,False,False,unparsable,False,False,2–5,<= 512 (normal)
364,Internal derangement of the temporomandibular joint: is there still a place for ultrasound?,no,yes,False,9.202,8.2344,3.5913,0.9676,"""There is no place for ultrasound in the diagnosis of internal derangement of the temporomandibular joint.""",170,False,True,no,True,False,< 1 (uncertain),<= 512 (normal)
365,Does delivery mode affect women's postpartum quality of life in rural China?,no,no,True,5.6702,7.8862,2.662,2.216,"""The answer is"" No. """,301,False,False,no,True,True,2–5,<= 512 (normal)
366,Endovenous laser ablation in the treatment of small saphenous varicose veins: does site of access influence early outcomes?,no,no,True,4.1422,8.3941,2.9888,4.252,"""There is no difference in clinical or technical efficacy between access gained above and below mid-calf levels.""",301,False,False,no,True,True,2–5,<= 512 (normal)
367,Is there a role for fondaparinux in perioperative bridging?,no,no,True,7.9314,9.6301,4.6838,1.6987,"""There is no role for fondaparinux as a bridging agent in the perioperative setting.""",343,False,False,no,True,True,1–2,<= 512 (normal)
368,Is it better to be big?,no,yes,False,7.3962,7.2806,6.2236,0.1156,"""The merger of Blekinge Hospital is not a big issue.""",221,False,True,unparsable,False,False,< 1 (uncertain),<= 512 (normal)
369,Chemotherapy and survival in advanced non-small cell lung carcinoma: is pneumologists' skepticism justified?,no,no,True,6.459,8.199,3.0911,1.74,chemotherapy is an independent predictor of survival in patients with advanced non-small cell lung carcinoma.,412,False,False,unparsable,False,False,1–2,<= 512 (normal)
370,The association of puberty and young adolescent alcohol use: do parents have a moderating role?,no,no,True,6.9956,8.3345,5.105,1.3389,parents have a moderating role in the association of puberty and young adolescent alcohol use.,210,False,False,unparsable,False,False,1–2,<= 512 (normal)
371,Does increased use of private health care reduce the demand for NHS care?,no,no,True,5.0292,7.6583,5.8446,1.8137,the NHS is not being used to its full potential.,291,False,False,no,True,True,1–2,<= 512 (normal)
372,Is decompressive surgery effective for spinal cord sarcoidosis accompanied with compressive cervical myelopathy?,no,no,True,7.7245,8.2184,4.937,0.4939,"""The evidence is not strong.""",362,False,True,no,True,True,< 1 (uncertain),<= 512 (normal)
373,Does the aggressive use of polyvalent antivenin for rattlesnake bites result in serious acute side effects?,no,no,True,7.0994,8.9967,1.5574,1.8973,"""There is no evidence that the use of antivenin for rattlesnake bites results in serious acute side effects.""",446,False,False,no,True,True,1–2,<= 512 (normal)
374,Does successful completion of the Perinatal Education Programme result in improved obstetric practice?,no,no,True,5.792,7.7945,1.6327,2.0024,'It is not'. ',474,False,False,no,True,True,2–5,<= 512 (normal)
375,Can surgeon familiarization with current evidence lead to a change in practice?,no,no,True,5.3221,8.8141,3.2573,3.4919,"""There is no evidence to support the routine use of prophylactic NG decompression in elective colonic resections.""",262,False,False,no,True,True,2–5,<= 512 (normal)
376,Kell alloimmunization in pregnancy: associated with fetal thrombocytopenia?,no,no,True,5.6156,8.5073,4.3651,2.8917,fetal thrombocytopenia is not a rare event in pregnancies complicated by severe Kell alloimmunization.,241,False,False,unparsable,False,False,2–5,<= 512 (normal)
377,Globulomaxillary cysts--do they really exist?,no,no,True,2.403,6.7078,3.6975,3.0103,"""globulomaxillary cysts"" are not a specific entity. """,212,False,False,unparsable,False,False,2–5,<= 512 (normal)
378,Colorectal cancer with synchronous liver metastases: does global management at the same centre improve results?,no,no,True,2.797,7.3307,5.3825,1.9482,global management is preferable.,325,False,False,unparsable,False,False,1–2,<= 512 (normal)
379,Are octogenarians at high risk for carotid endarterectomy?,no,no,True,6.8375,8.3859,5.7247,1.5483,"""The risk of carotid endarterectomy in octogenarians is low.""",280,False,False,unparsable,False,False,1–2,<= 512 (normal)
380,Is there a need for pelvic CT scan in cases of renal cell carcinoma?,no,no,True,5.6375,8.6257,5.4464,2.9882,• There is no need for pelvic CT scan in patients of renal cell carcinoma • There is no need for pelvic CT scan in patients of renal cell carcinoma,281,False,False,no,True,True,2–5,<= 512 (normal)
381,Should circumcision be performed in childhood?,no,no,True,8.725,9.134,5.8186,0.409,"""The evidence is not strong.""",290,False,True,no,True,True,< 1 (uncertain),<= 512 (normal)
382,Does the Simultaneous Use of a Neuroendoscope Influence the Incidence of Ventriculoperitoneal Shunt Infection?,no,yes,False,9.6622,8.6498,4.2587,1.0125,"""There is no evidence to support the use of an endoscope during VPS surgery.""",317,False,False,no,True,False,1–2,<= 512 (normal)
383,Is the probability of prenatal diagnosis or termination of pregnancy different for fetuses with congenital anomalies conceived following assisted reproductive techniques?,no,no,True,5.2286,8.3859,4.0301,3.1573,"""The probability of prenatal diagnosis or termination of pregnancy for congenital anomalies is not different between ART-conceived and spontaneously conceived fetuses with CHD.""",282,False,False,unparsable,False,False,2–5,<= 512 (normal)
384,Is There an Additional Value of Using Somatostatin Receptor Subtype 2a Immunohistochemistry Compared to Somatostatin Receptor Scintigraphy Uptake in Predicting Gastroenteropancreatic Neuroendocrine Tumor Response?,no,no,True,7.9312,8.4785,4.3464,0.5473,"""There is No Additional Value of Using Somatostatin Receptor Subtype 2a Immunohistochemistry Compared to Somatostatin Receptor Scintigraphy Uptake in Predicting Gastroenteropancreatic Neuroendocrine Tumor Response",353,False,True,no,True,True,< 1 (uncertain),<= 512 (normal)
385,Does growth hormone replacement therapy reduce mortality in adults with growth hormone deficiency?,no,no,True,5.915,8.1227,4.0662,2.2077,GH replacement therapy does not reduce mortality in adults with growth hormone deficiency.,278,False,False,unparsable,False,False,2–5,<= 512 (normal)
386,Can decisional algorithms replace global introspection in the individual causality assessment of spontaneously reported ADRs?,no,no,True,7.3983,8.3403,3.482,0.942,'No'.,195,False,True,no,True,True,< 1 (uncertain),<= 512 (normal)
387,Sternal skin conductance: a reasonable surrogate for hot flash measurement?,no,no,True,6.0271,6.6165,1.3116,0.5893,"""There is a good correlation between self-reported and device-recorded hot flash data.""",217,False,True,unparsable,False,False,< 1 (uncertain),<= 512 (normal)
388,Is the Androgen Deficiency of Aging Men (ADAM) questionnaire useful for the screening of partial androgenic deficiency of aging men?,no,yes,False,8.6996,7.0577,4.2309,1.642,"""Is the ADAM questionnaire useful for the screening of partial androgenic deficiency of aging men?""",444,False,False,unparsable,False,False,1–2,<= 512 (normal)
389,Does a history of unintended pregnancy lessen the likelihood of desire for sterilization reversal?,no,no,True,7.2496,9.5706,4.6763,2.321,"""There is no association between a history of unintended pregnancy and desire for sterilization reversal.""",251,False,False,no,True,True,2–5,<= 512 (normal)
390,Can we measure mesopic pupil size with the cobalt blue light slit-lamp biomicroscopy method?,no,no,True,7.0721,8.3728,4.3626,1.3007,"""There is a good agreement between the two instruments for measuring pupil size in healthy eyes.""",340,False,False,unparsable,False,False,1–2,<= 512 (normal)
391,Does stress increase imitation of drinking behavior?,no,no,True,5.1193,7.2018,4.2953,2.0825,stress does not increase imitation of alcohol consumption.,275,False,False,no,True,True,2–5,<= 512 (normal)
392,Do clinical variables predict pathologic radiographs in the first episode of wheezing?,no,no,True,8.0012,8.4151,3.8235,0.4139,"""There is no evidence that clinical variables accurately predict pathologic radiographs in the first episode of wheezing.""",218,False,True,no,True,True,< 1 (uncertain),<= 512 (normal)
393,"Is distance to provider a barrier to care for medicaid patients with breast, colorectal, or lung cancer?",no,no,True,5.4644,7.3229,3.4403,1.8585,"""There is a barrier to timely diagnosis and treatment of cancer for Medicaid patients.""",247,False,False,unparsable,False,False,1–2,<= 512 (normal)
394,Laminoplasty outcomes: is there a difference between patients with degenerative stenosis and those with ossification of the posterior longitudinal ligament?,no,no,True,2.882,7.5085,2.7915,4.6264,OPLL is a more common cause of cervical myelopathy than degenerative stenosis.,441,False,False,unparsable,False,False,2–5,<= 512 (normal)
395,Do overweight children necessarily make overweight adults?,no,no,True,4.899,6.7433,3.0654,1.8443,"""The body mass index of children is not a good indicator of the body mass index of young adults.""",245,False,False,unparsable,False,False,1–2,<= 512 (normal)
396,Does patient position during liver surgery influence the risk of venous air embolism?,no,no,True,3.7043,8.2371,3.282,4.5328,"""The risk of venous air embolism is not increased by positioning the patient in a Trendelenberg position.""",169,False,False,no,True,True,2–5,<= 512 (normal)
397,Is routine chest radiography after transbronchial biopsy necessary?,no,no,True,4.4597,8.6019,3.6999,4.1423,Routine chest radiography after transbronchial biopsy is not necessary.,245,False,False,unparsable,False,False,2–5,<= 512 (normal)
398,Can folic acid protect against congenital heart defects in Down syndrome?,no,no,True,8.2309,9.5609,6.2945,1.33,FA does not protect against congenital heart anomalies in DS.,325,False,False,no,True,True,1–2,<= 512 (normal)
399,Location and number of sutures placed for hiatal hernia repair during laparoscopic adjustable gastric banding: does it matter?,no,no,True,5.8392,8.4848,4.2809,2.6456,"""There is no difference in reoperation rates for band-related problems when comparing anterior versus posterior suture placement.""",405,False,False,no,True,True,2–5,<= 512 (normal)
400,Does the distribution of health care benefits in Kenya meet the principles of universal coverage?,no,no,True,5.9657,7.9053,2.3444,1.9396,"the public sector is pro-rich, private-not-for-profit and private-for-profit sectors are pro-poor, and the distribution",319,False,False,unparsable,False,False,1–2,<= 512 (normal)
401,Are women with major depression in pregnancy identifiable in population health data?,no,no,True,4.3247,8.0715,4.2934,3.7469,women with major depression in pregnancy are not identifiable in hospital admission data.,463,False,False,unparsable,False,False,2–5,<= 512 (normal)
402,Can bone thickness and inter-radicular space affect miniscrew placement in posterior mandibular sites?,no,no,True,5.1401,7.897,3.9959,2.7569,"""The thickness of the alveolar process and inter-radicular space are not affected by the insertion angle.""",375,False,False,unparsable,False,False,2–5,<= 512 (normal)
403,SPECT study with I-123-Ioflupane (DaTSCAN) in patients with essential tremor. Is there any correlation with Parkinson's disease?,no,no,True,5.4441,8.0153,4.0187,2.5712,"""I-123-Ioflupane (DaTSCAN) is not useful in the differential diagnosis between ET and Parkinson's disease.""",573,False,False,unparsable,False,False,2–5,> 512 (long)
404,Are many colorectal cancers due to missed adenomas?,no,no,True,3.1353,8.7795,5.9883,2.7912,"""There is no reason to believe that many colorectal cancers are due to missed adenomas.""",220,False,False,no,True,True,2–5,<= 512 (normal)
405,Clinician assessment for acute chest syndrome in febrile patients with sickle cell disease: is it accurate enough?,no,no,True,6.3048,7.9601,2.8594,1.6552,"""There is no evidence that the use of CXR is of significant value in the diagnosis of ACS in febrile patients with sickle cell disease.""",341,False,False,no,True,True,1–2,<= 512 (normal)
406,Can nonproliferative breast disease and proliferative breast disease without atypia be distinguished by fine-needle aspiration cytology?,no,no,True,5.1381,8.1365,0.7033,2.9985,"""No.""",210,False,False,no,True,True,2–5,<= 512 (normal)
407,Is vancomycin MIC creep a worldwide phenomenon?,no,no,True,3.4922,8.2087,5.3969,2.8118,vancomycin MIC creep is not a global phenomenon.,297,False,False,unparsable,False,False,2–5,<= 512 (normal)
408,Is vitamin D deficiency a feature of pediatric celiac disease?,no,no,True,4.9409,8.0539,5.0513,3.0026,vitamin D deficiency is not a feature of pediatric celiac disease.,366,False,False,unparsable,False,False,2–5,<= 512 (normal)
409,Is renal warm ischemia over 30 minutes during laparoscopic partial nephrectomy possible?,no,no,True,6.9562,8.8466,5.2034,1.8904,"""Warm ischemia time > 30 min is not a contraindication to laparoscopic partial nephrectomy.""",308,False,False,unparsable,False,False,1–2,<= 512 (normal)
410,PSA repeatedly fluctuating levels are reassuring enough to avoid biopsy?,no,no,True,4.3023,7.9404,3.6499,3.6381,(a) PSA fluctuation is not a marker of PC; (b) PSA slope is not a marker of PC; (c) PSA slope is,288,False,False,unparsable,False,False,2–5,<= 512 (normal)
411,Does immediate breast reconstruction compromise the delivery of adjuvant chemotherapy?,no,no,True,7.9436,9.1996,5.3362,1.2561,"""There is no evidence that IBR adversely affects chemotherapy delivery.""",196,False,False,no,True,True,1–2,<= 512 (normal)
412,Prognosis of well differentiated small hepatocellular carcinoma--is well differentiated hepatocellular carcinoma clinically early cancer?,no,no,True,7.4754,7.4892,3.9495,0.0138,Well differentiated hepatocellular carcinoma is not clinically early cancer.,299,False,True,unparsable,False,False,< 1 (uncertain),<= 512 (normal)
413,Does a preoperative medically supervised weight loss program improve bariatric surgery outcomes?,no,no,True,8.3436,8.8139,4.5686,0.4703,"""Does a preoperative MSWM program improve bariatric surgery outcomes?""",370,False,True,unparsable,False,False,< 1 (uncertain),<= 512 (normal)
414,Bony defects in chronic anterior posttraumatic dislocation of the shoulder: Is there a correlation between humeral and glenoidal lesions?,no,no,True,7.6049,8.3385,3.956,0.7336,glenoid bone defects are not a contraindication for shoulder stabilization surgery in patients with chronic posttraumatic anterior shoulder instability.,372,False,True,no,True,True,< 1 (uncertain),<= 512 (normal)
415,Does the bracket-ligature combination affect the amount of orthodontic space closure over three months?,no,no,True,4.8129,8.614,1.2211,3.8011,"""There is no difference in the amount of space closure between conventional brackets and elastomeric ligatures.""",320,False,False,no,True,True,2–5,<= 512 (normal)
416,Can increases in the cigarette tax rate be linked to cigarette retail prices?,no,no,True,2.6852,7.4431,2.54,4.7579,the Chinese STMA has not been able to increase the retail price of cigarettes in China.,191,False,False,unparsable,False,False,2–5,<= 512 (normal)
417,Attaining negative margins in breast-conservation operations: is there a consensus among breast surgeons?,no,no,True,7.3249,8.8505,5.2177,1.5256,"""There is no consensus.""",286,False,False,no,True,True,1–2,<= 512 (normal)
418,Does the sequence of clamp application during open abdominal aortic aneurysm surgery influence distal embolisation?,no,no,True,5.2509,8.0925,5.4977,2.5948,"""There is no evidence that clamping the distal aorta before the proximal aorta reduces the number of emboli passing through the proximal aorta.""",187,False,False,no,True,True,2–5,<= 512 (normal)
419,Discharging patients earlier from Winnipeg hospitals: does it adversely affect quality of care?,no,no,True,3.9258,7.9688,4.3759,3.5929,"""It is not.""",408,False,False,no,True,True,2–5,<= 512 (normal)
420,Surgical management of the atherosclerotic ascending aorta: is endoaortic balloon occlusion safe?,no,no,True,5.435,7.7178,3.9261,2.2828,"""Endoaortic occlusion is safe.""",326,False,False,unparsable,False,False,2–5,<= 512 (normal)
421,Is there a relationship between serum paraoxonase level and epicardial fat tissue thickness?,no,no,True,7.4299,8.5949,5.8321,1.165,paraoxonase 1 is not a good marker for atherosclerosis.,288,False,False,no,True,True,1–2,<= 512 (normal)
422,Do antibiotics decrease post-tonsillectomy morbidity?,no,no,True,7.4887,8.9985,4.7208,1.5098,antibiotics do not decrease post-tonsillectomy morbidity.,211,False,False,no,True,True,1–2,<= 512 (normal)
423,Should prostate specific antigen be adjusted for body mass index?,no,no,True,4.369,8.1848,4.2995,3.8158,prostate specific antigen must be adjusted for body mass index.,274,False,False,unparsable,False,False,2–5,<= 512 (normal)
424,Is it necessary to insert a nasobiliary drainage tube routinely after endoscopic clearance of the common bile duct in patients with choledocholithiasis-induced cholangitis?,no,no,True,8.3989,9.1535,4.3718,0.7545,"""It is not necessary to insert a nasobiliary drainage tube routinely after endoscopic clearance of the common bile duct in patients with choledocholithiasis-induced acute",364,False,True,no,True,True,< 1 (uncertain),<= 512 (normal)
425,Have antiepileptic drug prescription claims changed following the FDA suicidality warning?,no,no,True,6.5847,9.3793,2.1244,2.7947,"""No.""",332,False,False,no,True,True,2–5,<= 512 (normal)
426,Are high flow nasal cannulae noisier than bubble CPAP for preterm infants?,no,no,True,6.1342,8.524,4.7059,2.3899,"""There is no evidence that high flow nasal cannulae are noisier than bubble CPAP for preterm infants.""",346,False,False,no,True,True,2–5,<= 512 (normal)
427,Are the arginine vasopressin V1a receptor microsatellites related to hypersexuality in children with a prepubertal and early adolescent bipolar disorder phenotype?,no,no,True,4.5116,7.3292,3.6259,2.8176,There is no evidence that the AVPR1A microsatellites are related to hypersexuality in children with a prepubertal and early adolescent bipolar disorder phenotype.,489,False,False,no,True,True,2–5,<= 512 (normal)
428,Are variations in the use of carotid endarterectomy explained by population Need?,no,no,True,2.4447,7.3388,3.617,3.7218,the need for CEA is not the same in all people.,227,False,False,unparsable,False,False,2–5,<= 512 (normal)
429,Do supervised colorectal trainees differ from consultants in terms of quality of TME surgery?,no,no,True,5.2181,8.4069,3.4151,3.1888,"""There is no difference in quality of TME surgery between trainees and consultants.""",307,False,False,no,True,True,2–5,<= 512 (normal)
430,Major depression and alcohol use disorder in adolescence: Does comorbidity lead to poorer outcomes of depression?,no,no,True,4.3775,7.7836,5.2669,2.5167,Comorbidity leads to poorer outcomes of depression in adulthood.,286,False,False,unparsable,False,False,2–5,<= 512 (normal)
431,Perioperative care in an animal model for training in abdominal surgery: is it necessary a preoperative fasting?,no,no,True,6.8313,8.1033,4.0196,1.272,"""The rabbit is a good model for training in abdominal surgery.""",271,False,False,unparsable,False,False,1–2,<= 512 (normal)
432,Metastatic carcinoma to the cervical nodes from an unknown head and neck primary site: Is there a need for neck dissection?,no,no,True,6.1332,9.4555,5.0122,3.3222,neck dissection is not necessary in patients with metastatic carcinoma to the cervical lymph nodes from an unknown head and neck primary site.,359,False,False,unparsable,False,False,2–5,<= 512 (normal)
433,Does Viral Co-Infection Influence the Severity of Acute Respiratory Infection in Children?,no,no,True,5.6556,7.8932,3.1781,2.2376,Viral co-infection is not a risk factor for severity of ARI in children.,358,False,False,unparsable,False,False,2–5,<= 512 (normal)
434,Cardiopulmonary bypass temperature does not affect postoperative euthyroid sick syndrome?,no,no,True,4.0135,7.6712,2.3201,3.6577,"""No.""",313,False,False,no,True,True,2–5,<= 512 (normal)
435,Xanthogranulomatous cholecystitis: a premalignant condition?,no,no,True,4.6496,6.8796,3.7792,2.23,Xanthogranulomatous cholecystitis is a premalignant condition.,412,False,False,unparsable,False,False,2–5,<= 512 (normal)
436,Does septoplasty change the dimensions of compensatory hypertrophy of the middle turbinate?,no,no,True,4.7806,8.3298,3.5763,3.5492,"""The evidence is not strong.""",181,False,False,no,True,True,2–5,<= 512 (normal)
437,Prescriptions as a proxy for asthma in children: a good choice?,no,no,True,6.5977,7.7823,2.4462,1.1846,"""The prevalence of asthma in Germany is high.""",290,False,False,unparsable,False,False,1–2,<= 512 (normal)
438,Does combining antiretroviral agents in a single dosage form enhance quality of life of HIV/AIDS patients?,no,no,True,5.7029,7.9323,5.1883,2.2294,"""The combination of antiretroviral agents in a single dosage form is cost-effective.""",401,False,False,unparsable,False,False,2–5,<= 512 (normal)
439,Does desflurane alter left ventricular function when used to control surgical stimulation during aortic surgery?,no,no,True,5.4124,7.8341,2.223,2.4217,"""Desflurane does not alter LV function when used to control intraoperative hypertension.""",379,False,False,no,True,True,2–5,<= 512 (normal)
440,Is fluoroscopy essential for retrieval of lower ureteric stones?,no,no,True,5.1954,8.493,5.352,3.141,fluoroscopy is not necessary for ureteroscopic removal of lower ureteric stones.,339,False,False,no,True,True,2–5,<= 512 (normal)
441,Does the treatment of amblyopia normalise subfoveal choroidal thickness in amblyopic children?,no,no,True,4.1622,7.6896,3.2716,3.5274,the treatment of amblyopia normalises subfoveal choroidal thickness in anisometropic hyperopic amblyopic children.,285,False,False,unparsable,False,False,2–5,<= 512 (normal)
442,Should tumor depth be included in prognostication of soft tissue sarcoma?,no,no,True,6.9447,8.3391,3.3618,1.3944,"""Deep-seated tumors are more aggressive than superficial tumors.""",296,False,False,unparsable,False,False,1–2,<= 512 (normal)
443,Does performance in selection processes predict performance as a dental student?,no,no,True,3.7528,7.3509,1.7403,3.5981,'The best predictor of class placement in the final year is New Zealand European ethnicity'.,217,False,False,unparsable,False,False,2–5,<= 512 (normal)
444,"Antiretroviral therapy related adverse effects: Can sub-Saharan Africa cope with the new ""test and treat"" policy of the World Health Organization?",no,no,True,5.1191,9.2934,4.3585,4.1743,"""There is no need to change the current policy of the WHO to allow for the introduction of ART in SSA.""",366,False,False,no,True,True,2–5,<= 512 (normal)
445,"Expression of c-kit protooncogen in hepatitis B virus-induced chronic hepatitis, cirrhosis and hepatocellular carcinoma: has it a diagnostic role?",maybe,yes,False,8.3705,7.7411,3.8305,0.6294,c-kit is a useful marker for the diagnosis of HCC.,285,False,True,unparsable,False,False,< 1 (uncertain),<= 512 (normal)
446,Can calprotectin predict relapse risk in inflammatory bowel disease?,maybe,no,False,6.9082,8.0808,5.2032,1.1726,"""Calprotectin tests are useful in predicting relapse risk in inflammatory bowel disease patients.""",303,False,False,unparsable,False,False,1–2,<= 512 (normal)
447,Does shaving the incision site increase the infection rate after spinal surgery?,maybe,yes,False,8.5663,8.4218,1.268,0.1445,"""Shaving the incision site before surgery does not increase the infection rate after spinal surgery.""",221,False,True,unparsable,False,False,< 1 (uncertain),<= 512 (normal)
448,Antral follicle assessment as a tool for predicting outcome in IVF--is it a better predictor than age and FSH?,maybe,no,False,6.3539,7.4571,2.3581,1.1031,"""The answer is yes.""",308,False,False,yes,True,False,1–2,<= 512 (normal)
449,Treatment of contralateral hydrocele in neonatal testicular torsion: Is less more?,maybe,no,False,6.3633,9.0365,3.6381,2.6733,"""The evidence is not strong enough to recommend contralateral scrotal fixation in cases of neonatal testicular torsion.""",344,False,False,no,True,True,2–5,<= 512 (normal)
450,Do parents recall and understand children's weight status information after BMI screening?,maybe,no,False,7.3101,7.9322,3.6923,0.6221,"""It is important to know what the child is overweight.""",351,False,True,unparsable,False,False,< 1 (uncertain),<= 512 (normal)
451,Do Web-based and clinic samples of gay men living with HIV differ on self-reported physical and psychological symptoms?,maybe,no,False,4.9119,8.341,4.0555,3.429,the Internet sample is not different from the clinic sample in terms of self-reported physical and psychological symptoms.,524,False,False,unparsable,False,False,2–5,> 512 (long)
452,Are home sampling kits for sexually transmitted infections acceptable among men who have sex with men?,maybe,no,False,8.2573,8.772,6.1961,0.5147,'Yes'.,267,False,True,yes,True,False,< 1 (uncertain),<= 512 (normal)
453,Does rugby headgear prevent concussion?,maybe,no,False,7.1417,7.6083,2.0473,0.4666,"""The evidence is not strong enough to support the use of headgear to prevent concussion.""",221,False,True,no,True,True,< 1 (uncertain),<= 512 (normal)
454,Does body mass index (BMI) influence morbidity and long-term survival in gastric cancer patients after gastrectomy?,maybe,no,False,5.807,7.0798,5.5458,1.2728,BMI influences the long-term survival of gastric cancer patients after gastrectomy.,264,False,False,unparsable,False,False,1–2,<= 512 (normal)
455,Is determination between complete and incomplete traumatic spinal cord injury clinically relevant?,maybe,yes,False,9.4529,8.0612,3.1803,1.3918,"""Is determination of complete traumatic spinal cord injury clinically relevant?""",397,False,False,unparsable,False,False,1–2,<= 512 (normal)
456,Does use of hydrophilic guidewires significantly improve technical success rates of peripheral PTA?,maybe,no,False,7.4027,8.1893,5.1593,0.7866,"""There is no significant difference in the technical success rates of PTA performed for iliac and SFA stenoses or occlusions using hydrophilic guidewires.""",310,False,True,no,True,True,< 1 (uncertain),<= 512 (normal)
457,"Are lifetime prevalence of impetigo, molluscum and herpes infection really increased in children having atopic dermatitis?",maybe,no,False,6.4714,7.9878,4.9239,1.5165,"""There is no association between childhood AD and these cutaneous infections.""",288,False,False,no,True,True,1–2,<= 512 (normal)
458,Can routinely collected ambulance data about assaults contribute to reduction in community violence?,maybe,no,False,5.7257,6.4973,4.3525,0.7716,'Can routinely collected ambulance data about assault incidents contribute to reduction in community-violence?',320,False,True,unparsable,False,False,< 1 (uncertain),<= 512 (normal)
459,Is irritable bowel syndrome a diagnosis of exclusion?,maybe,no,False,5.8871,8.0019,4.5675,2.1147,"""I am not a diagnosis of exclusion.""",334,False,False,no,True,True,2–5,<= 512 (normal)
460,Is a patient's self-reported health-related quality of life a prognostic factor for survival in non-small-cell lung cancer patients?,maybe,yes,False,9.0439,8.7989,4.2215,0.2449,"""yes.""",295,False,True,yes,True,True,< 1 (uncertain),<= 512 (normal)
461,Vaginal dose assessment in image-guided brachytherapy for cervical cancer: Can we really rely on dose-point evaluation?,maybe,no,False,3.571,7.7192,2.8463,4.1482,• Dose-volume parameters in image-guided brachytherapy for cervical cancer are not reliable. • The use of PIBS points is not recommended.,352,False,False,unparsable,False,False,2–5,<= 512 (normal)
462,Is there a role for endothelin-1 in the hemodynamic changes during hemodialysis?,maybe,no,False,5.8919,7.6868,6.5874,1.0994,"""There is no role for endothelin-1 in the pathogenesis of hypotension and rebound hypertension during HD.""",354,False,False,no,True,True,1–2,<= 512 (normal)
463,Is vitamin D insufficiency or deficiency related to the development of osteochondritis dissecans?,maybe,no,False,6.839,7.9708,4.5817,1.1318,vitamin D insufficiency or deficiency is not a contributing etiological factor in the development of an OCD lesion?,176,False,False,unparsable,False,False,1–2,<= 512 (normal)
464,Does timing of initial surfactant treatment make a difference in rates of chronic lung disease or mortality in premature infants?,maybe,no,False,7.7635,8.4751,4.3905,0.7116,early surfactant administration is associated with less CLD and mortality but has no impact on CLD / mortality.,279,False,True,unparsable,False,False,< 1 (uncertain),<= 512 (normal)
465,Is it Crohn's disease?,maybe,no,False,6.5417,7.4347,4.4267,0.893,"""Sulfasalazine is not a risk factor for Crohn's disease.""",138,False,True,no,True,True,< 1 (uncertain),<= 512 (normal)
466,Do French lay people and health professionals find it acceptable to breach confidentiality to protect a patient's wife from a sexually transmitted disease?,maybe,no,False,7.7211,9.2523,4.7294,1.5311,"""No.""",348,False,False,no,True,True,1–2,<= 512 (normal)
467,Can patients be anticoagulated after intracerebral hemorrhage?,maybe,no,False,5.876,8.7215,4.1082,2.8456,"""Will anticoagulation be beneficial?""",270,False,False,unparsable,False,False,2–5,<= 512 (normal)
468,Do elderly patients call 911 when presented with clinical scenarios suggestive of acute stroke?,maybe,yes,False,7.7154,7.3563,5.4649,0.3591,"""If you have a stroke, then you will call 911.""",311,False,True,unparsable,False,False,< 1 (uncertain),<= 512 (normal)
469,Are opioid dependence and methadone maintenance treatment (MMT) documented in the medical record?,maybe,no,False,7.7559,8.2604,3.896,0.5045,"""Yes.""",273,False,True,yes,True,False,< 1 (uncertain),<= 512 (normal)
470,Should chest wall irradiation be included after mastectomy and negative node breast cancer?,maybe,no,False,5.7192,9.6037,5.4118,3.8845,"""No.""",139,False,False,no,True,True,2–5,<= 512 (normal)
471,Does managed care enable more low income persons to identify a usual source of care?,maybe,no,False,6.5162,7.8151,5.0111,1.2989,Managed care does not increase the likelihood of low-income persons having a usual source of care.,246,False,False,no,True,True,1–2,<= 512 (normal)
472,Is the cell death in mesial temporal sclerosis apoptotic?,maybe,no,False,6.3242,7.5561,3.2285,1.232,"""No.""",258,False,False,no,True,True,1–2,<= 512 (normal)
473,Does vaginal intraepithelial neoplasia have the same evolution as cervical intraepithelial neoplasia?,maybe,no,False,3.7233,8.3997,4.3792,4.0205,"""vaginal intraepithelial neoplasia has the same natural history as cervical intraepithelial neoplasia.""",319,False,False,unparsable,False,False,2–5,<= 512 (normal)
474,Does government assistance improve utilization of eye care services by low-income individuals?,maybe,yes,False,8.5477,7.5999,4.4211,0.9478,"""yes.""",357,False,True,yes,True,True,< 1 (uncertain),<= 512 (normal)
475,HIF1A as a major vascular endothelial growth factor regulator: do its polymorphisms have an association with age-related macular degeneration?,maybe,no,False,7.4526,7.9411,3.4394,0.4885,"rs1061170 (CFH), rs2679798 (MYRIP) and rs11549465 (HIF1A) are not",413,False,True,unparsable,False,False,< 1 (uncertain),<= 512 (normal)
476,Detailed analysis of sputum and systemic inflammation in asthma phenotypes: are paucigranulocytic asthmatics really non-inflammatory?,maybe,no,False,3.3072,7.6458,3.2359,4.3386,"""We need to look for a different inflammatory phenotype.""",333,False,False,unparsable,False,False,2–5,<= 512 (normal)
477,Do Surrogates of Injury Severity Influence the Occurrence of Heterotopic Ossification in Fractures of the Acetabulum?,maybe,no,False,7.2618,8.1346,2.9599,0.8728,"""There is no evidence that the severity of HO is influenced by the severity of injury.""",353,False,True,no,True,True,< 1 (uncertain),<= 512 (normal)
478,Does obstructive sleep apnea affect aerobic fitness?,maybe,no,False,7.8098,8.8264,2.7211,1.0165,"""Does OSA affect aerobic fitness?""",181,False,False,unparsable,False,False,1–2,<= 512 (normal)
479,30-Day and 1-year mortality in emergency general surgery laparotomies: an area of concern and need for improvement?,maybe,no,False,5.6758,8.23,3.907,2.5542,30-day mortality is 14-15% and 1-year mortality is 25-35%.,249,False,False,unparsable,False,False,2–5,<= 512 (normal)
480,Combining process indicators to evaluate quality of care for surgical patients with colorectal cancer: are scores consistent with short-term outcome?,maybe,no,False,6.5023,9.2168,5.4909,2.7145,composite measures based on process indicators are consistent with short-term outcome indicators.,208,False,False,unparsable,False,False,2–5,<= 512 (normal)
481,Are the elderly with oropharyngeal carcinoma undertreated?,maybe,no,False,5.7529,8.2689,4.8015,2.516,"""There is no evidence that elderly patients with OPSCC are receiving less treatment than younger patients.""",287,False,False,no,True,True,2–5,<= 512 (normal)
482,Do older patients receive adequate stroke care?,maybe,no,False,4.9037,7.7675,4.636,2.8638,'Do you know?'.,398,False,False,no,True,True,2–5,<= 512 (normal)
483,Continuation of pregnancy after antenatal corticosteroid administration: opportunity for rescue?,maybe,no,False,5.9025,8.2592,2.8022,2.3567,"""There is a small but real opportunity for rescue AC.""",231,False,False,unparsable,False,False,2–5,<= 512 (normal)
484,Should HIV-infected patients be screened for silent myocardial ischaemia using gated myocardial perfusion SPECT?,maybe,no,False,6.3568,8.6705,5.4493,2.3137,"""No.""",281,False,False,no,True,True,2–5,<= 512 (normal)
485,Is a specialised training of phonological awareness indicated in every preschool child?,maybe,no,False,7.3362,8.5351,3.3777,1.1989,"""There is no indication for a special training of phonological awareness in every preschool child.""",143,False,False,no,True,True,1–2,<= 512 (normal)
486,BCRABL transcript detection by quantitative real-time PCR : are correlated results possible from homebrew assays?,maybe,yes,False,8.1013,7.9415,4.144,0.1597,"""There is a strong correlation between the results of quantitative real-time PCR and TaqMan assays.""",272,False,True,unparsable,False,False,< 1 (uncertain),<= 512 (normal)
487,Does HER2 immunoreactivity provide prognostic information in locally advanced urothelial carcinoma patients receiving adjuvant M-VEC chemotherapy?,maybe,no,False,7.0781,7.599,4.9551,0.5209,"HER2 immunoreactivity is a significant prognostic factor for PFS and disease-specific OS in locally advanced urothelial carcinoma patients receiving surgery alone, but not for patients receiving adjuvant",271,False,True,no,True,True,< 1 (uncertain),<= 512 (normal)
488,Does the familial transmission of drinking patterns persist into young adulthood?,maybe,no,False,3.7899,7.1918,2.1694,3.4019,familial drinking patterns are transmitted to offspring during adolescence and that this transmission is not limited to the first year of life.,258,False,False,unparsable,False,False,2–5,<= 512 (normal)
489,Bactericidal activity of 3 cutaneous/mucosal antiseptic solutions in the presence of interfering substances: Improvement of the NF EN 13727 European Standard?,maybe,no,False,5.3021,8.4532,2.9743,3.1511,"""No.""",280,False,False,no,True,True,2–5,<= 512 (normal)
490,Does ultrasound imaging before puncture facilitate internal jugular vein cannulation?,maybe,no,False,6.1329,7.0945,4.1611,0.9616,ultrasound imaging before puncture facilitates internal jugular vein cannulation.,306,False,True,unparsable,False,False,< 1 (uncertain),<= 512 (normal)
491,Can a practicing surgeon detect early lymphedema reliably?,maybe,yes,False,8.7939,7.7516,3.6113,1.0423,"""Can you detect lymphedema reliably?""",191,False,False,unparsable,False,False,1–2,<= 512 (normal)
492,Is perforation of the appendix a risk factor for tubal infertility and ectopic pregnancy?,maybe,no,False,5.7145,9.3994,2.8138,3.6849,perforation of the appendix is not a risk factor for tubal infertility or ectopic pregnancy.,256,False,False,unparsable,False,False,2–5,<= 512 (normal)
493,Does perspective-taking increase patient satisfaction in medical encounters?,maybe,yes,False,7.3886,6.9374,3.2697,0.4512,Perspective-taking improves patient satisfaction in encounters between student-clinicians and SPs.,307,False,True,unparsable,False,False,< 1 (uncertain),<= 512 (normal)
494,Sternal fracture in growing children : A rare and often overlooked fracture?,maybe,no,False,4.9183,7.7868,2.6197,2.8685,"""Sternal fracture in children is a rare injury.""",120,False,False,unparsable,False,False,2–5,<= 512 (normal)
495,Midwives' competence: is it affected by working in a rural location?,maybe,no,False,4.504,8.2135,2.5938,3.7095,'Rural midwives are more competent than urban midwives'.,412,False,False,unparsable,False,False,2–5,<= 512 (normal)
496,Does the severity of obstructive sleep apnea predict patients requiring high continuous positive airway pressure?,maybe,yes,False,9.4205,8.0323,4.4713,1.3882,"""yes.""",333,False,False,yes,True,True,1–2,<= 512 (normal)
497,Does self-efficacy mediate the relationship between transformational leadership behaviours and healthcare workers' sleep quality?,maybe,no,False,3.8417,7.1809,1.3038,3.3392,self-efficacy mediates the relationship between transformational leadership and sleep quality.,235,False,False,unparsable,False,False,2–5,<= 512 (normal)
498,Are there mental health differences between francophone and non-francophone populations in manitoba?,maybe,no,False,6.9626,8.3726,5.8118,1.41,"""There are no differences in mental health indicators between francophones and non-francophones in Manitoba.""",294,False,False,no,True,True,1–2,<= 512 (normal)
499,Outcome Feedback within Emergency Medicine Training Programs: An Opportunity to Apply the Theory of Deliberate Practice?,maybe,no,False,7.5115,8.216,1.4308,0.7044,"""We need to improve the quality of outcome feedback in EM training programs.""",314,False,True,unparsable,False,False,< 1 (uncertain),<= 512 (normal)
