idx,question,true_label,predicted_label,correct,score_yes,score_no,score_maybe,confidence_margin,generated_text,prompt_token_len,truncated,uncertain,parsed_from_text,is_parsable,text_label_match,margin_bucket,length_bucket
0,Is anorectal endosonography valuable in dyschesia?,yes,yes,True,15.2084,14.7479,13.6468,0.4605,yes / no / maybe yes / no / yes / no / yes / yes / no / yes / yes / yes / yes / yes /,284,False,True,yes,True,True,< 1 (uncertain),<= 512 (normal)
1,Is there a connection between sublingual varices and hypertension?,yes,yes,True,16.0293,15.8289,13.4504,0.2004,yes / no / no / yes / no / yes / yes / yes / yes / yes / yes / yes / yes / yes / yes /,345,False,True,yes,True,True,< 1 (uncertain),<= 512 (normal)
2,Is the affinity column-mediated immunoassay method suitable as an alternative to the microparticle enzyme immunoassay method as a blood tacrolimus assay?,yes,yes,True,15.8302,15.5199,13.8395,0.3103,yes / no / maybe yes / no / yes / yes / yes / yes / yes / yes / yes / yes / yes / yes /,285,False,True,yes,True,True,< 1 (uncertain),<= 512 (normal)
3,Does a physician's specialty influence the recording of medication history in patients' case notes?,yes,no,False,16.2562,16.3077,14.1242,0.0514,no / yes / yes / yes / yes / yes / yes / yes / yes / yes / yes / yes / yes / yes / yes /,292,False,True,no,True,True,< 1 (uncertain),<= 512 (normal)
4,Locoregional opening of the rodent blood-brain barrier for paclitaxel using Nd:YAG laser-induced thermo therapy: a new concept of adjuvant glioma therapy?,yes,yes,True,15.2199,14.2595,13.5901,0.9603,yes / no / maybe yes / no / maybe no / yes / yes / yes / yes / yes / yes / yes / yes /,202,False,True,yes,True,True,< 1 (uncertain),<= 512 (normal)
5,Spinal subdural hematoma: a sequela of a ruptured intracranial aneurysm?,yes,yes,True,16.7762,15.8366,14.87,0.9396,yes / no / maybe yes / no / maybe yes / no / maybe yes / yes / yes / yes / yes / yes /,220,False,True,yes,True,True,< 1 (uncertain),<= 512 (normal)
6,Is there a correlation between androgens and sexual desire in women?,yes,yes,True,15.7878,15.4591,14.4893,0.3287,yes / no / maybe yes / no / yes / no / yes / yes / yes / yes / yes / yes / yes / yes /,306,False,True,yes,True,True,< 1 (uncertain),<= 512 (normal)
7,Is the zeolite hemostatic agent beneficial in reducing blood loss during arterial injury?,yes,yes,True,14.9321,14.1554,13.9886,0.7766,yes / no / maybe yes / no / yes / no / yes / no / yes / no / yes / no / yes / no /,244,False,True,yes,True,True,< 1 (uncertain),<= 512 (normal)
8,Are endothelial cell patterns of astrocytomas indicative of grade?,yes,yes,True,14.8535,14.6646,13.4086,0.1889,yes / no / maybe yes / no / yes / yes / yes / yes / yes / yes / yes / yes / yes / yes /,251,False,True,yes,True,True,< 1 (uncertain),<= 512 (normal)
9,Should cavitation in proximal surfaces be reported in cone beam computed tomography examination?,yes,yes,True,16.5013,15.9681,13.6837,0.5332,yes / no / maybe yes / no / yes / no / yes / no / yes / no / yes / no / yes / no /,245,False,True,yes,True,True,< 1 (uncertain),<= 512 (normal)
10,Ultrasound in squamous cell carcinoma of the penis; a useful addition to clinical staging?,yes,yes,True,15.1889,14.6589,13.3231,0.53,yes / no / maybe yes / no / yes / no / yes / yes / yes / yes / yes / yes / yes / yes /,219,False,True,yes,True,True,< 1 (uncertain),<= 512 (normal)
11,Can third trimester ultrasound predict the presentation of the first twin at delivery?,yes,yes,True,15.8301,15.6114,14.1248,0.2187,yes / no / maybe yes / no / yes / no / yes / yes / yes / yes / yes / yes / yes / yes /,209,False,True,yes,True,True,< 1 (uncertain),<= 512 (normal)
12,Is micro-computed tomography reliable to determine the microstructure of the maxillary alveolar bone?,yes,yes,True,15.0914,14.4731,13.5993,0.6183,yes / no / maybe yes / no / yes / yes / yes / yes / yes / yes / yes / yes / yes / yes /,296,False,True,yes,True,True,< 1 (uncertain),<= 512 (normal)
13,Is primary angioplasty an acceptable alternative to thrombolysis?,yes,yes,True,16.3623,16.1741,14.0328,0.1882,yes / no / maybe yes / no / maybe yes / no / yes / no / yes / yes / yes / yes / yes /,278,False,True,yes,True,True,< 1 (uncertain),<= 512 (normal)
14,Is endometrial polyp formation associated with increased expression of vascular endothelial growth factor and transforming growth factor-beta1?,yes,yes,True,15.8148,15.1119,13.363,0.7029,yes / no / maybe yes / no / yes / yes / yes / yes / yes / yes / yes / yes / yes / yes /,369,False,True,yes,True,True,< 1 (uncertain),<= 512 (normal)
15,Improvements in survival of gynaecological cancer in the Anglia region of England: are these an effect of centralisation of care and use of multidisciplinary management?,yes,no,False,16.3539,16.8004,15.3492,0.4466,no yes / yes: yes / no: yes / no.,269,False,True,no,True,True,< 1 (uncertain),<= 512 (normal)
16,Estimated fetal weight by ultrasound: a modifiable risk factor for cesarean delivery?,yes,no,False,17.7098,17.7199,16.1285,0.0102,no / yes / yes / yes / yes / yes / yes / yes / yes / yes / yes / yes / yes / yes / yes /,213,False,True,no,True,True,< 1 (uncertain),<= 512 (normal)
17,Are financial incentives cost-effective to support smoking cessation during pregnancy?,yes,yes,True,16.5834,15.5744,14.9727,1.009,yes / no / maybe yes / no / maybe no / yes / yes / yes / yes / yes / yes / yes / yes /,378,False,False,yes,True,True,1–2,<= 512 (normal)
18,Do adjuvant aromatase inhibitors increase the cardiovascular risk in postmenopausal women with early breast cancer?,yes,yes,True,17.1633,16.3995,14.8762,0.7638,yes / no / maybe yes / no.,335,False,True,yes,True,True,< 1 (uncertain),<= 512 (normal)
19,Is fear of anaphylactic shock discouraging surgeons from more widely adopting percutaneous and laparoscopic techniques in the treatment of liver hydatid cyst?,yes,yes,True,15.7583,15.515,15.1924,0.2433,yes / no / maybe yes / no / maybe no / yes / no / yes / yes / yes / yes / yes / yes /,170,False,True,yes,True,True,< 1 (uncertain),<= 512 (normal)
20,Risk stratification in emergency surgical patients: is the APACHE II score a reliable marker of physiological impairment?,yes,yes,True,16.0835,15.3051,13.9842,0.7784,yes / no / maybe yes / no / yes / yes / yes / yes / yes / yes / yes / yes / yes / yes /,312,False,True,yes,True,True,< 1 (uncertain),<= 512 (normal)
21,Can Flexible Instruments Create Adequate Femoral Tunnel Lengths at 90° of Knee Flexion in Anterior Cruciate Ligament Reconstruction?,yes,yes,True,15.2196,14.6146,14.2225,0.605,yes / no / maybe yes / no.,409,False,True,yes,True,True,< 1 (uncertain),<= 512 (normal)
22,Do mitochondria play a role in remodelling lace plant leaves during programmed cell death?,yes,yes,True,15.2612,14.4793,13.6216,0.7819,yes / no / maybe yes / maybe yes / maybe yes / maybe yes / maybe yes / maybe yes / maybe,365,False,True,yes,True,True,< 1 (uncertain),<= 512 (normal)
23,"""Occult"" posttraumatic lesions of the knee: can magnetic resonance substitute for diagnostic arthroscopy?",yes,yes,True,15.3046,15.0414,14.0671,0.2632,yes / no / maybe yes / no / maybe no / yes / no / yes / yes / yes / yes / yes / yes /,451,False,True,yes,True,True,< 1 (uncertain),<= 512 (normal)
24,Does Sensation Return to the Nasal Tip After Microfat Grafting?,yes,yes,True,15.0238,14.7559,13.8517,0.2679,yes / no / maybe yes / no / yes / no / yes / yes / no / yes / yes / no / yes / yes /,266,False,True,yes,True,True,< 1 (uncertain),<= 512 (normal)
25,Do some U.S. states have higher/lower injury mortality rates than others?,yes,yes,True,16.4975,14.2376,14.2935,2.204,yes / no / maybe yes / no.,173,False,False,yes,True,True,2–5,<= 512 (normal)
26,Hepatorenal syndrome: are we missing some prognostic factors?,yes,no,False,15.0179,15.254,13.5109,0.2361,no / yes / no / yes / yes / yes / yes / yes / yes / yes / yes / yes / yes / yes / yes /,330,False,True,no,True,True,< 1 (uncertain),<= 512 (normal)
27,"The Main Gate Syndrome: a new format in mass-casualty victim ""surge"" management?",yes,yes,True,15.1655,14.369,14.7877,0.3778,yes / no / maybe.,145,False,True,yes,True,True,< 1 (uncertain),<= 512 (normal)
28,Is EQ-5D a valid quality of life instrument in patients with acute coronary syndrome?,yes,yes,True,18.6535,18.1289,15.5057,0.5246,yes / no / no / yes / yes / yes / yes / yes / yes / yes / yes / yes / yes / yes / yes /,275,False,True,yes,True,True,< 1 (uncertain),<= 512 (normal)
29,Is portable ultrasonography accurate in the evaluation of Schanz pin placement during extremity fracture fixation in austere environments?,yes,yes,True,15.4451,14.7413,13.8984,0.7039,yes / no / maybe yes / no / yes / no / yes / yes / yes / yes / yes / yes / yes / yes /,272,False,True,yes,True,True,< 1 (uncertain),<= 512 (normal)
30,Is grandmultiparity an independent risk factor for adverse perinatal outcomes?,yes,yes,True,17.8924,17.4219,16.0788,0.4705,yes / no / maybe yes / no / yes / yes / yes / yes / yes / yes / yes / yes yes yes yes yes yes,278,False,True,yes,True,True,< 1 (uncertain),<= 512 (normal)
31,Does depression diagnosis and antidepressant prescribing vary by location?,yes,yes,True,16.5754,16.5476,15.6279,0.0279,yes / no / maybe yes / no.,322,False,True,yes,True,True,< 1 (uncertain),<= 512 (normal)
32,Learning needs of postpartum women: does socioeconomic status matter?,yes,yes,True,17.1319,16.8727,15.5453,0.2593,yes / no / maybe / no / yes / no / yes / yes / yes / yes / yes / yes / yes / yes / yes,331,False,True,yes,True,True,< 1 (uncertain),<= 512 (normal)
33,Is there a differential in the dental health of new recruits to the British Armed Forces?,yes,yes,True,16.6307,16.5394,15.3031,0.0913,yes / no / maybe / no / yes / no / yes / yes / yes / yes / yes / yes / yes / yes / yes,274,False,True,yes,True,True,< 1 (uncertain),<= 512 (normal)
34,Do patients with rheumatoid arthritis established on methotrexate and folic acid 5 mg daily need to continue folic acid supplements long term?,yes,no,False,15.6374,15.9715,14.9143,0.334,no yes / no / yes / yes / yes / yes / yes / yes / yes / yes / yes / yes / yes / yes / yes,333,False,True,no,True,True,< 1 (uncertain),<= 512 (normal)
35,Can teaching medical students to investigate medication errors change their attitudes towards patient safety?,yes,yes,True,15.7567,15.3103,14.8382,0.4464,yes / no / maybe / no / yes / yes / yes / yes / yes / yes / yes / yes / yes / yes / yes,213,False,True,yes,True,True,< 1 (uncertain),<= 512 (normal)
36,Does a delay in transfer to a rehabilitation unit for older people affect outcome after fracture of the proximal femur?,yes,yes,True,16.4186,16.3085,14.7903,0.1101,yes / no / no / yes / yes / yes / yes / yes / yes / yes / yes / yes / yes / yes yes yes yes,228,False,True,yes,True,True,< 1 (uncertain),<= 512 (normal)
37,Are there gender differences in the reasons why African Americans delay in seeking medical help for symptoms of an acute myocardial infarction?,yes,no,False,16.0002,16.1273,15.1804,0.1271,no / yes / no / yes / yes / yes / yes / yes / yes / yes / yes / yes / yes / yes / yes /,257,False,True,no,True,True,< 1 (uncertain),<= 512 (normal)
38,Does ambulatory process of care predict health-related quality of life outcomes for patients with chronic disease?,yes,yes,True,17.7371,16.9386,15.5026,0.7985,yes / no / maybe yes / no / yes / yes / yes / yes / yes / yes / yes / yes / yes / yes /,265,False,True,yes,True,True,< 1 (uncertain),<= 512 (normal)
39,Is the combination with 2-methoxyestradiol able to reduce the dosages of chemotherapeutices in the treatment of human ovarian cancer?,yes,yes,True,15.2214,14.4524,13.8218,0.769,yes / no / maybe yes / no / maybe no / yes / no / yes / yes / yes / yes / yes / yes /,214,False,True,yes,True,True,< 1 (uncertain),<= 512 (normal)
40,Does a dedicated discharge coordinator improve the quality of hospital discharge?,yes,no,False,15.7618,15.9456,14.5961,0.1838,no / yes / yes / yes / yes / yes / yes / yes / yes / yes / yes / yes / yes / yes / yes /,336,False,True,no,True,True,< 1 (uncertain),<= 512 (normal)
41,Impact of MPH programs: contributing to health system strengthening in low- and middle-income countries?,yes,yes,True,16.2337,14.8604,14.8046,1.3732,yes / no / maybe / maybe / yes / maybe / yes / maybe / yes / yes / yes / yes / yes /,464,False,False,yes,True,True,1–2,<= 512 (normal)
42,Pap smears with glandular cell abnormalities: Are they detected by rapid prescreening?,yes,no,False,15.3372,15.4825,13.9665,0.1453,no / yes / yes / yes / yes / yes / yes / yes / yes / yes / yes / yes / yes / yes / yes /,323,False,True,no,True,True,< 1 (uncertain),<= 512 (normal)
43,Can transcranial direct current stimulation be useful in differentiating unresponsive wakefulness syndrome from minimally conscious state patients?,yes,yes,True,14.7889,14.0921,13.5695,0.6968,yes / no / maybe yes / no.,253,False,True,yes,True,True,< 1 (uncertain),<= 512 (normal)
44,Is etoricoxib effective in preventing heterotopic ossification after primary total hip arthroplasty?,yes,no,False,15.635,15.9397,15.1472,0.3047,no yes / no yes / maybe yes / no yes / no yes / no yes / no yes yes yes yes yes yes yes yes yes yes,223,False,True,no,True,True,< 1 (uncertain),<= 512 (normal)
45,Assessing Patient Reported Outcomes Measures via Phone Interviews Versus Patient Self-Survey in the Clinic: Are We Measuring the Same Thing?,yes,yes,True,17.5874,17.0551,14.832,0.5323,yes / no / maybe / no / yes / no / yes / yes / no / yes / yes / no / yes / yes / no,514,False,True,yes,True,True,< 1 (uncertain),> 512 (long)
46,Can emergency physicians accurately and reliably assess acute vertigo in the emergency department?,yes,yes,True,16.9365,16.3302,15.2289,0.6063,yes / no / maybe yes / no / yes / no / yes / no / yes / no / yes / no / yes / no /,366,False,True,yes,True,True,< 1 (uncertain),<= 512 (normal)
47,Proof of concept study: does fenofibrate have a role in sleep apnoea syndrome?,yes,yes,True,15.6969,15.2082,14.673,0.4887,yes / no / maybe yes / no / yes / yes / yes / yes / yes / yes / yes / yes / yes / yes /,446,False,True,yes,True,True,< 1 (uncertain),<= 512 (normal)
48,Does implant coating with antibacterial-loaded hydrogel reduce bacterial colonization and biofilm formation in vitro?,yes,yes,True,15.1814,14.4404,13.8756,0.741,yes / no / maybe yes / no.,267,False,True,yes,True,True,< 1 (uncertain),<= 512 (normal)
49,Does bone anchor fixation improve the outcome of percutaneous bladder neck suspension in female stress urinary incontinence?,yes,yes,True,15.1656,14.9776,14.023,0.188,yes / no / maybe yes / no / maybe yes / no / maybe yes / no / yes / no / yes / yes /,291,False,True,yes,True,True,< 1 (uncertain),<= 512 (normal)
50,Is leptin involved in phagocytic NADPH oxidase overactivity in obesity?,yes,yes,True,16.1162,14.564,13.5183,1.5522,yes / no / no / yes / no / yes / yes / yes / yes / yes / yes / yes / yes / yes / yes /,293,False,False,yes,True,True,1–2,<= 512 (normal)
51,Can we predict which head and neck cancer survivors develop fears of recurrence?,yes,yes,True,16.4454,16.2446,15.4154,0.2008,yes / no / maybe yes / no / maybe no / yes / yes / yes / yes / yes / yes / yes / yes /,305,False,True,yes,True,True,< 1 (uncertain),<= 512 (normal)
52,Differentiation of nonalcoholic from alcoholic steatohepatitis: are routine laboratory markers useful?,yes,yes,True,15.9202,15.8682,13.1914,0.052,yes / no / no / yes / yes / yes / yes / yes / yes / yes / yes / yes / yes / yes / yes /,304,False,True,yes,True,True,< 1 (uncertain),<= 512 (normal)
53,Traumatic aortic injury: does the anatomy of the aortic arch influence aortic trauma severity?,yes,yes,True,15.9052,15.383,14.1225,0.5222,yes / no / maybe yes / no / yes / yes / yes / yes / yes / yes / yes / yes / yes / yes /,238,False,True,yes,True,True,< 1 (uncertain),<= 512 (normal)
54,The Prevalence of Incidentally Detected Idiopathic Misty Mesentery on Multidetector Computed Tomography: Can Obesity Be the Triggering Cause?,yes,yes,True,16.0677,15.9913,14.8464,0.0763,yes / no / maybe yes / no.,284,False,True,yes,True,True,< 1 (uncertain),<= 512 (normal)
55,Fast foods - are they a risk factor for asthma?,yes,no,False,16.2152,16.3858,14.8367,0.1706,no / yes / yes / yes / yes / yes / yes / yes / yes / yes / yes / yes / yes / yes / yes /,368,False,True,no,True,True,< 1 (uncertain),<= 512 (normal)
56,Assessment of appropriate antimicrobial prescribing: do experts agree?,yes,yes,True,16.9017,16.6938,15.2219,0.208,yes / no / maybe / yes / no / yes / yes / yes / yes / yes / yes / yes / yes / yes / yes,261,False,True,yes,True,True,< 1 (uncertain),<= 512 (normal)
57,Pulmonary valve replacement in adults late after repair of tetralogy of fallot: are we operating too late?,yes,yes,True,15.2516,15.2236,13.8317,0.028,yes / no / maybe yes / no / maybe yes / no / yes / no / yes / yes / yes / yes / yes /,321,False,True,yes,True,True,< 1 (uncertain),<= 512 (normal)
58,Is amoxapine an atypical antipsychotic?,yes,yes,True,15.7878,14.8159,13.668,0.972,yes / no / maybe yes / maybe yes / yes / yes / yes / yes / yes / yes / yes / yes / yes /,200,False,True,yes,True,True,< 1 (uncertain),<= 512 (normal)
59,Do older patients who refuse to participate in a self-management intervention in the Netherlands differ from older patients who agree to participate?,yes,maybe,False,16.0284,15.6014,16.0903,0.0619,maybe yes / no / no / maybe yes / no / yes / no / yes / yes / yes / yes / yes / yes /,283,False,True,maybe,True,True,< 1 (uncertain),<= 512 (normal)
60,Is horizontal semicircular canal ocular reflex influenced by otolith organs input?,yes,yes,True,14.3095,13.2957,13.1152,1.0139,yes / no / maybe yes / maybe no.,181,False,False,yes,True,True,1–2,<= 512 (normal)
61,Preoperative tracheobronchoscopy in newborns with esophageal atresia: does it matter?,yes,yes,True,14.7148,14.3674,12.6735,0.3474,yes / no / maybe yes / no.).,325,False,True,yes,True,True,< 1 (uncertain),<= 512 (normal)
62,Is it appropriate to implant kidneys from elderly donors in young recipients?,yes,yes,True,15.8252,15.4656,14.5869,0.3596,yes / no / maybe yes / no / yes / yes / yes / yes / yes / yes / yes / yes / yes / yes /,346,False,True,yes,True,True,< 1 (uncertain),<= 512 (normal)
63,Is muscle power related to running speed with changes of direction?,yes,yes,True,15.2266,15.0648,14.7134,0.1618,yes / no / maybe yes / no.,243,False,True,yes,True,True,< 1 (uncertain),<= 512 (normal)
64,Stretch-sensitive KCNQ1 mutation A link between genetic and environmental factors in the pathogenesis of atrial fibrillation?,yes,yes,True,15.5265,14.6214,13.498,0.9051,yes / no / maybe yes / yes / yes / yes / yes / yes / yes / yes / yes / yes / yes / yes /,277,False,True,yes,True,True,< 1 (uncertain),<= 512 (normal)
65,Are pelvic anatomical structures in danger during arthroscopic acetabular labral repair?,yes,yes,True,15.164,14.8762,13.3434,0.2878,yes / no / maybe / no / yes / no / yes / yes / yes / yes / yes / yes / yes / yes / yes,262,False,True,yes,True,True,< 1 (uncertain),<= 512 (normal)
66,Is intraoperative neuromonitoring associated with better functional outcome in patients undergoing open TME?,yes,yes,True,15.9076,15.5157,14.0584,0.392,yes / no / maybe yes / no / yes / no / yes / no / yes / no / yes / no / yes / no /,264,False,True,yes,True,True,< 1 (uncertain),<= 512 (normal)
67,Profiling quality of care: Is there a role for peer review?,yes,yes,True,16.8748,16.5224,14.976,0.3524,yes / no / maybe yes / no / yes / yes / yes / yes / yes / yes / yes / yes / yes / yes /,357,False,True,yes,True,True,< 1 (uncertain),<= 512 (normal)
68,Multidisciplinary decisions in breast cancer: does the patient receive what the team has recommended?,yes,no,False,16.012,16.4944,15.4689,0.4825,no / yes / yes / no / yes / yes / yes / yes / yes / yes / yes / yes / yes / yes / yes /,241,False,True,no,True,True,< 1 (uncertain),<= 512 (normal)
69,Are performance measurement systems useful?,yes,yes,True,16.7184,15.9982,15.079,0.7202,yes / no / maybe yes / no / yes / no / yes / yes / yes / yes / yes / yes / yes / yes /,211,False,True,yes,True,True,< 1 (uncertain),<= 512 (normal)
70,The colour of pain: can patients use colour to describe osteoarthritis pain?,yes,yes,True,15.8408,15.3684,15.242,0.4724,yes / no / maybe yes / no.,307,False,True,yes,True,True,< 1 (uncertain),<= 512 (normal)
71,Do mossy fibers release GABA?,yes,yes,True,16.3735,14.3916,13.6551,1.9819,yes / no / maybe yes / yes / yes / yes / yes / yes / yes / yes / yes / yes / yes / yes /,263,False,False,yes,True,True,1–2,<= 512 (normal)
72,Is severe macrosomia manifested at 11-14 weeks of gestation?,yes,yes,True,16.7817,16.0188,14.7922,0.763,yes / no / maybe yes / no / yes / yes / yes / yes / yes / yes / yes / yes / yes / yes /,280,False,True,yes,True,True,< 1 (uncertain),<= 512 (normal)
73,Visceral adipose tissue area measurement at a single level: can it represent visceral adipose tissue volume?,yes,yes,True,16.8713,15.7603,14.6859,1.111,yes / no / maybe yes / yes / yes / yes / yes / yes / yes / yes / yes / yes / yes / yes /,204,False,False,yes,True,True,1–2,<= 512 (normal)
74,Is an advance care planning model feasible in community palliative care?,yes,yes,True,16.6769,15.369,15.247,1.3079,yes / no / maybe / no.,254,False,False,yes,True,True,1–2,<= 512 (normal)
75,Do cytokines have any role in epilepsy?,yes,yes,True,15.7427,15.4829,13.8614,0.2598,yes / no / no / yes / no / yes / yes / no / yes / yes / no / yes / yes / no / yes /,460,False,True,yes,True,True,< 1 (uncertain),<= 512 (normal)
76,Is expert breast pathology assessment necessary for the management of ductal carcinoma in situ ?,yes,no,False,15.961,16.0225,15.1166,0.0615,no / yes / yes / yes / yes / yes / yes / yes / yes / yes / yes / yes / yes / yes / yes /,261,False,True,no,True,True,< 1 (uncertain),<= 512 (normal)
77,Treadmill testing of children who have spina bifida and are ambulatory: does peak oxygen uptake reflect maximum oxygen uptake?,yes,yes,True,15.2381,14.9892,14.2005,0.2489,yes / no / maybe yes / no / yes / no / yes / yes / yes / yes / yes / yes / yes / yes /,387,False,True,yes,True,True,< 1 (uncertain),<= 512 (normal)
78,Subclavian steal syndrome: can the blood pressure difference between arms predict the severity of steal?,yes,yes,True,15.8916,15.466,13.1381,0.4256,yes / no / maybe yes / no / yes / no / yes / yes / yes / yes / yes / yes / yes / yes /,344,False,True,yes,True,True,< 1 (uncertain),<= 512 (normal)
79,Is size-reducing ascending aortoplasty with external reinforcement an option in modern aortic surgery?,yes,yes,True,15.4377,15.2265,14.29,0.2113,yes / no / maybe yes / no / yes / no / yes / yes / yes / yes / yes / yes / yes / yes /,305,False,True,yes,True,True,< 1 (uncertain),<= 512 (normal)
80,Is digoxin use for cardiovascular disease associated with risk of prostate cancer?,yes,yes,True,17.3263,16.9192,15.3219,0.4071,yes / no / maybe yes / no / yes / no / yes / yes / yes / yes / yes / yes / yes / yes /,279,False,True,yes,True,True,< 1 (uncertain),<= 512 (normal)
81,Screening for gestational diabetes mellitus: are the criteria proposed by the international association of the Diabetes and Pregnancy Study Groups cost-effective?,yes,yes,True,16.3509,15.4734,13.7802,0.8776,yes / no / maybe yes / no / yes / no / yes / yes / no / yes / yes / yes / yes / yes /,334,False,True,yes,True,True,< 1 (uncertain),<= 512 (normal)
82,Does a 4 diagram manual enable laypersons to operate the Laryngeal Mask Supreme®?,yes,no,False,15.0721,15.4104,13.8998,0.3383,no / yes / yes / no / yes / yes / no / yes / yes / no / yes / yes / no / yes / yes /,368,False,True,no,True,True,< 1 (uncertain),<= 512 (normal)
83,Is laparoscopic reoperation for failed antireflux surgery feasible?,yes,yes,True,15.5296,14.6249,12.215,0.9047,yes / no / maybe / no / yes / no.,511,False,True,yes,True,True,< 1 (uncertain),<= 512 (normal)
84,The Omega-3 Index: a new risk factor for death from coronary heart disease?,yes,yes,True,16.1432,15.7052,15.2362,0.438,yes / no / maybe yes / no.,246,False,True,yes,True,True,< 1 (uncertain),<= 512 (normal)
85,Do cytokine concentrations in pancreatic juice predict the presence of pancreatic diseases?,yes,yes,True,15.4682,15.4378,13.4347,0.0304,yes / no / no / yes / yes / yes / yes / yes / yes / yes / yes / yes / yes / yes / yes /,291,False,True,yes,True,True,< 1 (uncertain),<= 512 (normal)
86,Factors determining the survival of nasopharyngeal carcinoma with lung metastasis alone: does combined modality treatment benefit?,yes,no,False,15.7936,16.2727,14.812,0.479,no / yes / yes.,306,False,True,no,True,True,< 1 (uncertain),<= 512 (normal)
87,Is minimally invasive mitral valve repair with artificial chords reproducible and applicable in routine surgery?,yes,no,False,15.4515,15.7452,14.1679,0.2938,no yes / no yes / no.,309,False,True,no,True,True,< 1 (uncertain),<= 512 (normal)
88,Does receipt of hospice care in nursing homes improve the management of pain at the end of life?,yes,yes,True,17.023,16.3547,14.6196,0.6683,yes / no / no / yes / yes / yes / yes / yes / yes / yes / yes / yes yes yes yes yes yes yes yes,457,False,True,yes,True,True,< 1 (uncertain),<= 512 (normal)
89,Is intensive chemotherapy safe for rural cancer patients?,yes,no,False,15.3361,15.4145,14.3509,0.0783,no yes / no yes / yes yes.).,302,False,True,no,True,True,< 1 (uncertain),<= 512 (normal)
90,Is the urinary biomarkers assessment a non-invasive approach to tubular lesions of the solitary kidney?,yes,yes,True,15.2177,14.7194,13.2799,0.4983,yes / no / no.,356,False,True,yes,True,True,< 1 (uncertain),<= 512 (normal)
91,Does open access endoscopy close the door to an adequately informed patient?,yes,no,False,16.1316,16.3809,15.2562,0.2493,no / yes / yes / yes / yes / yes / yes / yes / yes / yes / yes / yes / yes / yes / yes /,299,False,True,no,True,True,< 1 (uncertain),<= 512 (normal)
92,Do viral infections have a role in benign paroxysmal positional vertigo?,yes,yes,True,15.9795,15.5223,14.0142,0.4571,yes / no / maybe yes / no / yes / no / yes / yes / no / yes / yes / yes / yes / yes /,215,False,True,yes,True,True,< 1 (uncertain),<= 512 (normal)
93,Does reducing spasticity translate into functional benefit?,yes,yes,True,16.9377,16.5635,15.2013,0.3743,yes / no / maybe yes / no / yes / no / yes / yes / yes / yes / yes / yes / yes / yes /,324,False,True,yes,True,True,< 1 (uncertain),<= 512 (normal)
94,Is the Retromandibular Transparotid Approach a Reliable Option for the Surgical Treatment of Condylar Fractures?,yes,yes,True,15.9905,15.4735,13.7666,0.517,yes / no / maybe / no / yes / yes / yes / yes / yes / yes / yes / yes / yes / yes / yes,235,False,True,yes,True,True,< 1 (uncertain),<= 512 (normal)
95,Do ventricular arrhythmias in athletes subside over time?,yes,no,False,15.2811,15.6267,14.1934,0.3457,no / yes / no.,301,False,True,no,True,True,< 1 (uncertain),<= 512 (normal)
96,Are complex coronary lesions more frequent in patients with diabetes mellitus?,yes,no,False,16.7477,16.8282,14.6053,0.0805,no yes / no yes / yes yes yes.,334,False,True,no,True,True,< 1 (uncertain),<= 512 (normal)
97,Can dogs prime autistic children for therapy?,yes,yes,True,16.5866,15.1032,15.1942,1.3924,yes / no / maybe yes / no / maybe yes / no / maybe yes / yes / yes / yes / yes / yes /,275,False,False,yes,True,True,1–2,<= 512 (normal)
98,Quality of life in lung cancer patients: does socioeconomic status matter?,yes,no,False,15.9671,16.8656,15.1443,0.8985,no yes / yes / no.,303,False,True,no,True,True,< 1 (uncertain),<= 512 (normal)
99,Is there a model to teach and practice retroperitoneoscopic nephrectomy?,yes,yes,True,15.3619,14.8739,14.1626,0.488,yes / no / no / maybe yes / no / yes / no / yes / yes / no / yes / yes / yes / yes /,260,False,True,yes,True,True,< 1 (uncertain),<= 512 (normal)
100,Is the type of remission after a major depressive episode an important risk factor to relapses in a 4-year follow up?,yes,yes,True,17.3937,16.6281,16.063,0.7656,yes / no / no / yes / yes / yes.,232,False,True,yes,True,True,< 1 (uncertain),<= 512 (normal)
101,Implementation of epidural analgesia for labor: is the standard of effective analgesia reachable in all women?,yes,yes,True,15.2828,14.9114,13.5385,0.3714,yes / no / maybe yes / no / maybe yes / no / yes / no / yes / no / yes / no / yes /,304,False,True,yes,True,True,< 1 (uncertain),<= 512 (normal)
102,Longer term quality of life and outcome in stroke patients: is the Barthel index alone an adequate measure of outcome?,yes,no,False,17.5444,17.7193,15.2508,0.1749,no yes / yes yes yes / no yes / yes yes yes yes yes yes yes yes yes yes yes yes yes yes yes yes yes yes yes yes,366,False,True,no,True,True,< 1 (uncertain),<= 512 (normal)
103,Does a special interest in laparoscopy affect the treatment of acute cholecystitis?,yes,yes,True,16.193,16.1862,14.09,0.0068,yes / no / no / yes / no / yes / yes / yes / yes.,323,False,True,yes,True,True,< 1 (uncertain),<= 512 (normal)
104,Do older adults with cancer fall more often?,yes,yes,True,16.4551,16.2651,14.3917,0.1901,yes / no / no / yes / yes / yes / yes / yes / yes / yes / yes / yes / yes / yes / yes /,266,False,True,yes,True,True,< 1 (uncertain),<= 512 (normal)
105,Two-year follow-up survey of patients with allergic contact dermatitis from an occupational cohort: is the prognosis dependent on the omnipresence of the allergen?,yes,no,False,15.8444,16.7354,14.7465,0.891,no / yes / yes / yes / yes / yes / yes / yes / yes / yes / yes / yes / yes / yes / yes /,276,False,True,no,True,True,< 1 (uncertain),<= 512 (normal)
106,Is there a favorable subset of patients with prostate cancer who develop oligometastases?,yes,no,False,15.5992,15.6168,13.9161,0.0175,no / yes / yes / yes / yes / yes / yes / yes / yes / yes / yes / yes / yes / yes / yes /,429,False,True,no,True,True,< 1 (uncertain),<= 512 (normal)
107,Does radiotherapy around the time of pregnancy for Hodgkin's disease modify the risk of breast cancer?,yes,yes,True,17.0145,16.5839,14.8878,0.4306,yes / no / maybe yes / no / yes / yes / yes / yes / yes / yes / yes / yes / yes / yes /,355,False,True,yes,True,True,< 1 (uncertain),<= 512 (normal)
108,Does left atrial appendage (LAA) occlusion device alter the echocardiography and electrocardiogram parameters in patients with atrial fibrillation?,yes,no,False,15.337,15.4949,13.8817,0.1579,no / yes / yes / no / yes / yes / yes / yes / yes / yes / yes / yes / yes / yes / yes /,264,False,True,no,True,True,< 1 (uncertain),<= 512 (normal)
109,Is non-invasive diagnosis of esophageal varices in patients with compensated hepatic cirrhosis possible by duplex Doppler ultrasonography?,yes,no,False,15.5386,15.8133,13.8381,0.2747,no / yes / yes / yes / yes / yes / yes / yes / yes / yes / yes / yes / yes / yes / yes /,423,False,True,no,True,True,< 1 (uncertain),<= 512 (normal)
110,Do inhaled steroids differ from cromones in terms of hospital admission rates for asthma in children?,yes,yes,True,16.5992,16.3902,15.0608,0.209,yes / no / maybe yes / no.,295,False,True,yes,True,True,< 1 (uncertain),<= 512 (normal)
111,Does airway surgery lower serum lipid levels in obstructive sleep apnea patients?,yes,yes,True,15.5271,14.9757,13.9807,0.5514,yes / no / no / yes / no / yes / yes / yes / yes / yes / yes / yes / yes / yes / yes /,360,False,True,yes,True,True,< 1 (uncertain),<= 512 (normal)
112,Israeli hospital preparedness for terrorism-related multiple casualty incidents: can the surge capacity and injury severity distribution be better predicted?,yes,yes,True,15.3425,15.2191,14.2333,0.1233,yes / no / maybe / no / yes / no / yes / yes / yes / yes / yes / yes / yes / yes / yes,331,False,True,yes,True,True,< 1 (uncertain),<= 512 (normal)
113,Do instrumental activities of daily living predict dementia at 1- and 2-year follow-up?,yes,yes,True,18.1597,17.4075,15.9424,0.7522,yes / no / yes / yes / yes / yes / yes / yes / yes / yes / yes / yes / yes / yes / yes /,322,False,True,yes,True,True,< 1 (uncertain),<= 512 (normal)
114,Is pelvic pain associated with defecatory symptoms in women with pelvic organ prolapse?,yes,no,False,17.1032,17.5771,15.5919,0.4739,no / yes / no / yes / yes / yes / yes / yes / yes / yes / yes / yes / yes / yes / yes /,200,False,True,no,True,True,< 1 (uncertain),<= 512 (normal)
115,Does the SCL 90-R obsessive-compulsive dimension identify cognitive impairments?,yes,yes,True,17.6438,16.7155,15.0599,0.9284,yes / no / no / yes / yes / yes / yes / yes / yes / yes / yes / yes / yes / yes / yes /,248,False,True,yes,True,True,< 1 (uncertain),<= 512 (normal)
116,Is non-HDL-cholesterol a better predictor of long-term outcome in patients after acute myocardial infarction compared to LDL-cholesterol?,yes,yes,True,16.3832,16.1197,14.653,0.2635,yes / no / maybe yes / no.,407,False,True,yes,True,True,< 1 (uncertain),<= 512 (normal)
117,Body diffusion-weighted MR imaging of uterine endometrial cancer: is it helpful in the detection of cancer in nonenhanced MR imaging?,yes,yes,True,15.9807,15.678,13.9249,0.3027,yes / no / maybe yes / no / yes / no / yes / yes / yes / yes / yes / yes / yes / yes /,335,False,True,yes,True,True,< 1 (uncertain),<= 512 (normal)
118,Does pediatric housestaff experience influence tests ordered for infants in the neonatal intensive care unit?,yes,yes,True,15.7751,15.6128,14.2474,0.1623,yes / no / maybe / no / yes / yes / yes / yes / yes / yes / yes / yes / yes / yes / yes,362,False,True,yes,True,True,< 1 (uncertain),<= 512 (normal)
119,Biomolecular identification of allergenic pollen: a new perspective for aerobiological monitoring?,yes,yes,True,16.4786,15.2957,15.0594,1.1829,yes / no.,271,False,False,yes,True,True,1–2,<= 512 (normal)
120,Is the 7th TNM edition suitable for biological predictor in early gastric cancer?,yes,no,False,15.4502,16.2507,14.8496,0.8005,no / yes / yes / yes.,235,False,True,no,True,True,< 1 (uncertain),<= 512 (normal)
121,Are lower fasting plasma glucose levels at diagnosis of type 2 diabetes associated with improved outcomes?,yes,yes,True,16.7987,16.7959,14.4012,0.0028,yes / no / maybe yes / no / yes / yes / yes / yes / yes / yes / yes / yes / yes / yes /,292,False,True,yes,True,True,< 1 (uncertain),<= 512 (normal)
122,Remote ischemic postconditioning: does it protect against ischemic damage in percutaneous coronary revascularization?,yes,yes,True,16.4747,15.5356,14.0971,0.9391,yes / no / no / yes / yes / yes / yes / yes / yes / yes / yes / yes / yes / yes / yes /,230,False,True,yes,True,True,< 1 (uncertain),<= 512 (normal)
123,Does multi-modal cervical physical therapy improve tinnitus in patients with cervicogenic somatic tinnitus?,yes,yes,True,16.341,16.2863,15.2816,0.0547,yes / no / maybe yes / no / yes / no / yes / no / yes / no / yes / no / yes / no /,346,False,True,yes,True,True,< 1 (uncertain),<= 512 (normal)
124,Processing fluency effects: can the content and presentation of participant information sheets influence recruitment and participation for an antenatal intervention?,yes,yes,True,18.9207,17.975,15.9845,0.9457,yes / no / maybe yes / no / yes / no / yes / no / yes / no / yes / no / yes / no /,246,False,True,yes,True,True,< 1 (uncertain),<= 512 (normal)
125,Fulfilling human resources development goal in West Africa: can the training of ophthalmologist diplomates be improved?,yes,yes,True,15.5042,14.9588,14.2515,0.5455,yes / no / maybe / no / yes / no / yes / yes / yes / yes / yes / yes / yes / yes / yes,416,False,True,yes,True,True,< 1 (uncertain),<= 512 (normal)
126,Predicting admission at triage: are nurses better than a simple objective score?,yes,no,False,17.3549,18.3414,16.3507,0.9865,no / yes / yes / yes / yes / yes / yes / yes / yes / yes / yes / yes / yes / yes / yes /,353,False,True,no,True,True,< 1 (uncertain),<= 512 (normal)
127,Are adult body circumferences associated with height?,yes,yes,True,16.5993,15.3847,14.0207,1.2146,yes / no / maybe / yes / yes / yes / yes / yes / yes / yes / yes / yes / yes / yes / yes,363,False,False,yes,True,True,1–2,<= 512 (normal)
128,Can progression of valvar aortic stenosis be predicted accurately?,yes,yes,True,15.3214,14.2834,13.2782,1.038,yes / no / maybe yes / no.,282,False,False,yes,True,True,1–2,<= 512 (normal)
129,Does the National Institutes of Health Stroke Scale favor left hemisphere strokes?,yes,yes,True,16.8148,16.3537,14.6345,0.4611,yes / no / maybe yes / no.,395,False,True,yes,True,True,< 1 (uncertain),<= 512 (normal)
130,MiraLAX vs. Golytely: is there a significant difference in the adenoma detection rate?,yes,no,False,16.6876,16.7773,15.1174,0.0898,no yes / no yes / no yes / no yes / no yes / no yes yes yes yes yes yes yes yes yes yes yes yes yes yes,352,False,True,no,True,True,< 1 (uncertain),<= 512 (normal)
131,Can gingival crevicular blood be relied upon for assessment of blood glucose level?,yes,yes,True,17.104,15.9747,14.4329,1.1293,yes / no / maybe yes / no / yes / no / yes / yes / yes / yes / yes / yes / yes / yes /,263,False,False,yes,True,True,1–2,<= 512 (normal)
132,Is zero central line-associated bloodstream infection rate sustainable?,yes,yes,True,16.6828,15.7262,14.5779,0.9565,yes / no / maybe / yes / yes / yes / yes / yes / yes / yes / yes / yes / yes / yes / yes,288,False,True,yes,True,True,< 1 (uncertain),<= 512 (normal)
133,Does treatment duration affect outcome after radiotherapy for prostate cancer?,yes,yes,True,15.9542,15.674,14.1552,0.2803,yes / no / maybe yes / no / yes / yes / yes / yes / yes / yes / yes / yes / yes / yes /,356,False,True,yes,True,True,< 1 (uncertain),<= 512 (normal)
134,Patient-Controlled Therapy of Breathlessness in Palliative Care: A New Therapeutic Concept for Opioid Administration?,yes,yes,True,15.0891,14.7454,13.4071,0.3437,yes / no / maybe yes / no / maybe yes / no / yes / no / yes / no / yes / no / yes /,401,False,True,yes,True,True,< 1 (uncertain),<= 512 (normal)
135,Is pain a clinically relevant problem in general adult psychiatry?,yes,no,False,17.0692,17.1221,15.6403,0.0529,no yes / no.,246,False,True,no,True,True,< 1 (uncertain),<= 512 (normal)
136,Should displaced midshaft clavicular fractures be treated surgically?,yes,yes,True,16.9459,16.0776,14.6224,0.8683,yes / no / maybe yes / no / yes / no / yes / yes / yes / yes / yes / yes / yes / yes /,304,False,True,yes,True,True,< 1 (uncertain),<= 512 (normal)
137,Telemedicine and type 1 diabetes: is technology per se sufficient to improve glycaemic control?,yes,yes,True,16.5732,15.9607,14.2871,0.6125,yes / no / no / yes / yes / yes / yes / yes / yes / yes / yes / yes / yes / yes / yes /,326,False,True,yes,True,True,< 1 (uncertain),<= 512 (normal)
138,Do European people with type 1 diabetes consume a high atherogenic diet?,yes,yes,True,16.4742,16.3901,15.5512,0.0841,yes / no / maybe yes / no / yes / no / yes / yes / yes / yes / yes / yes / yes / yes /,346,False,True,yes,True,True,< 1 (uncertain),<= 512 (normal)
139,Preoperative platelet count in esophageal squamous cell carcinoma: is it a prognostic factor?,yes,no,False,15.9071,16.7446,14.558,0.8375,no / yes / yes.,309,False,True,no,True,True,< 1 (uncertain),<= 512 (normal)
140,Should serum pancreatic lipase replace serum amylase as a biomarker of acute pancreatitis?,yes,no,False,15.5107,15.9859,14.2383,0.4752,no yes / no yes / yes yes yes.,382,False,True,no,True,True,< 1 (uncertain),<= 512 (normal)
141,Do Electrochemiluminescence Assays Improve Prediction of Time to Type 1 Diabetes in Autoantibody-Positive TrialNet Subjects?,yes,yes,True,16.9017,16.6425,14.2312,0.2592,yes / no / maybe yes / no / yes / yes / yes / yes.,357,False,True,yes,True,True,< 1 (uncertain),<= 512 (normal)
142,Does SYNTAX score predict in-hospital outcomes in patients with ST elevation myocardial infarction undergoing primary percutaneous coronary intervention?,yes,no,False,16.2789,16.3005,14.3134,0.0216,no / yes / yes / yes / yes / yes / yes / yes / yes / yes / yes / yes / yes / yes / yes /,356,False,True,no,True,True,< 1 (uncertain),<= 512 (normal)
143,Are behavioural risk factors to be blamed for the conversion from optimal blood pressure to hypertensive status in Black South Africans?,yes,no,False,16.945,17.4021,15.0314,0.4571,no / yes / yes / no / yes / yes / yes / yes / yes / yes / yes / yes / yes / yes / yes /,367,False,True,no,True,True,< 1 (uncertain),<= 512 (normal)
144,Does the type of tibial component affect mechanical alignment in unicompartmental knee replacement?,yes,yes,True,15.9638,15.0736,14.2415,0.8902,yes / no / maybe yes / no / yes / yes / yes / yes / yes / yes / yes / yes / yes / yes /,269,False,True,yes,True,True,< 1 (uncertain),<= 512 (normal)
145,Upstream solutions: does the supplemental security income program reduce disability in the elderly?,yes,yes,True,17.2005,15.1436,15.5888,1.6117,yes / no / yes / yes / yes / yes / yes / yes / yes / yes / yes / yes / yes / yes / yes /,320,False,False,yes,True,True,1–2,<= 512 (normal)
146,Can serum be used for analyzing the EGFR mutation status in patients with advanced non-small cell lung cancer?,yes,no,False,15.4044,16.3369,14.0033,0.9326,no / yes / yes / yes / no / yes / yes / yes / yes / yes / yes / yes / yes / yes / yes /,302,False,True,no,True,True,< 1 (uncertain),<= 512 (normal)
147,Are failures of anterior cruciate ligament reconstruction associated with steep posterior tibial slopes?,yes,yes,True,16.3074,16.081,15.0582,0.2265,yes / no / maybe yes / no.,388,False,True,yes,True,True,< 1 (uncertain),<= 512 (normal)
148,Do teleoncology models of care enable safe delivery of chemotherapy in rural towns?,yes,no,False,15.6864,16.0798,14.4847,0.3934,no yes / no yes / no yes / no.,282,False,True,no,True,True,< 1 (uncertain),<= 512 (normal)
149,Is solitary kidney really more resistant to ischemia?,yes,yes,True,14.4946,14.0824,13.0388,0.4122,yes / no / maybe yes / no / yes / no / yes / no / yes / no / yes / no / yes / no /,268,False,True,yes,True,True,< 1 (uncertain),<= 512 (normal)
150,Is it safe to perform rectal anastomosis in gynaecological debulking surgery without a diverting stoma?,yes,no,False,15.5063,15.6993,15.2199,0.1929,no / yes / yes / no / yes / yes / yes / yes / yes / yes / yes / yes / yes / yes / yes /,180,False,True,no,True,True,< 1 (uncertain),<= 512 (normal)
151,Has the mammography quality standards act affected the mammography quality in North Carolina?,yes,yes,True,16.6421,16.1676,15.147,0.4745,yes / no / maybe / no / yes / yes / yes / yes / yes / yes / yes / yes / yes / yes / yes,211,False,True,yes,True,True,< 1 (uncertain),<= 512 (normal)
152,Is breast cancer prognosis inherited?,yes,yes,True,17.9387,17.6727,15.8522,0.266,yes / no / maybe yes / no / yes / yes / yes / yes / yes / yes / yes / yes yes yes yes yes yes,320,False,True,yes,True,True,< 1 (uncertain),<= 512 (normal)
153,c-Kit-dependent growth of uveal melanoma cells: a potential therapeutic target?,yes,yes,True,15.0801,14.4495,13.7187,0.6307,yes / no / maybe yes / no.,303,False,True,yes,True,True,< 1 (uncertain),<= 512 (normal)
154,Pituitary apoplexy: do histological features influence the clinical presentation and outcome?,yes,yes,True,16.1206,15.7393,14.6458,0.3812,yes / no / maybe yes / no.,169,False,True,yes,True,True,< 1 (uncertain),<= 512 (normal)
155,Orthostatic myoclonus: an underrecognized cause of unsteadiness?,yes,yes,True,15.9242,15.8313,14.2901,0.0929,yes / no / maybe yes / no.,314,False,True,yes,True,True,< 1 (uncertain),<= 512 (normal)
156,Is low serum chloride level a risk factor for cardiovascular mortality?,yes,yes,True,16.2221,15.1757,13.4378,1.0465,yes / no / maybe yes / no / yes / no / yes / yes / yes / yes / yes / yes / yes / yes /,341,False,False,yes,True,True,1–2,<= 512 (normal)
157,Does ethnicity affect where people with cancer die?,yes,no,False,16.9552,17.8593,15.3582,0.9041,no / yes / no.,464,False,True,no,True,True,< 1 (uncertain),<= 512 (normal)
158,Transesophageal echocardiographic assessment of left ventricular function in brain-dead patients: are marginally acceptable hearts suitable for transplantation?,yes,yes,True,15.5436,14.9351,13.3534,0.6085,yes / no / no / yes / no / yes / yes / yes / yes / yes / yes / yes / yes / yes / yes /,364,False,True,yes,True,True,< 1 (uncertain),<= 512 (normal)
159,Can the postoperative pain level be predicted preoperatively?,yes,yes,True,16.2764,15.2347,15.0428,1.0417,yes / no / maybe yes / no / maybe yes / no / yes / yes / yes / yes / yes / yes / yes /,203,False,False,yes,True,True,1–2,<= 512 (normal)
160,Does age moderate the effect of personality disorder on coping style in psychiatric inpatients?,yes,yes,True,17.5508,16.868,15.0759,0.6829,yes / no / maybe / yes / yes / yes / yes / yes / yes / yes / yes / yes / yes / yes / yes,254,False,True,yes,True,True,< 1 (uncertain),<= 512 (normal)
161,Is neck pain associated with worse health-related quality of life 6 months later?,yes,no,False,16.5625,16.5776,14.732,0.015,no / yes / yes / yes / yes / yes / yes / yes / yes / yes / yes / yes / yes / yes / yes /,473,False,True,no,True,True,< 1 (uncertain),<= 512 (normal)
162,Dose end-tidal carbon dioxide measurement correlate with arterial carbon dioxide in extremely low birth weight infants in the first week of life?,yes,yes,True,16.2913,15.1882,13.9892,1.1031,yes / no / maybe yes / no.,329,False,False,yes,True,True,1–2,<= 512 (normal)
163,Does Residency Selection Criteria Predict Performance in Orthopaedic Surgery Residency?,yes,yes,True,17.1817,16.6103,15.5681,0.5714,yes / no / maybe / no / yes / no / yes / yes / yes / yes / yes / yes / yes / yes / yes,482,False,True,yes,True,True,< 1 (uncertain),<= 512 (normal)
164,Is CA72-4 a useful biomarker in differential diagnosis between ovarian endometrioma and epithelial ovarian cancer?,yes,yes,True,15.728,15.075,13.699,0.653,yes / no / maybe yes / no / yes / no / yes / yes / yes / yes / yes / yes / yes / yes /,222,False,True,yes,True,True,< 1 (uncertain),<= 512 (normal)
165,Is the breast best for children with a family history of atopy?,yes,yes,True,16.1331,15.9502,14.9808,0.1829,yes / no / maybe / yes / no / yes / yes / yes / yes / yes / yes / yes / yes / yes / yes,252,False,True,yes,True,True,< 1 (uncertain),<= 512 (normal)
166,Is Bare-Metal Stent Implantation Still Justifiable in High Bleeding Risk Patients Undergoing Percutaneous Coronary Intervention?,yes,no,False,16.2732,16.5331,15.6689,0.2599,no / yes / yes / yes / yes / yes / yes / yes / yes / yes / yes / yes / yes / yes / yes /,398,False,True,no,True,True,< 1 (uncertain),<= 512 (normal)
167,"Marital status, living arrangement and mortality: does the association vary by gender?",yes,yes,True,16.6522,15.9092,14.9932,0.743,yes / no / maybe yes / no / yes / no / yes / yes / yes / yes / yes / yes / yes / yes /,312,False,True,yes,True,True,< 1 (uncertain),<= 512 (normal)
168,Does ibuprofen increase perioperative blood loss during hip arthroplasty?,yes,yes,True,15.968,14.6515,13.6382,1.3165,yes / no / maybe yes / no / yes / no / yes / yes / yes / yes / yes / yes / yes / yes /,200,False,False,yes,True,True,1–2,<= 512 (normal)
169,Can magnetic resonance imaging accurately predict concordant pain provocation during provocative disc injection?,yes,no,False,15.5357,15.959,14.5782,0.4233,no / yes / yes / yes / yes / yes / yes / yes / yes / yes / yes / yes / yes / yes / yes /,337,False,True,no,True,True,< 1 (uncertain),<= 512 (normal)
170,Does case-mix based reimbursement stimulate the development of process-oriented care delivery?,yes,yes,True,15.7929,14.7787,14.6626,1.0143,yes / no / maybe yes / no / maybe yes / yes / yes / yes / yes / yes / yes / yes / yes /,245,False,False,yes,True,True,1–2,<= 512 (normal)
171,Cerebromediastinal tuberculosis in a child with a probable Say-Barber-Miller syndrome: a causative link?,yes,yes,True,15.9545,14.7587,14.2192,1.1958,yes / no / maybe yes / no.,249,False,False,yes,True,True,1–2,<= 512 (normal)
172,Is the determination of specific IgE against components using ISAC 112 a reproducible technique?,yes,yes,True,15.3912,14.6288,13.4011,0.7624,yes / no / maybe yes / no.,375,False,True,yes,True,True,< 1 (uncertain),<= 512 (normal)
173,Schizophrenia patients with high intelligence: A clinically distinct sub-type of schizophrenia?,yes,yes,True,17.5243,17.1422,16.108,0.382,yes / no / no / yes / yes / yes / yes / yes / yes / yes / yes / yes / yes / yes / yes /,303,False,True,yes,True,True,< 1 (uncertain),<= 512 (normal)
174,Is halofantrine ototoxic?,yes,yes,True,15.0882,15.0176,13.7308,0.0705,yes / no / maybe yes / no / maybe no / yes / yes / yes / yes / yes / yes / yes / yes /,197,False,True,yes,True,True,< 1 (uncertain),<= 512 (normal)
175,Identification of racial disparities in breast cancer mortality: does scale matter?,yes,yes,True,17.3635,15.6738,15.3836,1.6897,yes / no / maybe.,227,False,False,yes,True,True,1–2,<= 512 (normal)
176,Can fractional lasers enhance transdermal absorption of topical lidocaine in an in vivo animal model?,yes,yes,True,15.6149,15.5408,14.5088,0.0741,yes / no / maybe yes / no / yes / no / yes / yes / no / yes / yes / yes / yes / yes /,378,False,True,yes,True,True,< 1 (uncertain),<= 512 (normal)
177,Does laparoscopic surgery decrease the risk of atrial fibrillation after foregut surgery?,yes,no,False,16.4253,16.5482,14.8331,0.1229,no yes / no yes / yes yes.,348,False,True,no,True,True,< 1 (uncertain),<= 512 (normal)
178,Is breast cancer survival improving?,yes,yes,True,16.4716,16.3438,14.2854,0.1278,yes / no / maybe yes / no / yes / yes / yes / yes / yes / yes / yes / yes / yes / yes /,280,False,True,yes,True,True,< 1 (uncertain),<= 512 (normal)
179,Does partial expander deflation exacerbate the adverse effects of radiotherapy in two-stage breast reconstruction?,yes,yes,True,14.9192,13.9941,13.8594,0.9251,yes / no / maybe yes / no / maybe no / yes / yes / yes / yes / yes / yes / yes / yes /,236,False,True,yes,True,True,< 1 (uncertain),<= 512 (normal)
180,Does the clinical presentation of a prior preterm birth predict risk in a subsequent pregnancy?,yes,no,False,15.5891,15.7874,13.801,0.1983,no / yes / yes / yes / yes / yes / yes / yes / yes / yes / yes / yes / yes / yes / yes /,317,False,True,no,True,True,< 1 (uncertain),<= 512 (normal)
181,Cold preparation use in young children after FDA warnings: do concerns still exist?,yes,yes,True,15.4929,14.8717,15.1229,0.37,yes / no / maybe / no / yes / no / yes / yes / yes / yes / yes / yes / yes / yes / yes,166,False,True,yes,True,True,< 1 (uncertain),<= 512 (normal)
182,Does occupational nuclear power plant radiation affect conception and pregnancy?,yes,yes,True,15.6093,15.0982,13.9602,0.5111,yes / no / maybe yes / no.,176,False,True,yes,True,True,< 1 (uncertain),<= 512 (normal)
183,Can shape analysis differentiate free-floating internal carotid artery thrombus from atherosclerotic plaque in patients evaluated with CTA for stroke or transient ischemic attack?,yes,yes,True,15.4899,15.2176,14.1261,0.2723,yes / no / maybe / no / yes / no / yes / yes / yes / yes / yes / yes / yes / yes / yes,330,False,True,yes,True,True,< 1 (uncertain),<= 512 (normal)
184,Can pictorial warning labels on cigarette packages address smoking-related health disparities?,yes,yes,True,18.033,16.5618,15.5556,1.4712,yes / no / maybe / yes / no / yes / yes / yes / yes / yes / yes / yes / yes / yes / yes,261,False,False,yes,True,True,1–2,<= 512 (normal)
185,Surgical treatment of prosthetic valve endocarditis in patients with double prostheses: is single-valve replacement safe?,yes,no,False,15.2035,15.3189,14.5165,0.1154,no yes / no yes / no.,302,False,True,no,True,True,< 1 (uncertain),<= 512 (normal)
186,Do nomograms designed to predict biochemical recurrence (BCR) do a better job of predicting more clinically relevant prostate cancer outcomes than BCR?,yes,yes,True,16.3009,15.8029,14.5525,0.4979,yes / no / maybe yes / no.,349,False,True,yes,True,True,< 1 (uncertain),<= 512 (normal)
187,"Do ""America's Best Hospitals"" perform better for acute myocardial infarction?",yes,yes,True,17.3298,16.8927,15.6716,0.4371,yes / no / maybe / yes / yes / yes / yes / yes / yes / yes / yes / yes / yes / yes / yes,413,False,True,yes,True,True,< 1 (uncertain),<= 512 (normal)
188,Do socioeconomic differences in mortality persist after retirement?,yes,yes,True,17.0601,16.5755,15.2235,0.4846,yes / no / maybe yes / no / yes / yes / yes / yes / yes / yes yes yes yes yes yes yes yes yes yes,265,False,True,yes,True,True,< 1 (uncertain),<= 512 (normal)
189,Convulsions and retinal haemorrhage: should we look further?,yes,no,False,15.403,15.5647,15.0162,0.1617,no yes / no.,160,False,True,no,True,True,< 1 (uncertain),<= 512 (normal)
190,Is the use of cyanoacrylate in intestinal anastomosis a good and reliable alternative?,yes,yes,True,15.2023,14.4172,12.3194,0.7851,yes / no / maybe / no / yes / no.,321,False,True,yes,True,True,< 1 (uncertain),<= 512 (normal)
191,Are increased carotid artery pulsatility and resistance indexes early signs of vascular abnormalities in young obese males?,yes,yes,True,16.3687,15.5462,13.9154,0.8225,yes / no / no / yes / yes / yes / yes / yes / yes / yes / yes / yes / yes / yes / yes /,176,False,True,yes,True,True,< 1 (uncertain),<= 512 (normal)
192,Does topical ropivacaine reduce the post-tonsillectomy morbidity in pediatric patients?,yes,no,False,15.0289,15.1466,13.5295,0.1178,no / yes / yes / no / yes / no / yes / no / yes / no / yes / no / yes / no / yes /,275,False,True,no,True,True,< 1 (uncertain),<= 512 (normal)
193,Is robotically assisted laparoscopic radical prostatectomy less invasive than retropubic radical prostatectomy?,yes,yes,True,15.5248,15.2733,13.6674,0.2515,yes / no / no / yes / no / yes / yes / yes / yes / yes / yes / yes / yes / yes / yes /,398,False,True,yes,True,True,< 1 (uncertain),<= 512 (normal)
194,Is specialty care associated with improved survival of patients with congestive heart failure?,yes,yes,True,16.9112,16.6397,14.897,0.2715,yes / no / yes / yes / yes / yes / yes / yes / yes / yes / yes / yes / yes / yes / yes /,450,False,True,yes,True,True,< 1 (uncertain),<= 512 (normal)
195,Histologic evaluation of the testicular remnant associated with the vanishing testes syndrome: is surgical management necessary?,yes,yes,True,15.0803,14.8046,14.3812,0.2757,yes / no / maybe / no.).,241,False,True,yes,True,True,< 1 (uncertain),<= 512 (normal)
196,Does oxybutynin hydrochloride cause arrhythmia in children with bladder dysfunction?,yes,yes,True,15.7862,15.0795,14.4004,0.7067,yes / no / maybe yes / no / yes / no / yes / no / yes / no / yes / no / yes / no /,97,False,True,yes,True,True,< 1 (uncertain),<= 512 (normal)
197,Does the manic/mixed episode distinction in bipolar disorder patients run true over time?,yes,yes,True,16.4174,15.2646,14.0704,1.1528,yes / no / maybe yes / no.,133,False,False,yes,True,True,1–2,<= 512 (normal)
198,Is the first urinary albumin/creatinine ratio (ACR) in women with suspected preeclampsia a prognostic factor for maternal and neonatal adverse outcome?,yes,yes,True,18.0231,17.9192,16.1343,0.1039,yes / no / no / yes / yes / yes / yes / yes / yes / yes yes yes yes yes yes yes yes yes yes yes yes,308,False,True,yes,True,True,< 1 (uncertain),<= 512 (normal)
199,Are pediatric concussion patients compliant with discharge instructions?,yes,no,False,15.758,16.1671,14.7295,0.4091,no / yes / no / yes / yes / yes / yes / yes / yes / yes / yes / yes / yes / yes / yes /,416,False,True,no,True,True,< 1 (uncertain),<= 512 (normal)
200,Can communication with terminally ill patients be taught?,yes,yes,True,15.1865,14.4804,14.5458,0.6407,yes / no / maybe yes / no / maybe yes / no / maybe yes / no / maybe yes / no / maybe,289,False,True,yes,True,True,< 1 (uncertain),<= 512 (normal)
201,Are environmental factors important in primary systemic vasculitis?,yes,yes,True,16.5921,15.9877,13.9461,0.6044,yes / no / maybe yes / no / yes / yes / yes / yes / yes / yes / yes / yes / yes / yes /,486,False,True,yes,True,True,< 1 (uncertain),<= 512 (normal)
202,Diagnosis and follow-up in constipated children: should we use ultrasound?,yes,no,False,15.4838,15.7663,14.7646,0.2825,no / yes / yes / no / yes / yes / yes / yes / yes / yes / yes / yes / yes / yes / yes /,398,False,True,no,True,True,< 1 (uncertain),<= 512 (normal)
203,Out of the smokescreen II: will an advertisement targeting the tobacco industry affect young people's perception of smoking in movies and their intention to smoke?,yes,no,False,16.195,17.0681,15.2934,0.8731,no / yes / no / yes / no / yes / no / yes / no / yes / no / yes / no / yes / no /,394,False,True,no,True,True,< 1 (uncertain),<= 512 (normal)
204,Do general practitioner hospitals reduce the utilisation of general hospital beds?,yes,yes,True,16.8345,15.8982,14.6191,0.9362,yes / no / maybe yes / no.,233,False,True,yes,True,True,< 1 (uncertain),<= 512 (normal)
205,Does insulin resistance drive the association between hyperglycemia and cardiovascular risk?,yes,yes,True,16.0947,15.8412,13.8506,0.2536,yes / no / no / yes / yes / yes / yes / yes / yes / yes / yes / yes / yes / yes / yes /,350,False,True,yes,True,True,< 1 (uncertain),<= 512 (normal)
206,Ultra high risk (UHR) for psychosis criteria: are there different levels of risk for transition to psychosis?,yes,no,False,16.753,16.8232,14.9598,0.0702,no / yes / yes / yes / yes.,297,False,True,no,True,True,< 1 (uncertain),<= 512 (normal)
207,Aberrant loss of dickkopf-3 in gastric cancer: can it predict lymph node metastasis preoperatively?,yes,no,False,16.0439,16.2482,14.0288,0.2043,no / yes / yes / yes / yes / yes / yes / yes / yes / yes / yes / yes / yes / yes / yes /,338,False,True,no,True,True,< 1 (uncertain),<= 512 (normal)
208,Can CT predict the level of CSF block in tuberculous hydrocephalus?,yes,yes,True,15.4797,15.2044,14.4105,0.2752,yes / no / maybe yes / no / maybe yes / no / maybe yes / no / maybe yes / no / maybe,187,False,True,yes,True,True,< 1 (uncertain),<= 512 (normal)
209,Is oral endotracheal intubation efficacy impaired in the helicopter environment?,yes,yes,True,15.6507,15.5489,14.2103,0.1019,yes / no / maybe yes / no / yes / no / yes / yes / no / yes / yes / yes / yes / yes /,239,False,True,yes,True,True,< 1 (uncertain),<= 512 (normal)
210,Sternal plating for primary and secondary sternal closure; can it improve sternal stability?,yes,yes,True,14.892,14.309,13.487,0.5831,yes / no / maybe yes / no.,304,False,True,yes,True,True,< 1 (uncertain),<= 512 (normal)
211,Can early second-look tympanoplasty reduce the rate of conversion to modified radical mastoidectomy?,yes,no,False,15.4106,15.4639,15.1357,0.0533,no yes / no yes / no yes / no yes / no yes / no yes / no yes / no yes / no yes / no yes /,208,False,True,no,True,True,< 1 (uncertain),<= 512 (normal)
212,Can T-cell deficiency affect spatial learning ability following toluene exposure?,yes,yes,True,15.9703,15.2666,14.1758,0.7037,yes / no / yes / yes / yes / yes / yes / yes / yes / yes / yes / yes / yes / yes / yes /,220,False,True,yes,True,True,< 1 (uncertain),<= 512 (normal)
213,Are acceptance rates of a national preventive home visit programme for older people socially imbalanced?,yes,yes,True,17.0715,16.3388,15.5338,0.7327,yes / no / maybe yes / no / yes / no / yes / yes / yes / yes / yes / yes / yes / yes /,279,False,True,yes,True,True,< 1 (uncertain),<= 512 (normal)
214,Increased neutrophil migratory activity after major trauma: a factor in the etiology of acute respiratory distress syndrome?,yes,yes,True,15.6101,15.131,14.1158,0.4791,yes / no / maybe yes / no.,414,False,True,yes,True,True,< 1 (uncertain),<= 512 (normal)
215,"Do improvements in outreach, clinical, and family and community-based services predict improvements in child survival?",yes,yes,True,17.186,16.7862,15.3127,0.3998,yes / no / maybe / no / yes / yes / yes / yes / yes / yes / yes / yes / yes / yes / yes,383,False,True,yes,True,True,< 1 (uncertain),<= 512 (normal)
216,Vertical lines in distal esophageal mucosa (VLEM): a true endoscopic manifestation of esophagitis in children?,yes,yes,True,16.0155,15.7224,14.2587,0.2931,yes / no / maybe yes / no / yes / yes / yes / yes / yes / yes / yes / yes / yes / yes /,262,False,True,yes,True,True,< 1 (uncertain),<= 512 (normal)
217,An HIV1/2 point of care test on sputum for screening TB/HIV co-infection in Central India - Will it work?,yes,yes,True,17.5753,17.2708,16.0965,0.3045,yes / no / maybe yes / no / yes / no / yes / no / yes / yes / no / yes / yes / no /,241,False,True,yes,True,True,< 1 (uncertain),<= 512 (normal)
218,Is crime associated with over-the-counter pharmacy syringe sales?,yes,yes,True,17.9714,17.4336,15.7215,0.5378,yes / no / maybe / yes / no / yes / yes / yes / yes / yes / yes / yes / yes / yes / yes,272,False,True,yes,True,True,< 1 (uncertain),<= 512 (normal)
219,Colorectal cancer in young patients: is it a distinct clinical entity?,yes,no,False,15.8359,16.1867,14.6156,0.3508,no / yes / yes / no / yes / yes / yes / yes / yes / yes / yes / yes / yes / yes / yes /,339,False,True,no,True,True,< 1 (uncertain),<= 512 (normal)
220,Does evidence-based practice improve patient outcomes?,yes,yes,True,16.0442,15.9613,14.6574,0.0829,yes / no / no / yes / yes / yes / yes / yes / yes / yes / yes / yes / yes / yes / yes /,370,False,True,yes,True,True,< 1 (uncertain),<= 512 (normal)
221,Can the prognosis of polymyalgia rheumatica be predicted at disease onset?,yes,no,False,16.2088,16.5906,14.879,0.3818,no / yes / yes / no / yes / yes / yes / yes / yes / yes / yes / yes / yes / yes / yes /,363,False,True,no,True,True,< 1 (uncertain),<= 512 (normal)
222,Does prior benign prostate biopsy predict outcome for patients treated with radical perineal prostatectomy?,yes,no,False,16.3755,16.58,14.615,0.2045,no / yes / yes / yes / yes / yes / yes / yes / yes / yes / yes / yes / yes / yes / yes /,306,False,True,no,True,True,< 1 (uncertain),<= 512 (normal)
223,Is the Distance Worth It?,yes,yes,True,16.5072,16.0889,14.7789,0.4183,yes / no / maybe / no / yes / yes / yes / yes.,399,False,True,yes,True,True,< 1 (uncertain),<= 512 (normal)
224,Treatment as prevention in resource-limited settings: is it feasible to maintain HIV viral load suppression over time?,yes,no,False,15.5337,15.7647,14.2478,0.231,no / yes / yes / yes / yes / yes / yes / yes / yes / yes / yes / yes / yes / yes / yes /,335,False,True,no,True,True,< 1 (uncertain),<= 512 (normal)
225,Does head positioning influence anterior chamber depth in pseudoexfoliation syndrome?,yes,yes,True,15.6712,15.1922,13.6396,0.479,yes / no / maybe yes / no / maybe yes / no / yes / yes / yes / yes / yes / yes / yes /,255,False,True,yes,True,True,< 1 (uncertain),<= 512 (normal)
226,Are intraoperative precursor events associated with postoperative major adverse events?,yes,yes,True,15.9464,15.5831,14.3794,0.3633,yes / no / no / yes / yes / yes / yes / yes / yes / yes / yes / yes / yes / yes / yes /,315,False,True,yes,True,True,< 1 (uncertain),<= 512 (normal)
227,Transient tachypnea of the newborn (TTN): a role for polymorphisms in the beta-adrenergic receptor (ADRB) encoding genes?,yes,yes,True,16.0034,15.0492,13.8478,0.9542,yes / no / maybe yes / no / maybe yes / no / yes / yes / yes / yes / yes / yes / yes /,253,False,True,yes,True,True,< 1 (uncertain),<= 512 (normal)
228,Could ADMA levels in young adults born preterm predict an early endothelial dysfunction?,yes,yes,True,16.1296,15.3876,13.9679,0.742,yes / no / maybe yes / no / yes / no / yes / yes / yes / yes / yes / yes / yes / yes /,309,False,True,yes,True,True,< 1 (uncertain),<= 512 (normal)
229,Informed consent for total hip arthroplasty: does a written information sheet improve recall by patients?,yes,yes,True,17.272,16.9173,15.7273,0.3547,yes / no / maybe yes / no / yes / no / yes / no / yes / no / yes / no / yes / no /,165,False,True,yes,True,True,< 1 (uncertain),<= 512 (normal)
230,Quaternary cytoreductive surgery in ovarian cancer: does surgical effort still matter?,yes,yes,True,15.5757,15.4492,13.9212,0.1265,yes / no / no / yes / no / yes / no / yes / no / yes / no / yes / no / yes / no /,417,False,True,yes,True,True,< 1 (uncertain),<= 512 (normal)
231,Can a Novel Surgical Approach to the Temporomandibular Joint Improve Access and Reduce Complications?,yes,yes,True,16.1872,15.5608,14.5852,0.6264,yes / no / maybe yes / no / maybe yes / no / yes / yes / yes / yes / yes / yes / yes /,183,False,True,yes,True,True,< 1 (uncertain),<= 512 (normal)
232,Hepatic arterial embolization for unresectable hepatocellular carcinomas: do technical factors affect prognosis?,yes,no,False,16.3708,16.443,14.5745,0.0722,no / yes / yes / yes.,314,False,True,no,True,True,< 1 (uncertain),<= 512 (normal)
233,Is plate clearing a risk factor for obesity?,yes,yes,True,16.9088,16.5058,15.1968,0.403,yes / no / maybe yes / no / yes / yes / yes / yes / yes / yes / yes / yes / yes yes yes yes,190,False,True,yes,True,True,< 1 (uncertain),<= 512 (normal)
234,Outcomes of severely injured adult trauma patients in an Australian health service: does trauma center level make a difference?,yes,yes,True,16.5104,16.1978,15.4788,0.3126,yes / no / maybe / no / yes / yes / yes / yes / yes / yes / yes / yes / yes / yes / yes,318,False,True,yes,True,True,< 1 (uncertain),<= 512 (normal)
235,Does the lipid-lowering peroxisome proliferator-activated receptors ligand bezafibrate prevent colon cancer in patients with coronary artery disease?,yes,yes,True,15.9728,15.801,14.0949,0.1718,yes / no / maybe yes / no / yes / no / yes / yes / yes / yes / yes / yes / yes / yes /,409,False,True,yes,True,True,< 1 (uncertain),<= 512 (normal)
236,Serum angiotensin-converting enzyme and frequency of severe hypoglycaemia in Type 1 diabetes: does a relationship exist?,yes,yes,True,16.7658,16.4147,14.6723,0.3511,yes / no / no / yes / yes / yes / yes / yes / yes / yes / yes / yes / yes / yes / yes /,325,False,True,yes,True,True,< 1 (uncertain),<= 512 (normal)
237,Hypotension in patients with coronary disease: can profound hypotensive events cause myocardial ischaemic events?,yes,yes,True,16.5897,16.2281,15.2626,0.3616,yes / no / no / yes / no / yes / yes / yes / yes / yes / yes / yes yes yes yes yes yes yes yes,328,False,True,yes,True,True,< 1 (uncertain),<= 512 (normal)
238,Measuring hospital mortality rates: are 30-day data enough?,yes,yes,True,16.6503,15.602,15.1097,1.0483,yes / no / maybe.,297,False,False,yes,True,True,1–2,<= 512 (normal)
239,Is the ability to perform transurethral resection of the prostate influenced by the surgeon's previous experience?,yes,no,False,14.9534,15.0238,14.0819,0.0704,no yes / no yes / no yes / no yes / no yes / no yes / no yes / no yes / no yes / no yes /,287,False,True,no,True,True,< 1 (uncertain),<= 512 (normal)
240,"Syncope during bathing in infants, a pediatric form of water-induced urticaria?",yes,yes,True,14.6821,14.3049,13.5505,0.3772,yes / no / maybe yes / no.,248,False,True,yes,True,True,< 1 (uncertain),<= 512 (normal)
241,Do women residents delay childbearing due to perceived career threats?,yes,yes,True,16.8853,16.5754,15.1651,0.3099,yes / no / maybe / yes / no / yes / yes / yes / yes / yes / yes / yes / yes / yes / yes,297,False,True,yes,True,True,< 1 (uncertain),<= 512 (normal)
242,Is trabecular bone related to primary stability of miniscrews?,yes,yes,True,15.3573,14.5992,13.6621,0.7581,yes / no / maybe yes / no / yes / yes / yes / yes / yes / yes / yes / yes / yes / yes /,261,False,True,yes,True,True,< 1 (uncertain),<= 512 (normal)
243,Acute respiratory distress syndrome in children with malignancy--can we predict outcome?,yes,yes,True,15.8733,15.317,14.0592,0.5563,yes / no / maybe yes / no / yes / yes / yes / yes / yes / yes / yes / yes / yes / yes /,208,False,True,yes,True,True,< 1 (uncertain),<= 512 (normal)
244,"Neoadjuvant Imatinib in Locally Advanced Gastrointestinal stromal Tumours, Will Kit Mutation Analysis Be a Pathfinder?",yes,no,False,14.6868,14.9355,14.2958,0.2487,no yes / no yes / no yes / no yes / no yes / no yes / no yes / no yes yes yes yes yes yes yes yes,378,False,True,no,True,True,< 1 (uncertain),<= 512 (normal)
245,Is obesity a risk factor for wheezing among adolescents?,yes,yes,True,16.9031,16.7722,15.1638,0.1309,yes / no / no / yes / yes / yes.,398,False,True,yes,True,True,< 1 (uncertain),<= 512 (normal)
246,Could ESC (Electronic Stability Control) change the way we drive?,yes,no,False,16.0076,16.4475,15.6778,0.4398,no / yes / no / yes / yes / yes / yes / yes / yes / yes / yes / yes / yes / yes / yes /,333,False,True,no,True,True,< 1 (uncertain),<= 512 (normal)
247,Does a geriatric oncology consultation modify the cancer treatment plan for elderly patients?,yes,yes,True,15.7528,15.3351,14.4972,0.4177,yes / no / no / yes / no / yes / yes / yes / yes / yes / yes / yes / yes / yes / yes /,270,False,True,yes,True,True,< 1 (uncertain),<= 512 (normal)
248,Can students' scores on preclerkship clinical performance examinations predict that they will fail a senior clinical performance examination?,yes,yes,True,17.0991,16.5894,15.3449,0.5096,yes / no / maybe yes / no / yes / yes / yes / yes.,281,False,True,yes,True,True,< 1 (uncertain),<= 512 (normal)
249,Adults with mild intellectual disabilities: can their reading comprehension ability be improved?,yes,yes,True,15.9585,15.1682,14.8364,0.7904,yes / no / maybe.,369,False,True,yes,True,True,< 1 (uncertain),<= 512 (normal)
250,Can nurse-led preoperative education reduce anxiety and postoperative complications of patients undergoing cardiac surgery?,yes,yes,True,16.0929,15.9089,14.2587,0.1841,yes / no / no / yes / no / yes / yes / yes / yes / yes / yes / yes / yes / yes / yes /,305,False,True,yes,True,True,< 1 (uncertain),<= 512 (normal)
251,Is there a relationship between homocysteine and vitiligo?,yes,yes,True,15.3369,15.2562,14.2665,0.0806,yes / no / maybe yes / no / yes / no / yes / no / yes / yes / no / yes / yes / yes /,456,False,True,yes,True,True,< 1 (uncertain),<= 512 (normal)
252,Does para-cervical block offer additional advantages in abortion induction with gemeprost in the 2nd trimester?,yes,no,False,14.651,14.8234,13.4371,0.1725,no yes / no / maybe yes / no / yes / no / yes / no / yes / no / yes / no / yes / no,352,False,True,no,True,True,< 1 (uncertain),<= 512 (normal)
253,Is a 9-month treatment sufficient in tuberculous enterocolitis?,yes,no,False,15.1935,15.7689,14.623,0.5753,no / yes / yes.,259,False,True,no,True,True,< 1 (uncertain),<= 512 (normal)
254,Reporting and interpreting red blood cell morphology: is there discordance between clinical pathologists and clinicians?,yes,yes,True,15.8276,15.6209,14.6626,0.2067,yes / no / maybe / no / yes / no / yes / yes / yes / yes / yes / yes / yes / yes / yes,286,False,True,yes,True,True,< 1 (uncertain),<= 512 (normal)
255,The inverse equity hypothesis: does it apply to coverage of cancer screening in middle-income countries?,yes,yes,True,17.4803,16.6208,16.3429,0.8595,yes / no / maybe / yes / no / yes / yes / yes / yes / yes / yes / yes / yes / yes / yes,312,False,True,yes,True,True,< 1 (uncertain),<= 512 (normal)
256,Menopausal hormone therapy and irregular endometrial bleeding: a potential role for uterine natural killer cells?,yes,no,False,15.5578,15.6394,14.8064,0.0815,no / yes / yes / yes / yes / yes / yes / yes / yes / yes / yes / yes / yes / yes / yes /,273,False,True,no,True,True,< 1 (uncertain),<= 512 (normal)
257,Can we ease the financial burden of colonoscopy?,yes,yes,True,16.2971,15.9002,15.1394,0.3969,yes / no / maybe / no / yes / no / yes / yes / yes / yes / yes / yes / yes / yes / yes,328,False,True,yes,True,True,< 1 (uncertain),<= 512 (normal)
258,Does open access publishing increase the impact of scientific articles?,yes,yes,True,16.9012,16.739,15.3006,0.1622,yes / no / maybe yes / no / yes / yes / yes / yes / yes / yes / yes / yes / yes / yes /,340,False,True,yes,True,True,< 1 (uncertain),<= 512 (normal)
259,Can biofeedback training of psychophysiological responses enhance athletes' sport performance?,yes,yes,True,15.5994,14.8691,14.0839,0.7303,yes / no / maybe yes / no / maybe yes / no / maybe yes / no / maybe yes / no / yes /,414,False,True,yes,True,True,< 1 (uncertain),<= 512 (normal)
260,Are patients willing participants in the new wave of community-based medical education in regional and rural Australia?,yes,no,False,15.9384,15.9704,14.5379,0.032,no / yes / yes / yes / yes / yes / yes / yes / yes / yes / yes / yes / yes / yes / yes /,240,False,True,no,True,True,< 1 (uncertain),<= 512 (normal)
261,Are pectins involved in cold acclimation and de-acclimation of winter oil-seed rape plants?,yes,yes,True,14.8066,13.5665,13.1428,1.2401,yes / no / maybe yes / yes / yes / yes / yes / yes / yes / yes / yes / yes / yes / yes /,241,False,False,yes,True,True,1–2,<= 512 (normal)
262,The HELPP syndrome--evidence of a possible systemic inflammatory response in pre-eclampsia?,yes,yes,True,15.2273,14.1314,13.234,1.0959,yes / no / maybe yes / no / yes / no / yes / yes / yes / yes / yes / yes / yes / yes /,349,False,False,yes,True,True,1–2,<= 512 (normal)
263,Optimism and survival: does an optimistic outlook predict better survival at advanced ages?,yes,yes,True,18.2466,17.9241,16.3949,0.3224,yes / no / maybe yes / no / yes / yes / yes / yes / yes / yes / yes / yes / yes / yes /,361,False,True,yes,True,True,< 1 (uncertain),<= 512 (normal)
264,Is combined therapy more effective than growth hormone or hyperbaric oxygen alone in the healing of left ischemic and non-ischemic colonic anastomoses?,yes,yes,True,15.3737,14.859,13.3844,0.5146,yes / no / maybe yes / no / yes / yes / yes / yes / yes / yes / yes / yes / yes / yes /,308,False,True,yes,True,True,< 1 (uncertain),<= 512 (normal)
265,The promise of specialty pharmaceuticals: are they worth the price?,yes,yes,True,16.8521,14.5108,14.1814,2.3413,yes / no / maybe yes / no.,250,False,False,yes,True,True,2–5,<= 512 (normal)
266,A comparison of 500 prefilled textured saline breast implants versus 500 standard textured saline breast implants: is there a difference in deflation rates?,yes,yes,True,17.1713,16.1418,15.0018,1.0295,yes / no / maybe yes / no / yes / no / yes / yes / no / yes / yes / yes / yes / yes /,363,False,False,yes,True,True,1–2,<= 512 (normal)
267,Is withdrawal-induced anxiety in alcoholism based on beta-endorphin deficiency?,yes,yes,True,16.1977,15.4598,15.2545,0.7378,yes / no.,377,False,True,yes,True,True,< 1 (uncertain),<= 512 (normal)
268,Cardiac reoperations in octogenarians: Do they really benefit?,yes,yes,True,15.9435,14.8907,13.3006,1.0529,yes / no / maybe yes / no / yes / no / yes / yes / yes / yes / yes / yes / yes / yes /,315,False,False,yes,True,True,1–2,<= 512 (normal)
269,Is first-line single-agent mitoxantrone in the treatment of high-risk metastatic breast cancer patients as effective as combination chemotherapy?,yes,no,False,15.5308,15.639,14.1755,0.1082,no / yes / yes.,320,False,True,no,True,True,< 1 (uncertain),<= 512 (normal)
270,Can clinical supervision sustain our workforce in the current healthcare landscape?,yes,yes,True,17.5071,17.2386,15.3678,0.2685,yes / no / maybe / no / yes / no / yes / yes / yes / yes / yes / yes / yes / yes / yes,365,False,True,yes,True,True,< 1 (uncertain),<= 512 (normal)
271,Can distal ureteral diameter predict reflux resolution after endoscopic injection?,yes,yes,True,15.574,15.5408,13.5932,0.0332,yes / no / no / yes / yes / yes / yes / yes / yes / yes / yes / yes / yes / yes / yes /,300,False,True,yes,True,True,< 1 (uncertain),<= 512 (normal)
272,Is lumbar drainage of postoperative cerebrospinal fluid fistula after spine surgery effective?,yes,no,False,15.2619,15.2953,13.6729,0.0334,no / yes / yes / no / yes / yes / yes / yes / yes / yes / yes / yes / yes / yes / yes /,169,False,True,no,True,True,< 1 (uncertain),<= 512 (normal)
273,Assessing joint line positions by means of the contralateral knee: a new approach for planning knee revision surgery?,yes,yes,True,16.2739,15.0175,13.8536,1.2564,yes / no / maybe yes / no / yes / no / maybe yes / no / yes / no / yes / no / yes /,230,False,False,yes,True,True,1–2,<= 512 (normal)
274,Can myometrial electrical activity identify patients in preterm labor?,yes,yes,True,15.7755,15.3062,13.3815,0.4693,yes / no / no / yes / yes / yes / yes / yes / yes / yes / yes / yes / yes / yes / yes /,228,False,True,yes,True,True,< 1 (uncertain),<= 512 (normal)
275,Does the Transmissible Liability Index (TLI) assessed in late childhood predict suicidal symptoms at young adulthood?,yes,yes,True,17.7521,16.5091,15.2625,1.243,yes / no / maybe yes / no.,241,False,False,yes,True,True,1–2,<= 512 (normal)
276,Does strategy training reduce age-related deficits in working memory?,no,yes,False,17.1372,15.712,15.0513,1.4252,yes / yes / yes / yes / yes / yes / yes / yes / yes / yes / yes / yes / yes / yes / yes /,291,False,False,yes,True,True,1–2,<= 512 (normal)
277,Does the sex of acute stroke patients influence the effectiveness of rt-PA?,no,yes,False,16.0126,15.7549,13.951,0.2576,yes / no / maybe yes / no / yes / yes / yes / yes / yes / yes / yes / yes / yes / yes /,366,False,True,yes,True,True,< 1 (uncertain),<= 512 (normal)
278,Does the early adopter of drugs exist?,no,yes,False,16.6976,15.9444,15.1169,0.7532,yes / no / maybe yes / no.,286,False,True,yes,True,True,< 1 (uncertain),<= 512 (normal)
279,Can 'high-risk' human papillomaviruses (HPVs) be detected in human breast milk?,no,no,True,15.4038,15.6009,14.3706,0.1971,no yes / no yes / no yes / no yes / no yes / no yes / no yes / no yes / no yes yes / no yes,108,False,True,no,True,True,< 1 (uncertain),<= 512 (normal)
280,Is nasogastric decompression useful in prevention of leaks after laparoscopic sleeve gastrectomy?,no,no,True,15.0009,15.1339,13.5465,0.133,no / yes / yes / no / yes / yes / yes / yes / yes / yes / yes / yes / yes / yes / yes /,313,False,True,no,True,True,< 1 (uncertain),<= 512 (normal)
281,"Regional anesthesia as compared with general anesthesia for surgery in geriatric patients with hip fracture: does it decrease morbidity, mortality, and health care costs?",no,yes,False,15.7104,15.6346,14.2652,0.0757,yes / no / no / yes / yes / yes / yes / yes / yes / yes / yes / yes / yes / yes / yes /,316,False,True,yes,True,True,< 1 (uncertain),<= 512 (normal)
282,Double reading of barium enemas: is it necessary?,no,no,True,16.9967,17.0183,14.6509,0.0216,no / yes / yes / yes / yes / yes / yes / yes / yes / yes / yes / yes / yes / yes / yes /,365,False,True,no,True,True,< 1 (uncertain),<= 512 (normal)
283,"Is there any evidence of a ""July effect"" in patients undergoing major cancer surgery?",no,yes,False,16.1074,15.9558,14.1648,0.1516,yes / no / no / yes / yes / yes / yes / yes / yes / yes / yes / yes / yes / yes / yes /,282,False,True,yes,True,True,< 1 (uncertain),<= 512 (normal)
284,Characterization of the gender dimorphism after injury and hemorrhagic shock: are hormonal differences responsible?,no,yes,False,16.2957,15.6736,14.2359,0.6221,yes / no / no / yes / yes / yes / yes / yes / yes / yes / yes / yes / yes / yes / yes /,316,False,True,yes,True,True,< 1 (uncertain),<= 512 (normal)
285,Cardiogenic shock complicating acute myocardial infarction in elderly patients: does admission to a tertiary center improve survival?,no,yes,False,16.7289,16.4882,15.172,0.2407,yes / no / maybe yes / no / yes / yes / yes / yes / yes / yes / yes / yes yes yes yes yes yes,317,False,True,yes,True,True,< 1 (uncertain),<= 512 (normal)
286,Sub-classification of low-grade cerebellar astrocytoma: is it clinically meaningful?,no,yes,False,16.1532,15.521,13.9015,0.6322,yes / no / maybe yes / no.,247,False,True,yes,True,True,< 1 (uncertain),<= 512 (normal)
287,Department of Transportation vs self-reported data on motor vehicle collisions and driving convictions for stroke survivors: do they agree?,no,yes,False,16.8683,16.5333,15.1914,0.335,yes / no / maybe / yes / no / yes / yes / yes / yes / yes / yes / yes / yes / yes / yes,329,False,True,yes,True,True,< 1 (uncertain),<= 512 (normal)
288,Cholesterol screening in school children: is family history reliable to choose the ones to screen?,no,yes,False,16.0948,15.5951,14.5798,0.4997,yes / no / maybe yes / no / yes / no / yes / yes / yes / yes / yes / yes / yes / yes /,157,False,True,yes,True,True,< 1 (uncertain),<= 512 (normal)
289,Did the call for boycott by the Catholic bishops affect the polio vaccination coverage in Kenya in 2015?,no,no,True,15.9066,16.5467,14.5782,0.6401,no / yes / yes / yes / yes / yes / yes / yes / yes / yes / yes / yes / yes / yes / yes /,314,False,True,no,True,True,< 1 (uncertain),<= 512 (normal)
290,Does early discharge with nurse home visits affect adequacy of newborn metabolic screening?,no,yes,False,16.5043,15.8571,14.4696,0.6472,yes / no / maybe yes / no / yes / yes / yes / yes / yes / yes / yes / yes / yes / yes /,318,False,True,yes,True,True,< 1 (uncertain),<= 512 (normal)
291,Is alexithymia a risk factor for unexplained physical symptoms in general medical outpatients?,no,no,True,15.605,16.1357,13.9303,0.5308,no yes / no / yes / yes / yes / yes / yes / yes / yes / yes / yes / yes / yes / yes / yes,252,False,True,no,True,True,< 1 (uncertain),<= 512 (normal)
292,Are sports medicine journals relevant and applicable to practitioners and athletes?,no,yes,False,16.6261,15.7748,14.9222,0.8513,yes / no / maybe yes / no.,132,False,True,yes,True,True,< 1 (uncertain),<= 512 (normal)
293,Does quantitative left ventricular regional wall motion change after fibrous tissue resection in endomyocardial fibrosis?,no,yes,False,15.0866,14.9706,13.6764,0.116,yes / no / maybe / no / yes / no / yes / yes / yes / yes / yes / yes / yes / yes / yes,295,False,True,yes,True,True,< 1 (uncertain),<= 512 (normal)
294,Does gestational age misclassification explain the difference in birthweights for Australian aborigines and whites?,no,yes,False,16.1589,14.9627,14.7262,1.1963,yes / no / maybe.,237,False,False,yes,True,True,1–2,<= 512 (normal)
295,Utility of unenhanced fat-suppressed T1-weighted MRI in children with sickle cell disease -- can it differentiate bone infarcts from acute osteomyelitis?,no,no,True,15.3219,15.799,13.8479,0.4771,no / yes / yes / no / yes / yes / yes / yes / yes / yes / yes / yes / yes / yes / yes /,339,False,True,no,True,True,< 1 (uncertain),<= 512 (normal)
296,Do African American women require fewer calories to maintain weight?,no,yes,False,16.5982,15.7376,13.8357,0.8606,yes / no / no / yes / yes / yes / yes / yes / yes / yes / yes / yes / yes / yes / yes /,349,False,True,yes,True,True,< 1 (uncertain),<= 512 (normal)
297,The use of audit to identify maternal mortality in different settings: is it just a difference between the rich and the poor?,no,yes,False,15.9845,15.7642,15.8179,0.1665,yes / no / maybe / no.,266,False,True,yes,True,True,< 1 (uncertain),<= 512 (normal)
298,Are wandering and physically nonaggressive agitation equivalent?,no,yes,False,17.5146,16.1319,14.999,1.3828,yes / no / maybe yes / no.,227,False,False,yes,True,True,1–2,<= 512 (normal)
299,Is the covering of the resection margin after distal pancreatectomy advantageous?,no,yes,False,15.3212,14.7418,12.7555,0.5795,yes / no / no / yes / no / yes / yes / yes / yes / yes / yes / yes / yes / yes / yes /,437,False,True,yes,True,True,< 1 (uncertain),<= 512 (normal)
300,Does continuous intravenous infusion of low-concentration epinephrine impair uterine blood flow in pregnant ewes?,no,no,True,14.6023,14.8009,13.1019,0.1987,no / yes / yes / yes / yes / yes / yes / yes / yes / yes / yes / yes / yes / yes / yes /,254,False,True,no,True,True,< 1 (uncertain),<= 512 (normal)
301,Do healthier lifestyles lead to less utilization of healthcare resources?,no,yes,False,16.2631,15.9883,14.2259,0.2748,yes / no / maybe yes / no / yes / yes / yes / yes / yes / yes / yes / yes / yes / yes /,259,False,True,yes,True,True,< 1 (uncertain),<= 512 (normal)
302,Do risk factors for suicidal behavior differ by affective disorder polarity?,no,yes,False,16.4687,15.9193,15.0654,0.5494,yes / no / no.,279,False,True,yes,True,True,< 1 (uncertain),<= 512 (normal)
303,Thrombosis prophylaxis in hospitalised medical patients: does prophylaxis in all patients make sense?,no,yes,False,17.5927,16.3327,14.7088,1.26,yes / no / maybe yes / no / yes / yes / yes / yes / yes / yes / yes / yes / yes / yes /,199,False,False,yes,True,True,1–2,<= 512 (normal)
304,Is late-night salivary cortisol a better screening test for possible cortisol excess than standard screening tests in obese patients with Type 2 diabetes?,no,yes,False,16.9749,16.6347,15.0309,0.3402,yes / no / maybe yes / no / yes / no / yes / yes / yes / yes / yes / yes / yes / yes /,259,False,True,yes,True,True,< 1 (uncertain),<= 512 (normal)
305,Does escalation of the apical dose change treatment outcome in beta-radiation of posterior choroidal melanomas with 106Ru plaques?,no,yes,False,15.0819,14.8223,13.1746,0.2596,yes / no / maybe yes / no.,247,False,True,yes,True,True,< 1 (uncertain),<= 512 (normal)
306,Estradiol and Antagonist Pretreatment Prior to Microdose Leuprolide in in Vitro Fertilization. Does It Improve IVF Outcomes in Poor Responders as Compared to Oral Contraceptive Pill?,no,yes,False,16.0852,15.4192,14.4199,0.666,yes / no / no / maybe yes / no / yes / no / yes / yes / no / yes / yes / yes / yes /,251,False,True,yes,True,True,< 1 (uncertain),<= 512 (normal)
307,Do risk calculators accurately predict surgical site occurrences?,no,yes,False,16.6652,15.7845,14.0715,0.8807,yes / no / maybe yes / no / yes / yes / yes / yes / yes / yes / yes / yes / yes / yes /,551,False,True,yes,True,True,< 1 (uncertain),> 512 (long)
308,Is diffusion-weighted imaging a significant indicator of the development of vascularization in hypovascular hepatocellular lesions?,no,yes,False,16.203,16.036,14.1795,0.1671,yes / no / maybe yes / no.,160,False,True,yes,True,True,< 1 (uncertain),<= 512 (normal)
309,Does confined placental mosaicism account for adverse perinatal outcomes in IVF pregnancies?,no,yes,False,16.6009,16.2075,15.0175,0.3934,yes / no / maybe yes / no / yes / no / yes / yes / yes / yes / yes / yes / yes / yes /,297,False,True,yes,True,True,< 1 (uncertain),<= 512 (normal)
310,Do elderly cancer patients have different care needs compared with younger ones?,no,yes,False,16.9788,15.8054,15.3169,1.1734,yes / no / maybe yes / no / maybe no / yes / yes / yes / yes / yes / yes / yes / yes /,259,False,False,yes,True,True,1–2,<= 512 (normal)
311,Does increased nerve length within the treatment volume improve trigeminal neuralgia radiosurgery?,no,yes,False,15.7332,15.4206,13.1456,0.3126,yes / no / no / yes / yes / yes / yes / yes / yes / yes / yes / yes / yes / yes / yes /,277,False,True,yes,True,True,< 1 (uncertain),<= 512 (normal)
312,Amblyopia: is visual loss permanent?,no,yes,False,15.7189,15.5246,13.8273,0.1942,yes / no / maybe yes / no.,195,False,True,yes,True,True,< 1 (uncertain),<= 512 (normal)
313,Are physicians meeting the needs of family caregivers of the frail elderly?,no,yes,False,15.7118,15.545,14.8512,0.1667,yes / no / maybe / no / yes / no / yes / yes / yes / yes / yes / yes / yes / yes / yes,220,False,True,yes,True,True,< 1 (uncertain),<= 512 (normal)
314,Will CT ordering practices change if we educate residents about the potential effects of radiation exposure?,no,yes,False,15.56,15.0696,14.5802,0.4904,yes / no / maybe / no / yes / no / yes / yes / yes / yes / yes / yes / yes / yes / yes,298,False,True,yes,True,True,< 1 (uncertain),<= 512 (normal)
315,Is arch form influenced by sagittal molar relationship or Bolton tooth-size discrepancy?,no,yes,False,15.2875,14.8783,13.7211,0.4092,yes / no / maybe yes / no / yes / yes / yes / yes / yes / yes / yes / yes / yes / yes /,178,False,True,yes,True,True,< 1 (uncertain),<= 512 (normal)
316,Are the long-term results of the transanal pull-through equal to those of the transabdominal pull-through?,no,yes,False,16.0335,15.8635,14.5185,0.1701,yes / no / maybe yes / no / yes / no.,332,False,True,yes,True,True,< 1 (uncertain),<= 512 (normal)
317,Should temperature be monitorized during kidney allograft preservation?,no,yes,False,14.4222,13.9614,13.9636,0.4586,yes / no / maybe yes / no.,291,False,True,yes,True,True,< 1 (uncertain),<= 512 (normal)
318,Should all human immunodeficiency virus-infected patients with end-stage renal disease be excluded from transplantation?,no,yes,False,16.1905,15.8536,15.455,0.3369,yes / no / maybe yes / maybe no / maybe no / maybe yes / maybe no / maybe yes / maybe,250,False,True,yes,True,True,< 1 (uncertain),<= 512 (normal)
319,Does minimal access major surgery in the newborn hurt less?,no,yes,False,15.2022,14.9798,14.7626,0.2224,yes / no / maybe yes / no / maybe yes / no / yes / no / yes / no / yes / no / yes /,330,False,True,yes,True,True,< 1 (uncertain),<= 512 (normal)
320,Does increased patient awareness improve accrual into cancer-related clinical trials?,no,yes,False,16.1605,15.9872,15.0364,0.1733,yes / no / no / maybe / no / yes / no / yes / no / yes / yes / no / yes / yes / no,227,False,True,yes,True,True,< 1 (uncertain),<= 512 (normal)
321,Continuity of care experience of residents in an academic vascular department: are trainees learning complete surgical care?,no,yes,False,16.8209,16.5312,14.6899,0.2897,yes / no / maybe yes / no / yes / no / yes / yes / yes / yes / yes / yes / yes / yes /,404,False,True,yes,True,True,< 1 (uncertain),<= 512 (normal)
322,Health habits and vaccination status of Lebanese residents: are future doctors applying the rules of prevention?,no,yes,False,15.7933,15.4516,13.775,0.3417,yes / no / maybe / no / yes / no / yes / yes / yes / yes / yes / yes / yes / yes / yes,404,False,True,yes,True,True,< 1 (uncertain),<= 512 (normal)
323,Landolt C and snellen e acuity: differences in strabismus amblyopia?,no,yes,False,15.4841,14.9008,13.9507,0.5833,yes / no / maybe yes / no.,327,False,True,yes,True,True,< 1 (uncertain),<= 512 (normal)
324,The insertion allele of the ACE gene I/D polymorphism. A candidate gene for insulin resistance?,no,yes,False,15.8756,15.2249,13.4683,0.6507,yes / no / maybe yes / no / yes / yes / yes / yes / yes / yes / yes yes yes yes yes yes yes yes,295,False,True,yes,True,True,< 1 (uncertain),<= 512 (normal)
325,Is fetal gender associated with emergency department visits for asthma during pregnancy?,no,no,True,16.0337,16.544,14.3615,0.5103,no / yes / yes / yes / yes / yes / yes / yes / yes / yes / yes / yes / yes / yes / yes /,291,False,True,no,True,True,< 1 (uncertain),<= 512 (normal)
326,Blunt trauma in intoxicated patients: is computed tomography of the abdomen always necessary?,no,yes,False,16.111,15.0869,14.1343,1.0242,yes / no / maybe yes / no / yes / no.,173,False,False,yes,True,True,1–2,<= 512 (normal)
327,Risk factors for avascular necrosis of bone in patients with systemic lupus erythematosus: is there a role for antiphospholipid antibodies?,no,no,True,15.4907,15.6892,13.991,0.1986,no yes / no yes / no yes / no yes / no yes / no yes / no yes / no yes / no yes yes yes yes yes,206,False,True,no,True,True,< 1 (uncertain),<= 512 (normal)
328,Volume change of uterine myomas during pregnancy: do myomas really grow?,no,yes,False,15.9947,15.5557,14.5834,0.4391,yes / no / maybe yes / no / maybe yes / no / yes / yes / yes / yes / yes / yes / yes /,339,False,True,yes,True,True,< 1 (uncertain),<= 512 (normal)
329,Do foreign bodies migrate through the body towards the heart?,no,yes,False,15.1037,14.1938,13.8486,0.9098,yes / no / maybe yes / no / maybe no / yes / no / yes / yes / yes / yes / yes / yes /,217,False,True,yes,True,True,< 1 (uncertain),<= 512 (normal)
330,Does concomitant anterior/apical repair during midurethral sling improve the overactive bladder component of mixed incontinence?,no,no,True,16.0113,16.7156,14.4996,0.7043,no / yes / yes / yes / yes / yes / yes / yes / yes / yes / yes / yes / yes / yes / yes /,361,False,True,no,True,True,< 1 (uncertain),<= 512 (normal)
331,Is hypoalbuminemia an independent prognostic factor in patients with gastric cancer?,no,no,True,16.2708,16.8945,14.5941,0.6238,no yes / no yes / yes yes yes.).,255,False,True,no,True,True,< 1 (uncertain),<= 512 (normal)
332,Is adjustment for reporting heterogeneity necessary in sleep disorders?,no,yes,False,16.9458,15.169,14.6334,1.7768,yes / no / maybe yes / no / yes / yes / yes / yes / yes / yes / yes / yes yes yes yes yes yes,306,False,False,yes,True,True,1–2,<= 512 (normal)
333,Can the growth rate of a gallbladder polyp predict a neoplastic polyp?,no,no,True,15.9079,16.2604,14.8593,0.3526,no / yes / yes / yes / yes.,272,False,True,no,True,True,< 1 (uncertain),<= 512 (normal)
334,Preoperative locoregional staging of gastric cancer: is there a place for magnetic resonance imaging?,no,no,True,16.3218,16.7372,14.6671,0.4154,no yes / no yes / yes yes / no / yes / yes / yes / yes / yes / yes / yes / yes / yes / yes,332,False,True,no,True,True,< 1 (uncertain),<= 512 (normal)
335,Are hepatitis G virus and TT virus involved in cryptogenic chronic liver disease?,no,no,True,15.4107,15.5991,13.3767,0.1884,no yes / no yes / no yes / no yes / no yes / no yes / no yes yes yes yes yes yes yes yes yes yes yes,366,False,True,no,True,True,< 1 (uncertain),<= 512 (normal)
336,Are patients with Werlhof's disease at increased risk for bleeding complications when undergoing cardiac surgery?,no,yes,False,15.4681,15.2111,14.2794,0.257,yes / no / maybe yes / no / yes / no / yes / yes / no / yes / yes / yes / yes / yes /,395,False,True,yes,True,True,< 1 (uncertain),<= 512 (normal)
337,Does Mammographic Density have an Impact on the Margin Re-excision Rate After Breast-Conserving Surgery?,no,no,True,15.5118,15.5461,13.7684,0.0342,no yes / no yes / yes yes / no.,385,False,True,no,True,True,< 1 (uncertain),<= 512 (normal)
338,Are UK radiologists satisfied with the training and support received in suspected child abuse?,no,no,True,15.9752,16.069,15.2665,0.0938,no / yes / yes / yes / yes / yes / yes / yes / yes / yes / yes / yes / yes / yes / yes /,207,False,True,no,True,True,< 1 (uncertain),<= 512 (normal)
339,Do oblique views add value in the diagnosis of spondylolysis in adolescents?,no,yes,False,16.5119,15.8094,15.5228,0.7025,yes / no / maybe / yes / no / yes / yes / yes / yes / yes / yes / yes / yes / yes / yes,470,False,True,yes,True,True,< 1 (uncertain),<= 512 (normal)
340,The clinical significance of bile duct sludge: is it different from bile duct stones?,no,no,True,15.3337,15.9787,14.2727,0.6449,no / yes / yes / no / yes / yes / yes / yes / yes / yes / yes / yes / yes / yes / yes /,313,False,True,no,True,True,< 1 (uncertain),<= 512 (normal)
341,Can bedside assessment reliably exclude aspiration following acute stroke?,no,no,True,16.8422,17.1229,15.8403,0.2807,no yes / yes yes yes.,273,False,True,no,True,True,< 1 (uncertain),<= 512 (normal)
342,Does frozen section alter surgical management of multinodular thyroid disease?,no,no,True,15.3538,15.4035,13.7335,0.0497,no / yes / yes / yes / yes / yes / yes / yes / yes / yes / yes / yes / yes / yes / yes /,217,False,True,no,True,True,< 1 (uncertain),<= 512 (normal)
343,Does type 1 diabetes mellitus affect Achilles tendon response to a 10 km run?,no,yes,False,15.1571,15.1449,13.4989,0.0121,yes / no / maybe yes / no.,273,False,True,yes,True,True,< 1 (uncertain),<= 512 (normal)
344,Are higher rates of depression in women accounted for by differential symptom reporting?,no,yes,False,18.4621,18.2313,16.0284,0.2307,yes / no / maybe / yes / no / yes / yes / yes / yes / yes / yes / yes / yes / yes yes yes,304,False,True,yes,True,True,< 1 (uncertain),<= 512 (normal)
345,Do Indigenous Australians age prematurely?,no,yes,False,15.8776,15.4939,14.739,0.3837,yes / no / maybe yes / no.,203,False,True,yes,True,True,< 1 (uncertain),<= 512 (normal)
346,Adjuvant radiation of stage III thymoma: is it necessary?,no,yes,False,15.5196,15.5015,14.6357,0.0181,yes / no / maybe / no / yes / no / yes / yes / yes / yes / yes / yes / yes / yes / yes,252,False,True,yes,True,True,< 1 (uncertain),<= 512 (normal)
347,Are patients with diabetes receiving the same message from dietitians and nurses?,no,yes,False,16.8712,16.1525,15.1824,0.7188,yes / no / maybe yes / no / maybe no / yes / yes / yes / yes / yes / yes / yes / yes /,205,False,True,yes,True,True,< 1 (uncertain),<= 512 (normal)
348,"Do lipids, blood pressure, diabetes, and smoking confer equal risk of myocardial infarction in women as in men?",no,no,True,16.4766,16.4972,14.2065,0.0206,no / yes / yes / yes / yes / yes / yes / yes / yes / yes / yes / yes / yes / yes yes yes yes,322,False,True,no,True,True,< 1 (uncertain),<= 512 (normal)
349,Diabetes mellitus among Swedish art glass workers--an effect of arsenic exposure?,no,yes,False,17.2245,16.6135,15.4418,0.611,yes / no / maybe yes / no / yes / no / yes / yes / yes / yes / yes / yes / yes / yes /,306,False,True,yes,True,True,< 1 (uncertain),<= 512 (normal)
350,Preoperative staging of patients with liver metastases of colorectal carcinoma. Does PET/CT really add something to multidetector CT?,no,yes,False,14.912,14.3058,14.1478,0.6062,yes / no / no / yes / no / yes / no / yes / no / yes / no / yes / no / yes / no /,275,False,True,yes,True,True,< 1 (uncertain),<= 512 (normal)
351,Epidural analgesia for surgical treatment of peritoneal carcinomatosis: a risky technique?,no,no,True,14.7978,15.1458,13.2964,0.348,no yes / no yes / no.,272,False,True,no,True,True,< 1 (uncertain),<= 512 (normal)
352,Do acute changes in heart rate by isoproterenol affect aortic stiffness in patients with hypertension?,no,yes,False,14.9445,14.8027,13.3245,0.1419,yes / no / no / yes / yes / yes / yes / yes / yes / yes / yes / yes / yes / yes / yes /,364,False,True,yes,True,True,< 1 (uncertain),<= 512 (normal)
353,Totally implantable venous access device placement by interventional radiologists: are prophylactic antibiotics necessary?,no,yes,False,15.9474,15.7693,14.4988,0.1781,yes / no / no / yes / no / yes / yes / yes / yes / yes / yes / yes / yes / yes / yes /,265,False,True,yes,True,True,< 1 (uncertain),<= 512 (normal)
354,Does increasing blood pH stimulate protein synthesis in dialysis patients?,no,no,True,14.7138,14.8759,13.4022,0.1621,no yes / no yes / no yes / no / yes / no / yes / no / yes / yes / no / yes / yes / no,392,False,True,no,True,True,< 1 (uncertain),<= 512 (normal)
355,Necrotizing fasciitis: an indication for hyperbaric oxygenation therapy?,no,yes,False,15.873,15.3494,13.7405,0.5236,yes / no / no / yes / yes / yes / yes / yes / yes / yes / yes / yes / yes / yes / yes /,275,False,True,yes,True,True,< 1 (uncertain),<= 512 (normal)
356,MR arthrography of the shoulder: do we need local anesthesia?,no,no,True,16.184,16.4669,14.5951,0.283,no / yes / yes / no.,419,False,True,no,True,True,< 1 (uncertain),<= 512 (normal)
357,Prognosis of low-tone sudden deafness - does it inevitably progress to Meniere's disease?,no,no,True,15.2371,15.4814,13.9359,0.2443,no / yes / no / yes / yes / yes.,267,False,True,no,True,True,< 1 (uncertain),<= 512 (normal)
358,Is there a relationship between complex fractionated atrial electrograms recorded during atrial fibrillation and sinus rhythm fractionation?,no,no,True,15.4656,16.1703,14.835,0.7047,no yes / no yes / no yes / no yes / no yes / no yes / no yes / no yes / no yes / no yes yes,300,False,True,no,True,True,< 1 (uncertain),<= 512 (normal)
359,Is bicompartmental knee arthroplasty more favourable to knee muscle strength and physical performance compared to total knee arthroplasty?,no,no,True,14.8075,14.8579,13.8679,0.0504,no / yes / yes / yes / yes / yes / yes / yes / yes / yes / yes / yes / yes / yes / yes /,319,False,True,no,True,True,< 1 (uncertain),<= 512 (normal)
360,Does pain intensity predict a poor opioid response in cancer patients?,no,no,True,15.7377,15.8432,13.6943,0.1055,no / yes / yes / yes / yes / yes / yes / yes / yes / yes / yes / yes / yes / yes / yes /,232,False,True,no,True,True,< 1 (uncertain),<= 512 (normal)
361,Does the radiographic transition zone correlate with the level of aganglionosis on the specimen in Hirschsprung's disease?,no,yes,False,15.652,15.0277,14.5248,0.6243,yes / no / maybe yes / no / maybe yes / no / maybe yes / no / maybe yes / no / yes /,253,False,True,yes,True,True,< 1 (uncertain),<= 512 (normal)
362,Serovar specific immunity to Neisseria gonorrhoeae: does it exist?,no,no,True,15.4048,16.0001,15.4299,0.5702,no / yes / yes / yes / yes / yes / yes / yes / yes / yes / yes / yes / yes / yes / yes /,126,False,True,no,True,True,< 1 (uncertain),<= 512 (normal)
363,Is calibration the cause of variation in liquid chromatography tandem mass spectrometry testosterone measurement?,no,yes,False,15.8883,15.4131,14.5844,0.4752,yes / no / maybe / yes / no / yes / yes / yes / yes / yes / yes / yes / yes / yes / yes,248,False,True,yes,True,True,< 1 (uncertain),<= 512 (normal)
364,Internal derangement of the temporomandibular joint: is there still a place for ultrasound?,no,yes,False,15.1155,15.0268,14.5124,0.0888,yes / no / maybe yes / no / maybe yes / no / yes / no / yes / yes / yes / yes / yes /,170,False,True,yes,True,True,< 1 (uncertain),<= 512 (normal)
365,Does delivery mode affect women's postpartum quality of life in rural China?,no,no,True,15.9654,16.4464,15.0086,0.481,no / yes / yes / yes / yes / yes / yes / yes / yes / yes / yes / yes / yes / yes / yes /,301,False,True,no,True,True,< 1 (uncertain),<= 512 (normal)
366,Endovenous laser ablation in the treatment of small saphenous varicose veins: does site of access influence early outcomes?,no,no,True,15.9239,15.9426,14.2639,0.0188,no yes / no yes / yes yes / no / yes / yes / yes / yes / yes / yes / yes / yes / yes / yes,301,False,True,no,True,True,< 1 (uncertain),<= 512 (normal)
367,Is there a role for fondaparinux in perioperative bridging?,no,yes,False,16.0618,14.6562,14.4566,1.4056,yes / no / maybe yes / no.,343,False,False,yes,True,True,1–2,<= 512 (normal)
368,Is it better to be big?,no,yes,False,15.8373,15.4897,15.4882,0.3477,yes / no / maybe yes / no / maybe no / yes / no / yes / yes / yes / yes / yes / yes /,221,False,True,yes,True,True,< 1 (uncertain),<= 512 (normal)
369,Chemotherapy and survival in advanced non-small cell lung carcinoma: is pneumologists' skepticism justified?,no,no,True,16.5686,16.6454,15.2817,0.0768,no yes / no yes / yes yes yes.,412,False,True,no,True,True,< 1 (uncertain),<= 512 (normal)
370,The association of puberty and young adolescent alcohol use: do parents have a moderating role?,no,no,True,17.1657,17.1834,15.1537,0.0177,no yes / yes yes.,210,False,True,no,True,True,< 1 (uncertain),<= 512 (normal)
371,Does increased use of private health care reduce the demand for NHS care?,no,yes,False,17.5672,17.3197,15.8302,0.2476,yes / no / maybe yes / no / yes / yes / yes / yes / yes / yes / yes yes yes yes yes yes yes yes,291,False,True,yes,True,True,< 1 (uncertain),<= 512 (normal)
372,Is decompressive surgery effective for spinal cord sarcoidosis accompanied with compressive cervical myelopathy?,no,yes,False,15.6622,15.3046,13.4352,0.3575,yes / no / maybe yes / no / yes / yes / yes / yes / yes / yes / yes / yes / yes / yes /,362,False,True,yes,True,True,< 1 (uncertain),<= 512 (normal)
373,Does the aggressive use of polyvalent antivenin for rattlesnake bites result in serious acute side effects?,no,yes,False,15.4958,15.4117,13.7885,0.0841,yes / no / maybe / no / yes / yes / yes / yes / yes / yes / yes / yes / yes / yes / yes,446,False,True,yes,True,True,< 1 (uncertain),<= 512 (normal)
374,Does successful completion of the Perinatal Education Programme result in improved obstetric practice?,no,no,True,15.6053,16.0739,14.4851,0.4686,no yes / no.,474,False,True,no,True,True,< 1 (uncertain),<= 512 (normal)
375,Can surgeon familiarization with current evidence lead to a change in practice?,no,no,True,16.2521,16.3072,14.6209,0.0551,no / yes / yes / yes / yes / yes / yes / yes / yes / yes / yes / yes / yes / yes / yes /,262,False,True,no,True,True,< 1 (uncertain),<= 512 (normal)
376,Kell alloimmunization in pregnancy: associated with fetal thrombocytopenia?,no,no,True,15.9181,16.0446,14.7634,0.1266,no yes / no yes / yes yes yes.,241,False,True,no,True,True,< 1 (uncertain),<= 512 (normal)
377,Globulomaxillary cysts--do they really exist?,no,yes,False,14.8586,14.1586,13.1103,0.7,yes / no / maybe yes / no / maybe no / maybe yes / no / maybe yes / no / maybe yes /,212,False,True,yes,True,True,< 1 (uncertain),<= 512 (normal)
378,Colorectal cancer with synchronous liver metastases: does global management at the same centre improve results?,no,no,True,15.3003,15.553,14.0846,0.2527,no / yes / yes / no / yes / yes / yes / yes / yes / yes / yes / yes / yes / yes / yes /,325,False,True,no,True,True,< 1 (uncertain),<= 512 (normal)
379,Are octogenarians at high risk for carotid endarterectomy?,no,yes,False,16.1847,15.5643,14.3571,0.6204,yes / no / maybe / no / yes / no / yes / yes / yes / yes / yes / yes / yes / yes / yes,280,False,True,yes,True,True,< 1 (uncertain),<= 512 (normal)
380,Is there a need for pelvic CT scan in cases of renal cell carcinoma?,no,no,True,15.3646,15.5801,14.9295,0.2155,no / yes / yes / yes / yes / yes / yes / yes / yes / yes / yes / yes / yes / yes / yes /,281,False,True,no,True,True,< 1 (uncertain),<= 512 (normal)
381,Should circumcision be performed in childhood?,no,yes,False,15.1238,14.8148,14.3465,0.3091,yes / no / maybe yes / no / maybe yes / no / maybe yes / no / maybe yes / no / maybe,290,False,True,yes,True,True,< 1 (uncertain),<= 512 (normal)
382,Does the Simultaneous Use of a Neuroendoscope Influence the Incidence of Ventriculoperitoneal Shunt Infection?,no,yes,False,16.2451,16.1583,14.2045,0.0868,yes / no / no / yes / no / yes / yes / yes / yes / yes / yes / yes / yes / yes / yes /,317,False,True,yes,True,True,< 1 (uncertain),<= 512 (normal)
383,Is the probability of prenatal diagnosis or termination of pregnancy different for fetuses with congenital anomalies conceived following assisted reproductive techniques?,no,no,True,15.709,15.757,14.1828,0.048,no / yes / yes / yes / yes / yes / yes / yes / yes / yes / yes / yes / yes / yes / yes /,282,False,True,no,True,True,< 1 (uncertain),<= 512 (normal)
384,Is There an Additional Value of Using Somatostatin Receptor Subtype 2a Immunohistochemistry Compared to Somatostatin Receptor Scintigraphy Uptake in Predicting Gastroenteropancreatic Neuroendocrine Tumor Response?,no,no,True,15.5143,15.8019,14.1194,0.2877,no / yes / yes / yes / yes / yes / yes / yes / yes / yes / yes / yes / yes / yes / yes /,353,False,True,no,True,True,< 1 (uncertain),<= 512 (normal)
385,Does growth hormone replacement therapy reduce mortality in adults with growth hormone deficiency?,no,yes,False,15.9222,15.3632,14.246,0.559,yes / no / no / yes / no / yes / yes / yes / yes / yes / yes / yes / yes / yes / yes /,278,False,True,yes,True,True,< 1 (uncertain),<= 512 (normal)
386,Can decisional algorithms replace global introspection in the individual causality assessment of spontaneously reported ADRs?,no,no,True,16.3372,16.806,15.4203,0.4688,no / yes / yes / yes / yes / yes / yes / yes / yes / yes / yes / yes / yes / yes / yes /,195,False,True,no,True,True,< 1 (uncertain),<= 512 (normal)
387,Sternal skin conductance: a reasonable surrogate for hot flash measurement?,no,yes,False,16.5551,16.1895,14.7992,0.3656,yes / no / maybe / no / yes / no / yes / yes / no / yes / yes / yes / yes / yes / yes,217,False,True,yes,True,True,< 1 (uncertain),<= 512 (normal)
388,Is the Androgen Deficiency of Aging Men (ADAM) questionnaire useful for the screening of partial androgenic deficiency of aging men?,no,yes,False,16.8248,16.6204,14.4758,0.2044,yes / no / no / yes / no / yes / yes / yes / yes / yes / yes / yes / yes / yes / yes /,444,False,True,yes,True,True,< 1 (uncertain),<= 512 (normal)
389,Does a history of unintended pregnancy lessen the likelihood of desire for sterilization reversal?,no,no,True,17.0884,17.4425,16.18,0.3541,no / yes / yes / yes / yes / yes / yes / yes / yes / yes / yes / yes / yes / yes / yes /,251,False,True,no,True,True,< 1 (uncertain),<= 512 (normal)
390,Can we measure mesopic pupil size with the cobalt blue light slit-lamp biomicroscopy method?,no,yes,False,16.8001,16.0405,14.8469,0.7596,yes / no / maybe / yes / no / yes / yes / yes / yes / yes / yes / yes / yes / yes / yes,340,False,True,yes,True,True,< 1 (uncertain),<= 512 (normal)
391,Does stress increase imitation of drinking behavior?,no,yes,False,15.7965,15.2751,14.8424,0.5214,yes / no / no / maybe.,275,False,True,yes,True,True,< 1 (uncertain),<= 512 (normal)
392,Do clinical variables predict pathologic radiographs in the first episode of wheezing?,no,yes,False,15.9029,14.9489,14.2543,0.9541,yes / no / no / yes / yes / yes / yes.,218,False,True,yes,True,True,< 1 (uncertain),<= 512 (normal)
393,"Is distance to provider a barrier to care for medicaid patients with breast, colorectal, or lung cancer?",no,yes,False,16.1922,15.9728,15.0074,0.2194,yes / no / maybe yes / no / maybe yes / no / yes / yes / yes / yes / yes / yes / yes /,247,False,True,yes,True,True,< 1 (uncertain),<= 512 (normal)
394,Laminoplasty outcomes: is there a difference between patients with degenerative stenosis and those with ossification of the posterior longitudinal ligament?,no,yes,False,15.0325,15.0107,13.1081,0.0218,yes / no / maybe yes / no.).,441,False,True,yes,True,True,< 1 (uncertain),<= 512 (normal)
395,Do overweight children necessarily make overweight adults?,no,yes,False,16.2908,15.0264,14.1267,1.2644,yes / no / maybe yes / yes / yes.,245,False,False,yes,True,True,1–2,<= 512 (normal)
396,Does patient position during liver surgery influence the risk of venous air embolism?,no,yes,False,15.3092,15.0332,14.983,0.2761,yes / no / maybe yes / no.,169,False,True,yes,True,True,< 1 (uncertain),<= 512 (normal)
397,Is routine chest radiography after transbronchial biopsy necessary?,no,no,True,15.0954,15.4523,14.138,0.3569,no / yes / yes / no / yes / yes / no / yes / yes / no / yes / yes / no / yes / yes /,245,False,True,no,True,True,< 1 (uncertain),<= 512 (normal)
398,Can folic acid protect against congenital heart defects in Down syndrome?,no,no,True,16.2653,16.6906,14.4631,0.4253,no yes / no yes / yes yes yes / yes yes yes yes yes yes yes yes yes yes yes yes yes yes yes yes yes yes yes yes,325,False,True,no,True,True,< 1 (uncertain),<= 512 (normal)
399,Location and number of sutures placed for hiatal hernia repair during laparoscopic adjustable gastric banding: does it matter?,no,yes,False,15.2814,14.9929,13.6049,0.2885,yes / no / maybe yes / no / yes / no / yes / yes / yes / yes / yes / yes / yes / yes /,405,False,True,yes,True,True,< 1 (uncertain),<= 512 (normal)
400,Does the distribution of health care benefits in Kenya meet the principles of universal coverage?,no,yes,False,16.6425,16.0391,15.2676,0.6034,yes / no / maybe / yes / no.,319,False,True,yes,True,True,< 1 (uncertain),<= 512 (normal)
401,Are women with major depression in pregnancy identifiable in population health data?,no,yes,False,15.9319,15.7445,13.9273,0.1874,yes / no / maybe / yes / no.).,463,False,True,yes,True,True,< 1 (uncertain),<= 512 (normal)
402,Can bone thickness and inter-radicular space affect miniscrew placement in posterior mandibular sites?,no,yes,False,15.4489,14.8731,13.8875,0.5758,yes / no / maybe yes / no.,375,False,True,yes,True,True,< 1 (uncertain),<= 512 (normal)
403,SPECT study with I-123-Ioflupane (DaTSCAN) in patients with essential tremor. Is there any correlation with Parkinson's disease?,no,yes,False,14.3548,13.9287,14.1476,0.2071,yes / no.,573,False,True,yes,True,True,< 1 (uncertain),> 512 (long)
404,Are many colorectal cancers due to missed adenomas?,no,no,True,14.9911,15.1037,14.1696,0.1126,no / yes / yes.,220,False,True,no,True,True,< 1 (uncertain),<= 512 (normal)
405,Clinician assessment for acute chest syndrome in febrile patients with sickle cell disease: is it accurate enough?,no,no,True,16.288,17.1158,14.4544,0.8278,no / yes / yes / yes / yes / yes / yes / yes / yes / yes / yes / yes / yes / yes / yes /,341,False,True,no,True,True,< 1 (uncertain),<= 512 (normal)
406,Can nonproliferative breast disease and proliferative breast disease without atypia be distinguished by fine-needle aspiration cytology?,no,yes,False,16.2135,15.5538,14.2643,0.6597,yes / no / maybe yes / no / maybe yes / no / yes / no / yes / yes / yes / yes / yes /,210,False,True,yes,True,True,< 1 (uncertain),<= 512 (normal)
407,Is vancomycin MIC creep a worldwide phenomenon?,no,yes,False,16.2537,15.6912,15.1411,0.5625,yes / no / maybe yes / no.,297,False,True,yes,True,True,< 1 (uncertain),<= 512 (normal)
408,Is vitamin D deficiency a feature of pediatric celiac disease?,no,yes,False,15.575,15.4629,13.7108,0.1122,yes / no / no / yes / no / yes / yes / yes / yes / yes / yes / yes / yes / yes / yes /,366,False,True,yes,True,True,< 1 (uncertain),<= 512 (normal)
409,Is renal warm ischemia over 30 minutes during laparoscopic partial nephrectomy possible?,no,yes,False,15.603,15.302,13.7181,0.301,yes / no / maybe yes / no / yes / no / yes / yes / yes / yes / yes / yes / yes / yes /,308,False,True,yes,True,True,< 1 (uncertain),<= 512 (normal)
410,PSA repeatedly fluctuating levels are reassuring enough to avoid biopsy?,no,no,True,14.8476,15.1816,14.4479,0.334,no / yes / no / yes / no / yes / no / yes / no / yes / no / yes / no / yes / no /,288,False,True,no,True,True,< 1 (uncertain),<= 512 (normal)
411,Does immediate breast reconstruction compromise the delivery of adjuvant chemotherapy?,no,yes,False,15.4309,15.1137,13.732,0.3173,yes / no / no / yes / no / yes / yes / yes / yes / yes / yes / yes / yes / yes / yes /,196,False,True,yes,True,True,< 1 (uncertain),<= 512 (normal)
412,Prognosis of well differentiated small hepatocellular carcinoma--is well differentiated hepatocellular carcinoma clinically early cancer?,no,yes,False,15.4209,14.7604,13.2756,0.6605,yes / no / maybe yes / no.,299,False,True,yes,True,True,< 1 (uncertain),<= 512 (normal)
413,Does a preoperative medically supervised weight loss program improve bariatric surgery outcomes?,no,yes,False,16.1076,15.6583,13.7959,0.4493,yes / no / no / yes / yes / yes / yes / yes / yes / yes / yes / yes / yes / yes / yes /,370,False,True,yes,True,True,< 1 (uncertain),<= 512 (normal)
414,Bony defects in chronic anterior posttraumatic dislocation of the shoulder: Is there a correlation between humeral and glenoidal lesions?,no,yes,False,15.9789,15.3442,14.476,0.6347,yes / no / maybe yes / no / yes / yes / yes / yes / yes / yes / yes / yes / yes / yes /,372,False,True,yes,True,True,< 1 (uncertain),<= 512 (normal)
415,Does the bracket-ligature combination affect the amount of orthodontic space closure over three months?,no,no,True,15.7013,15.7187,13.7225,0.0174,no yes / no yes / yes yes / no.,320,False,True,no,True,True,< 1 (uncertain),<= 512 (normal)
416,Can increases in the cigarette tax rate be linked to cigarette retail prices?,no,yes,False,16.6436,15.3689,15.0014,1.2747,yes / no / maybe yes / no / maybe yes / no / maybe yes / yes / yes / yes / yes / yes /,191,False,False,yes,True,True,1–2,<= 512 (normal)
417,Attaining negative margins in breast-conservation operations: is there a consensus among breast surgeons?,no,yes,False,16.5386,15.8085,14.9114,0.7301,yes / no / maybe / no / yes / no / yes / yes / yes / yes / yes / yes / yes / yes / yes,286,False,True,yes,True,True,< 1 (uncertain),<= 512 (normal)
418,Does the sequence of clamp application during open abdominal aortic aneurysm surgery influence distal embolisation?,no,no,True,15.4335,15.7561,14.327,0.3226,no yes / no yes / yes yes / no yes / yes yes / no yes / yes yes yes yes yes yes yes yes yes yes yes yes,187,False,True,no,True,True,< 1 (uncertain),<= 512 (normal)
419,Discharging patients earlier from Winnipeg hospitals: does it adversely affect quality of care?,no,yes,False,16.0256,15.8084,14.3824,0.2172,yes / no / maybe yes / no.,408,False,True,yes,True,True,< 1 (uncertain),<= 512 (normal)
420,Surgical management of the atherosclerotic ascending aorta: is endoaortic balloon occlusion safe?,no,yes,False,16.1058,15.5071,14.5928,0.5987,yes / no / maybe yes / no / yes / yes / yes / yes / yes / yes / yes / yes / yes / yes /,326,False,True,yes,True,True,< 1 (uncertain),<= 512 (normal)
421,Is there a relationship between serum paraoxonase level and epicardial fat tissue thickness?,no,yes,False,16.0065,15.6559,14.4195,0.3505,yes / no / no / yes / no / yes / yes / yes / yes / yes / yes / yes / yes / yes / yes /,288,False,True,yes,True,True,< 1 (uncertain),<= 512 (normal)
422,Do antibiotics decrease post-tonsillectomy morbidity?,no,yes,False,15.371,14.988,13.8487,0.383,yes / no / maybe yes / no / yes / no / yes / yes / yes / yes / yes / yes / yes / yes /,211,False,True,yes,True,True,< 1 (uncertain),<= 512 (normal)
423,Should prostate specific antigen be adjusted for body mass index?,no,yes,False,16.1474,15.6233,13.8954,0.5242,yes / no / maybe yes / no / yes / yes / yes / yes / yes / yes / yes / yes / yes / yes /,274,False,True,yes,True,True,< 1 (uncertain),<= 512 (normal)
424,Is it necessary to insert a nasobiliary drainage tube routinely after endoscopic clearance of the common bile duct in patients with choledocholithiasis-induced cholangitis?,no,no,True,16.1272,16.2521,14.035,0.1249,no / yes / no / yes / yes / yes / yes / yes / yes / yes / yes / yes / yes / yes / yes /,364,False,True,no,True,True,< 1 (uncertain),<= 512 (normal)
425,Have antiepileptic drug prescription claims changed following the FDA suicidality warning?,no,yes,False,17.2001,17.0039,14.9697,0.1961,yes / no / no / yes / yes / yes / yes / yes / yes / yes / yes / yes / yes / yes / yes /,332,False,True,yes,True,True,< 1 (uncertain),<= 512 (normal)
426,Are high flow nasal cannulae noisier than bubble CPAP for preterm infants?,no,yes,False,14.9001,14.7711,14.115,0.129,yes / no / maybe yes / no / maybe no / yes / no / yes / yes / yes / yes / yes / yes /,346,False,True,yes,True,True,< 1 (uncertain),<= 512 (normal)
427,Are the arginine vasopressin V1a receptor microsatellites related to hypersexuality in children with a prepubertal and early adolescent bipolar disorder phenotype?,no,yes,False,16.3813,15.924,14.4155,0.4573,yes / no / maybe.,489,False,True,yes,True,True,< 1 (uncertain),<= 512 (normal)
428,Are variations in the use of carotid endarterectomy explained by population Need?,no,no,True,16.2005,16.2892,14.686,0.0886,no yes / no yes / yes yes yes.,227,False,True,no,True,True,< 1 (uncertain),<= 512 (normal)
429,Do supervised colorectal trainees differ from consultants in terms of quality of TME surgery?,no,no,True,16.2067,16.8068,14.6885,0.6001,no / yes / yes / yes / yes / yes / yes / yes / yes / yes / yes / yes / yes / yes / yes /,307,False,True,no,True,True,< 1 (uncertain),<= 512 (normal)
430,Major depression and alcohol use disorder in adolescence: Does comorbidity lead to poorer outcomes of depression?,no,yes,False,17.5637,16.6291,14.905,0.9346,yes / no / maybe yes / yes / yes / yes / yes / yes / yes / yes / yes / yes / yes / yes /,286,False,True,yes,True,True,< 1 (uncertain),<= 512 (normal)
431,Perioperative care in an animal model for training in abdominal surgery: is it necessary a preoperative fasting?,no,yes,False,15.0582,14.0661,13.9662,0.9921,yes / no / maybe yes / no / yes / yes / yes / yes / yes / yes / yes / yes / yes / yes /,271,False,True,yes,True,True,< 1 (uncertain),<= 512 (normal)
432,Metastatic carcinoma to the cervical nodes from an unknown head and neck primary site: Is there a need for neck dissection?,no,no,True,15.5717,16.1789,14.3222,0.6072,no yes / no yes / yes yes yes / no yes / yes yes yes yes yes yes yes yes yes yes yes yes yes yes yes yes yes,359,False,True,no,True,True,< 1 (uncertain),<= 512 (normal)
433,Does Viral Co-Infection Influence the Severity of Acute Respiratory Infection in Children?,no,yes,False,16.586,16.3595,15.0298,0.2265,yes / no / maybe yes / no / yes / no / yes / yes / yes / yes / yes / yes / yes / yes /,358,False,True,yes,True,True,< 1 (uncertain),<= 512 (normal)
434,Cardiopulmonary bypass temperature does not affect postoperative euthyroid sick syndrome?,no,yes,False,14.9639,14.7803,13.1831,0.1836,yes / no / maybe yes / no / maybe no / yes / no / yes / yes / yes / yes / yes / yes /,313,False,True,yes,True,True,< 1 (uncertain),<= 512 (normal)
435,Xanthogranulomatous cholecystitis: a premalignant condition?,no,yes,False,15.0078,14.8112,14.4192,0.1966,yes / no / maybe yes / no.,412,False,True,yes,True,True,< 1 (uncertain),<= 512 (normal)
436,Does septoplasty change the dimensions of compensatory hypertrophy of the middle turbinate?,no,yes,False,15.9528,15.0568,14.0829,0.896,yes / no / maybe yes / no / maybe yes / yes / yes / yes / yes / yes / yes / yes / yes /,181,False,True,yes,True,True,< 1 (uncertain),<= 512 (normal)
437,Prescriptions as a proxy for asthma in children: a good choice?,no,yes,False,16.4594,15.9392,15.2472,0.5203,yes / no / maybe yes / no / maybe yes / no / yes / yes / yes / yes / yes / yes / yes /,290,False,True,yes,True,True,< 1 (uncertain),<= 512 (normal)
438,Does combining antiretroviral agents in a single dosage form enhance quality of life of HIV/AIDS patients?,no,yes,False,16.7368,15.1726,14.3228,1.5642,yes / no / maybe yes / no / yes / no / yes / yes / yes / yes / yes / yes / yes / yes /,401,False,False,yes,True,True,1–2,<= 512 (normal)
439,Does desflurane alter left ventricular function when used to control surgical stimulation during aortic surgery?,no,yes,False,14.8161,14.535,12.931,0.2812,yes / no / maybe yes / no / yes / yes / yes / yes / yes / yes / yes / yes / yes / yes /,379,False,True,yes,True,True,< 1 (uncertain),<= 512 (normal)
440,Is fluoroscopy essential for retrieval of lower ureteric stones?,no,no,True,15.0697,15.4603,14.0257,0.3907,no / yes / yes / yes / yes / yes.,339,False,True,no,True,True,< 1 (uncertain),<= 512 (normal)
441,Does the treatment of amblyopia normalise subfoveal choroidal thickness in amblyopic children?,no,no,True,15.468,15.5031,13.8701,0.035,no / yes / yes / yes / yes / yes / yes / yes / yes / yes / yes / yes / yes / yes / yes /,285,False,True,no,True,True,< 1 (uncertain),<= 512 (normal)
442,Should tumor depth be included in prognostication of soft tissue sarcoma?,no,yes,False,15.5101,15.2141,13.8614,0.296,yes / no / maybe yes / no.,296,False,True,yes,True,True,< 1 (uncertain),<= 512 (normal)
443,Does performance in selection processes predict performance as a dental student?,no,yes,False,16.3384,15.4485,14.3821,0.8899,yes / no / maybe yes / no.,217,False,True,yes,True,True,< 1 (uncertain),<= 512 (normal)
444,"Antiretroviral therapy related adverse effects: Can sub-Saharan Africa cope with the new ""test and treat"" policy of the World Health Organization?",no,yes,False,15.5548,14.8409,14.2448,0.714,yes / no / maybe yes / no.,366,False,True,yes,True,True,< 1 (uncertain),<= 512 (normal)
445,"Expression of c-kit protooncogen in hepatitis B virus-induced chronic hepatitis, cirrhosis and hepatocellular carcinoma: has it a diagnostic role?",maybe,yes,False,15.4285,15.2643,13.6317,0.1642,yes / no / no / maybe yes / no / yes / no / yes / yes / no / yes / yes / yes / yes /,285,False,True,yes,True,True,< 1 (uncertain),<= 512 (normal)
446,Can calprotectin predict relapse risk in inflammatory bowel disease?,maybe,no,False,15.392,15.3964,14.0383,0.0043,no / yes / yes / yes / yes / yes / yes / yes / yes / yes / yes / yes / yes / yes / yes /,303,False,True,no,True,True,< 1 (uncertain),<= 512 (normal)
447,Does shaving the incision site increase the infection rate after spinal surgery?,maybe,yes,False,16.2659,15.3497,13.593,0.9162,yes / no / maybe yes / no / yes / yes / yes / yes / yes / yes / yes / yes / yes / yes /,221,False,True,yes,True,True,< 1 (uncertain),<= 512 (normal)
448,Antral follicle assessment as a tool for predicting outcome in IVF--is it a better predictor than age and FSH?,maybe,yes,False,16.1687,15.631,14.5758,0.5376,yes / no / maybe yes / no / yes / no / yes / yes / yes / yes / yes / yes / yes / yes /,308,False,True,yes,True,True,< 1 (uncertain),<= 512 (normal)
449,Treatment of contralateral hydrocele in neonatal testicular torsion: Is less more?,maybe,no,False,15.2302,15.5169,14.0318,0.2867,no / yes / yes / yes.,344,False,True,no,True,True,< 1 (uncertain),<= 512 (normal)
450,Do parents recall and understand children's weight status information after BMI screening?,maybe,no,False,17.2456,17.8244,15.0798,0.5788,no yes / no.,351,False,True,no,True,True,< 1 (uncertain),<= 512 (normal)
451,Do Web-based and clinic samples of gay men living with HIV differ on self-reported physical and psychological symptoms?,maybe,no,False,17.2042,18.1546,15.7168,0.9505,no / yes / no / yes / yes / yes / yes / yes / yes / yes / yes / yes / yes / yes / yes /,524,False,True,no,True,True,< 1 (uncertain),> 512 (long)
452,Are home sampling kits for sexually transmitted infections acceptable among men who have sex with men?,maybe,yes,False,15.6305,15.507,15.0158,0.1235,yes / no / maybe / no / maybe / yes / no / maybe / yes / no / yes / yes / yes / yes,267,False,True,yes,True,True,< 1 (uncertain),<= 512 (normal)
453,Does rugby headgear prevent concussion?,maybe,yes,False,16.1742,15.8445,15.1087,0.3296,yes / no / maybe yes / no / maybe yes / no / maybe yes / no / yes / yes / yes / yes /,221,False,True,yes,True,True,< 1 (uncertain),<= 512 (normal)
454,Does body mass index (BMI) influence morbidity and long-term survival in gastric cancer patients after gastrectomy?,maybe,yes,False,16.4065,16.2232,14.9932,0.1834,yes / no / maybe yes / no / yes / no / yes / yes / no / yes / yes / yes / yes / yes /,264,False,True,yes,True,True,< 1 (uncertain),<= 512 (normal)
455,Is determination between complete and incomplete traumatic spinal cord injury clinically relevant?,maybe,yes,False,17.1095,16.7463,15.6905,0.3632,yes / no / maybe yes / no / yes / yes / yes / yes / yes / yes / yes / yes / yes / yes /,397,False,True,yes,True,True,< 1 (uncertain),<= 512 (normal)
456,Does use of hydrophilic guidewires significantly improve technical success rates of peripheral PTA?,maybe,yes,False,14.5847,14.2771,13.6173,0.3076,yes / no / maybe / no / yes / maybe / yes / yes / yes / yes / yes / yes / yes / yes /,310,False,True,yes,True,True,< 1 (uncertain),<= 512 (normal)
457,"Are lifetime prevalence of impetigo, molluscum and herpes infection really increased in children having atopic dermatitis?",maybe,no,False,16.1193,16.5162,14.8698,0.3969,no / yes / yes.,288,False,True,no,True,True,< 1 (uncertain),<= 512 (normal)
458,Can routinely collected ambulance data about assaults contribute to reduction in community violence?,maybe,yes,False,15.8184,15.2288,14.6007,0.5896,yes / no / maybe yes / no / yes / yes / yes / yes / yes / yes / yes / yes / yes / yes /,320,False,True,yes,True,True,< 1 (uncertain),<= 512 (normal)
459,Is irritable bowel syndrome a diagnosis of exclusion?,maybe,no,False,15.8076,15.8099,14.6501,0.0022,no / yes / yes / yes / yes / yes / yes / yes / yes / yes / yes / yes / yes / yes / yes /,334,False,True,no,True,True,< 1 (uncertain),<= 512 (normal)
460,Is a patient's self-reported health-related quality of life a prognostic factor for survival in non-small-cell lung cancer patients?,maybe,yes,False,16.1517,14.8318,12.9764,1.3199,yes / no / no / yes / no / yes / yes / yes / yes / yes / yes / yes / yes / yes / yes /,295,False,False,yes,True,True,1–2,<= 512 (normal)
461,Vaginal dose assessment in image-guided brachytherapy for cervical cancer: Can we really rely on dose-point evaluation?,maybe,yes,False,14.7728,14.6749,13.357,0.0979,yes / no / maybe yes / no / yes / no / yes / yes / yes / yes / yes / yes / yes / yes /,352,False,True,yes,True,True,< 1 (uncertain),<= 512 (normal)
462,Is there a role for endothelin-1 in the hemodynamic changes during hemodialysis?,maybe,yes,False,15.2309,15.1018,14.0326,0.1291,yes / no / maybe yes / no / yes / no / yes / yes / yes / yes / yes / yes / yes / yes /,354,False,True,yes,True,True,< 1 (uncertain),<= 512 (normal)
463,Is vitamin D insufficiency or deficiency related to the development of osteochondritis dissecans?,maybe,yes,False,15.5928,14.7851,13.7266,0.8076,yes / no / maybe yes / no / maybe no / yes / no / yes / yes / yes / yes / yes / yes /,176,False,True,yes,True,True,< 1 (uncertain),<= 512 (normal)
464,Does timing of initial surfactant treatment make a difference in rates of chronic lung disease or mortality in premature infants?,maybe,yes,False,15.8019,15.7674,13.7753,0.0345,yes / no / maybe yes / no / maybe yes / no / yes / yes / yes / yes / yes / yes / yes /,279,False,True,yes,True,True,< 1 (uncertain),<= 512 (normal)
465,Is it Crohn's disease?,maybe,yes,False,16.7326,14.9409,14.1398,1.7917,yes / no / maybe yes / no.,138,False,False,yes,True,True,1–2,<= 512 (normal)
466,Do French lay people and health professionals find it acceptable to breach confidentiality to protect a patient's wife from a sexually transmitted disease?,maybe,yes,False,17.1805,15.7535,15.5236,1.4271,yes / no / maybe / yes / no / maybe / yes / no / yes / no / yes / no / yes / no /,348,False,False,yes,True,True,1–2,<= 512 (normal)
467,Can patients be anticoagulated after intracerebral hemorrhage?,maybe,yes,False,16.4282,15.5272,14.2523,0.9009,yes / no / maybe yes / no.,270,False,True,yes,True,True,< 1 (uncertain),<= 512 (normal)
468,Do elderly patients call 911 when presented with clinical scenarios suggestive of acute stroke?,maybe,no,False,16.9886,17.1479,16.3252,0.1593,no / yes / yes / yes / yes / yes / yes / yes / yes / yes / yes / yes / yes / yes / yes /,311,False,True,no,True,True,< 1 (uncertain),<= 512 (normal)
469,Are opioid dependence and methadone maintenance treatment (MMT) documented in the medical record?,maybe,yes,False,16.3774,16.0963,14.9732,0.2811,yes / no / maybe / no / yes / yes / yes / yes / yes / yes / yes / yes / yes / yes / yes,273,False,True,yes,True,True,< 1 (uncertain),<= 512 (normal)
470,Should chest wall irradiation be included after mastectomy and negative node breast cancer?,maybe,yes,False,15.5334,15.2689,14.317,0.2646,yes / no / maybe yes / no / maybe yes / no / yes / no / yes / yes / no / yes / yes /,139,False,True,yes,True,True,< 1 (uncertain),<= 512 (normal)
471,Does managed care enable more low income persons to identify a usual source of care?,maybe,yes,False,16.3359,15.8362,15.4803,0.4998,yes / no / maybe / yes / no / yes / yes / yes / yes / yes / yes / yes / yes / yes / yes,246,False,True,yes,True,True,< 1 (uncertain),<= 512 (normal)
472,Is the cell death in mesial temporal sclerosis apoptotic?,maybe,yes,False,15.118,14.9913,14.0519,0.1267,yes / no / maybe yes / no.,258,False,True,yes,True,True,< 1 (uncertain),<= 512 (normal)
473,Does vaginal intraepithelial neoplasia have the same evolution as cervical intraepithelial neoplasia?,maybe,yes,False,15.1755,15.1701,13.9521,0.0054,yes / no / maybe yes / no / maybe yes / no / yes / no / yes / yes / yes / yes / yes /,319,False,True,yes,True,True,< 1 (uncertain),<= 512 (normal)
474,Does government assistance improve utilization of eye care services by low-income individuals?,maybe,yes,False,17.9107,17.5422,15.6018,0.3685,yes / no / no / yes / yes / yes / yes / yes / yes / yes / yes / yes / yes / yes / yes yes,357,False,True,yes,True,True,< 1 (uncertain),<= 512 (normal)
475,HIF1A as a major vascular endothelial growth factor regulator: do its polymorphisms have an association with age-related macular degeneration?,maybe,yes,False,15.4404,15.2513,13.6531,0.1892,yes / no / maybe yes / no / yes / no.,413,False,True,yes,True,True,< 1 (uncertain),<= 512 (normal)
476,Detailed analysis of sputum and systemic inflammation in asthma phenotypes: are paucigranulocytic asthmatics really non-inflammatory?,maybe,yes,False,15.2549,14.7242,13.3894,0.5307,yes / no / maybe yes / no.,333,False,True,yes,True,True,< 1 (uncertain),<= 512 (normal)
477,Do Surrogates of Injury Severity Influence the Occurrence of Heterotopic Ossification in Fractures of the Acetabulum?,maybe,yes,False,16.3078,15.4656,14.1515,0.8422,yes / no / maybe yes / no / yes / yes / yes / yes / yes / yes / yes / yes / yes / yes /,353,False,True,yes,True,True,< 1 (uncertain),<= 512 (normal)
478,Does obstructive sleep apnea affect aerobic fitness?,maybe,yes,False,16.2145,15.8944,14.3917,0.32,yes / no / maybe yes / no.,181,False,True,yes,True,True,< 1 (uncertain),<= 512 (normal)
479,30-Day and 1-year mortality in emergency general surgery laparotomies: an area of concern and need for improvement?,maybe,no,False,16.2577,16.4219,15.2082,0.1643,no / yes / yes / yes / yes / yes / yes / yes / yes / yes / yes / yes / yes / yes / yes /,249,False,True,no,True,True,< 1 (uncertain),<= 512 (normal)
480,Combining process indicators to evaluate quality of care for surgical patients with colorectal cancer: are scores consistent with short-term outcome?,maybe,yes,False,16.3746,15.7023,14.5966,0.6723,yes / no / maybe yes / no / yes / no / yes / yes / yes / yes / yes / yes / yes / yes /,208,False,True,yes,True,True,< 1 (uncertain),<= 512 (normal)
481,Are the elderly with oropharyngeal carcinoma undertreated?,maybe,no,False,16.4361,16.7226,15.0014,0.2865,no / yes.,287,False,True,no,True,True,< 1 (uncertain),<= 512 (normal)
482,Do older patients receive adequate stroke care?,maybe,no,False,16.2354,16.8076,14.8665,0.5722,no yes / no yes / no yes / yes / no.,398,False,True,no,True,True,< 1 (uncertain),<= 512 (normal)
483,Continuation of pregnancy after antenatal corticosteroid administration: opportunity for rescue?,maybe,yes,False,16.1937,16.1682,14.9172,0.0254,yes / no / no / yes / no / yes / yes / yes / yes / yes / yes / yes / yes / yes / yes /,231,False,True,yes,True,True,< 1 (uncertain),<= 512 (normal)
484,Should HIV-infected patients be screened for silent myocardial ischaemia using gated myocardial perfusion SPECT?,maybe,no,False,15.7652,16.1553,14.6042,0.3901,no / yes / yes / yes / yes / yes / yes / yes / yes / yes / yes / yes / yes / yes / yes /,281,False,True,no,True,True,< 1 (uncertain),<= 512 (normal)
485,Is a specialised training of phonological awareness indicated in every preschool child?,maybe,yes,False,15.4961,14.0187,14.0112,1.4774,yes / no / maybe yes / no / maybe no / yes / yes / yes / yes / yes / yes / yes / yes /,143,False,False,yes,True,True,1–2,<= 512 (normal)
486,BCRABL transcript detection by quantitative real-time PCR : are correlated results possible from homebrew assays?,maybe,yes,False,15.9917,15.5509,14.7546,0.4408,yes / no / maybe yes / no / yes / no.,272,False,True,yes,True,True,< 1 (uncertain),<= 512 (normal)
487,Does HER2 immunoreactivity provide prognostic information in locally advanced urothelial carcinoma patients receiving adjuvant M-VEC chemotherapy?,maybe,no,False,16.2476,16.8108,15.7307,0.5631,no / yes / yes / yes.,271,False,True,no,True,True,< 1 (uncertain),<= 512 (normal)
488,Does the familial transmission of drinking patterns persist into young adulthood?,maybe,yes,False,15.8078,15.2897,14.4014,0.5181,yes / no / maybe yes / no / yes / yes / yes / yes / yes / yes / yes / yes / yes / yes /,258,False,True,yes,True,True,< 1 (uncertain),<= 512 (normal)
489,Bactericidal activity of 3 cutaneous/mucosal antiseptic solutions in the presence of interfering substances: Improvement of the NF EN 13727 European Standard?,maybe,yes,False,15.1015,14.2024,14.0948,0.8991,yes / no / maybe yes / no / maybe yes / no / yes / yes / yes / yes / yes / yes / yes /,280,False,True,yes,True,True,< 1 (uncertain),<= 512 (normal)
490,Does ultrasound imaging before puncture facilitate internal jugular vein cannulation?,maybe,yes,False,15.8571,15.2379,13.6453,0.6193,yes / no / maybe yes / no / yes / yes / yes / yes / yes / yes / yes / yes / yes / yes /,306,False,True,yes,True,True,< 1 (uncertain),<= 512 (normal)
491,Can a practicing surgeon detect early lymphedema reliably?,maybe,yes,False,16.2015,15.5672,14.758,0.6344,yes / no / maybe yes / no / yes / no / yes / yes / yes / yes / yes / yes / yes / yes /,191,False,True,yes,True,True,< 1 (uncertain),<= 512 (normal)
492,Is perforation of the appendix a risk factor for tubal infertility and ectopic pregnancy?,maybe,yes,False,17.3858,15.8767,14.7013,1.5091,yes / no / maybe yes / no / yes / yes / yes / yes / yes / yes / yes / yes / yes / yes /,256,False,False,yes,True,True,1–2,<= 512 (normal)
493,Does perspective-taking increase patient satisfaction in medical encounters?,maybe,yes,False,17.6726,16.8639,15.3017,0.8087,yes / no / no / yes / yes / yes / yes / yes / yes / yes / yes / yes / yes / yes / yes /,307,False,True,yes,True,True,< 1 (uncertain),<= 512 (normal)
494,Sternal fracture in growing children : A rare and often overlooked fracture?,maybe,yes,False,15.6396,14.2385,14.0009,1.4011,yes / no / maybe yes / no.,120,False,False,yes,True,True,1–2,<= 512 (normal)
495,Midwives' competence: is it affected by working in a rural location?,maybe,no,False,16.5839,17.0455,15.4246,0.4616,no / yes / yes / no / yes / yes / yes / yes / yes / yes / yes / yes / yes / yes / yes /,412,False,True,no,True,True,< 1 (uncertain),<= 512 (normal)
496,Does the severity of obstructive sleep apnea predict patients requiring high continuous positive airway pressure?,maybe,yes,False,16.5833,15.7861,13.9104,0.7971,yes / no / no / yes / yes / yes.,333,False,True,yes,True,True,< 1 (uncertain),<= 512 (normal)
497,Does self-efficacy mediate the relationship between transformational leadership behaviours and healthcare workers' sleep quality?,maybe,yes,False,16.2911,15.9739,15.2588,0.3172,yes / no / maybe yes / no.,235,False,True,yes,True,True,< 1 (uncertain),<= 512 (normal)
498,Are there mental health differences between francophone and non-francophone populations in manitoba?,maybe,yes,False,18.1497,18.0596,16.645,0.0901,yes / no / maybe / no / yes / yes / yes / yes / yes / yes / yes / yes / yes / yes / yes,294,False,True,yes,True,True,< 1 (uncertain),<= 512 (normal)
499,Outcome Feedback within Emergency Medicine Training Programs: An Opportunity to Apply the Theory of Deliberate Practice?,maybe,no,False,15.6926,15.8579,13.9046,0.1653,no / yes / yes / no / yes / no / yes / no / yes / no / yes / no / yes / no / yes /,314,False,True,no,True,True,< 1 (uncertain),<= 512 (normal)
