idx,question,true_label,predicted_label,correct,score_yes,score_no,score_maybe,confidence_margin,generated_text,prompt_token_len,truncated,uncertain,parsed_from_text,is_parsable,text_label_match,margin_bucket,length_bucket
0,Is anorectal endosonography valuable in dyschesia?,yes,no,False,3.2274,7.3405,3.8894,3.4511,"""The sphincter is paradoxically shorter and / or thicker during straining in patients with dyschesia.""",292,False,False,unparsable,False,False,2–5,<= 512 (normal)
1,Is there a connection between sublingual varices and hypertension?,yes,no,False,7.3048,9.1557,4.4549,1.8509,"""There is a connection between sublingual varices and hypertension.""",353,False,False,unparsable,False,False,1–2,<= 512 (normal)
2,Is the affinity column-mediated immunoassay method suitable as an alternative to the microparticle enzyme immunoassay method as a blood tacrolimus assay?,yes,no,False,6.4369,8.2071,4.7869,1.7702,the ACMIA method is a suitable alternative to the MEIA method for the measurement of tacrolimus concentrations in whole blood.,293,False,False,unparsable,False,False,1–2,<= 512 (normal)
3,Does a physician's specialty influence the recording of medication history in patients' case notes?,yes,no,False,3.816,7.6085,2.1551,3.7925,"'Yes' for the use of alcohol, illicit drugs, dietary restrictions, cigarette smoking, illicit drugs, dietary restrictions, illicit drugs, dietary restrictions",300,False,False,yes,True,False,2–5,<= 512 (normal)
4,Locoregional opening of the rodent blood-brain barrier for paclitaxel using Nd:YAG laser-induced thermo therapy: a new concept of adjuvant glioma therapy?,yes,no,False,4.3775,7.113,3.0643,2.7355,LITT-induced disruption of the BBB allows a locoregional passage of paclitaxel into brain tissue.,210,False,False,unparsable,False,False,2–5,<= 512 (normal)
5,Spinal subdural hematoma: a sequela of a ruptured intracranial aneurysm?,yes,no,False,1.9281,4.9879,1.6699,3.0598,SSDH is a sequela of a ruptured intracranial aneurysm.,228,False,False,unparsable,False,False,2–5,<= 512 (normal)
6,Is there a correlation between androgens and sexual desire in women?,yes,no,False,6.8174,8.3555,4.3822,1.538,"TT, r = -0.17, P = 0.055; FT, r = -0.17, P = 0.055; androstenedione, r = -0.17",314,False,False,unparsable,False,False,1–2,<= 512 (normal)
7,Is the zeolite hemostatic agent beneficial in reducing blood loss during arterial injury?,yes,no,False,5.2227,6.8402,5.0803,1.6175,the use of QC in this model of arterial injury is beneficial in reducing blood loss and maintaining physiological parameters.,252,False,False,unparsable,False,False,1–2,<= 512 (normal)
8,Are endothelial cell patterns of astrocytomas indicative of grade?,yes,no,False,2.3203,7.1859,2.6304,4.5555,"(1) Low grade astrocytomas show a vascular pattern similar to control tissue, (2) High grade astrocytomas show a vascular pattern similar to control tissue,",259,False,False,unparsable,False,False,2–5,<= 512 (normal)
9,Should cavitation in proximal surfaces be reported in cone beam computed tomography examination?,yes,no,False,7.3165,7.8827,2.6757,0.5662,CBCT is superior to bitewing radiography in detecting proximal cavitations.,253,False,True,unparsable,False,False,< 1 (uncertain),<= 512 (normal)
10,Ultrasound in squamous cell carcinoma of the penis; a useful addition to clinical staging?,yes,no,False,3.5354,9.1222,0.9598,5.5868,"in one case the tumor was not detected by ultrasound, in one case the tumor was not detected by ultrasound, in one case the tumor was not detected",227,False,False,unparsable,False,False,> 5 (confident),<= 512 (normal)
11,Can third trimester ultrasound predict the presentation of the first twin at delivery?,yes,no,False,3.8743,7.4986,2.5001,3.6243,"""If the twin A is cephalic, then the twin A is noncephalic.""",217,False,False,unparsable,False,False,2–5,<= 512 (normal)
12,Is micro-computed tomography reliable to determine the microstructure of the maxillary alveolar bone?,yes,no,False,6.8069,7.8765,4.8901,1.0697,"""The micro-CT method is reliable to determine the microstructure of the maxillary alveolar bone.""",304,False,False,unparsable,False,False,1–2,<= 512 (normal)
13,Is primary angioplasty an acceptable alternative to thrombolysis?,yes,no,False,5.6922,8.5396,3.7302,2.8474,'I am satisfied'.,286,False,False,unparsable,False,False,2–5,<= 512 (normal)
14,Is endometrial polyp formation associated with increased expression of vascular endothelial growth factor and transforming growth factor-beta1?,yes,no,False,4.1577,7.4802,3.418,3.3225,VEGF and TGF-β1 are involved in the pathogenesis of endometrial polyp formation.,377,False,False,unparsable,False,False,2–5,<= 512 (normal)
15,Improvements in survival of gynaecological cancer in the Anglia region of England: are these an effect of centralisation of care and use of multidisciplinary management?,yes,no,False,3.3756,7.0823,2.9426,3.7067,"the survival rate for cases diagnosed between 1996 and 1999 was 76.6% (95% CI 74.5-78.5), compared with 75.6%",277,False,False,unparsable,False,False,2–5,<= 512 (normal)
16,Estimated fetal weight by ultrasound: a modifiable risk factor for cesarean delivery?,yes,no,False,6.9973,7.2891,4.8183,0.2917,"""If the fetus is large enough, then the mother should be delivered by CD.""",221,False,True,unparsable,False,False,< 1 (uncertain),<= 512 (normal)
17,Are financial incentives cost-effective to support smoking cessation during pregnancy?,yes,no,False,5.4595,9.1569,4.3641,3.6974,£400 vouchers are not cost-effective.,386,False,False,no,True,True,2–5,<= 512 (normal)
18,Do adjuvant aromatase inhibitors increase the cardiovascular risk in postmenopausal women with early breast cancer?,yes,no,False,5.4414,8.4483,4.3091,3.0068,AIs do not increase the risk of CVAE in postmenopausal women with early breast cancer.,343,False,False,no,True,True,2–5,<= 512 (normal)
19,Is fear of anaphylactic shock discouraging surgeons from more widely adopting percutaneous and laparoscopic techniques in the treatment of liver hydatid cyst?,yes,no,False,4.5178,8.0599,4.05,3.5421,"""I would not use laparoscopy or percutaneous techniques for the treatment of liver hydatid cyst.""",178,False,False,no,True,True,2–5,<= 512 (normal)
20,Risk stratification in emergency surgical patients: is the APACHE II score a reliable marker of physiological impairment?,yes,no,False,5.0258,7.6254,4.3703,2.5996,APACHE II score is a reliable marker of physiological impairment in emergency surgical patients.,320,False,False,unparsable,False,False,2–5,<= 512 (normal)
21,Can Flexible Instruments Create Adequate Femoral Tunnel Lengths at 90° of Knee Flexion in Anterior Cruciate Ligament Reconstruction?,yes,no,False,2.7195,7.4941,5.1053,2.3888,the flexible reamer system can create adequate femoral tunnel lengths at 90 ° of knee flexion.,417,False,False,unparsable,False,False,2–5,<= 512 (normal)
22,Do mitochondria play a role in remodelling lace plant leaves during programmed cell death?,yes,no,False,1.5733,6.2944,4.0551,2.2394,mitochondria play a role in the remodelling of lace plant leaves during PCD.,373,False,False,unparsable,False,False,2–5,<= 512 (normal)
23,"""Occult"" posttraumatic lesions of the knee: can magnetic resonance substitute for diagnostic arthroscopy?",yes,no,False,3.209,8.8907,2.6752,5.6817,"bone bruise in 12 / 25 (48%), subchondral in 12 / 33 (36%) and osteochondral in 3 / 35 (8.6%",459,False,False,unparsable,False,False,> 5 (confident),<= 512 (normal)
24,Does Sensation Return to the Nasal Tip After Microfat Grafting?,yes,no,False,7.9014,8.8785,3.8248,0.977,"""The nasal tip sensation returned to normal.""",274,False,True,unparsable,False,False,< 1 (uncertain),<= 512 (normal)
25,Do some U.S. states have higher/lower injury mortality rates than others?,yes,no,False,4.9201,6.4164,3.9689,1.4963,"""The road traffic deaths in the U.S. are higher in group 1 states than in group 2 states.""",181,False,False,unparsable,False,False,1–2,<= 512 (normal)
26,Hepatorenal syndrome: are we missing some prognostic factors?,yes,no,False,2.6973,7.5787,2.8053,4.7734,HRS associated with alcoholic liver disease is associated with a poor prognosis.,338,False,False,unparsable,False,False,2–5,<= 512 (normal)
27,"The Main Gate Syndrome: a new format in mass-casualty victim ""surge"" management?",yes,no,False,2.3987,6.69,1.7656,4.2913,"""Major Gate Syndrome"" (MGS): a massive abdominal trauma with a high probability of death.",153,False,False,unparsable,False,False,2–5,<= 512 (normal)
28,Is EQ-5D a valid quality of life instrument in patients with acute coronary syndrome?,yes,no,False,5.6987,7.2315,2.8787,1.5328,"""I am very satisfied"" (β = 0.201; 95% CI: 0.114-0.248; p < 0.001), ""I am",283,False,False,unparsable,False,False,1–2,<= 512 (normal)
29,Is portable ultrasonography accurate in the evaluation of Schanz pin placement during extremity fracture fixation in austere environments?,yes,no,False,6.6639,8.0798,3.9491,1.416,"""There is no difference between the ultrasound and direct measurements of Schanz pin placement.""",280,False,False,no,True,True,1–2,<= 512 (normal)
30,Is grandmultiparity an independent risk factor for adverse perinatal outcomes?,yes,no,False,4.8558,7.4937,3.3653,2.6379,grandmultiparous women are at significantly higher risk for adverse perinatal outcomes than multiparous women 30 years or older.,286,False,False,unparsable,False,False,2–5,<= 512 (normal)
31,Does depression diagnosis and antidepressant prescribing vary by location?,yes,no,False,2.0126,8.1166,3.0985,5.0182,"for new diagnosis of depression Pakistani (OR 0.83, CI 0.73-0.94), Indian (OR 0.88, CI 0.79-0.98), Banglad",330,False,False,no,True,True,> 5 (confident),<= 512 (normal)
32,Learning needs of postpartum women: does socioeconomic status matter?,yes,no,False,5.0794,7.8465,3.9373,2.7672,"""I don't know what to do.""",339,False,False,no,True,True,2–5,<= 512 (normal)
33,Is there a differential in the dental health of new recruits to the British Armed Forces?,yes,no,False,4.6363,8.9723,2.4951,4.336,'There is no evidence that the dental health of new recruits to the British Armed Forces is different from that of recruits to the Royal Navy or,282,False,False,no,True,True,2–5,<= 512 (normal)
34,Do patients with rheumatoid arthritis established on methotrexate and folic acid 5 mg daily need to continue folic acid supplements long term?,yes,no,False,4.4359,8.6443,5.3271,3.3172,stopping FA supplementation in patients with RA established on methotrexate < 20 mg weekly and FA 5 mg daily may be associated with an increased incidence of nausea.,341,False,False,unparsable,False,False,2–5,<= 512 (normal)
35,Can teaching medical students to investigate medication errors change their attitudes towards patient safety?,yes,no,False,4.2615,6.1836,0.3601,1.9222,"'I am not sure' (n = 25), 'I am not sure' (n = 25), 'I am not sure'",221,False,False,no,True,True,1–2,<= 512 (normal)
36,Does a delay in transfer to a rehabilitation unit for older people affect outcome after fracture of the proximal femur?,yes,no,False,7.1564,8.441,5.4555,1.2846,"""There is no relationship between delay in transfer to a rehabilitation ward and outcome for patients aged over 75 years with fracture of the proximal femur.""",236,False,False,no,True,True,1–2,<= 512 (normal)
37,Are there gender differences in the reasons why African Americans delay in seeking medical help for symptoms of an acute myocardial infarction?,yes,no,False,3.1895,6.9549,3.6909,3.264,"""I don't know what to do"" (P = .01).",265,False,False,no,True,True,2–5,<= 512 (normal)
38,Does ambulatory process of care predict health-related quality of life outcomes for patients with chronic disease?,yes,yes,True,8.3277,7.5042,4.9888,0.8235,"""yes"" for the patient with the best quartile of process of care.",273,False,True,yes,True,True,< 1 (uncertain),<= 512 (normal)
39,Is the combination with 2-methoxyestradiol able to reduce the dosages of chemotherapeutices in the treatment of human ovarian cancer?,yes,no,False,3.3933,8.1315,6.5362,1.5953,2ME is a promising candidate for the treatment of ovarian cancer.,222,False,False,unparsable,False,False,1–2,<= 512 (normal)
40,Does a dedicated discharge coordinator improve the quality of hospital discharge?,yes,no,False,8.5204,8.7212,5.2293,0.2008,'The discharge coordinator is a key element of the discharge planning process'.,344,False,True,unparsable,False,False,< 1 (uncertain),<= 512 (normal)
41,Impact of MPH programs: contributing to health system strengthening in low- and middle-income countries?,yes,no,False,2.5137,6.8176,3.035,3.7826,the MPH programs have contributed to strengthening health systems in low- and middle-income countries.,472,False,False,unparsable,False,False,2–5,<= 512 (normal)
42,Pap smears with glandular cell abnormalities: Are they detected by rapid prescreening?,yes,no,False,2.6004,7.7088,1.8567,5.1084,"""The Pap smear with glandular cell abnormalities is not detected by RPS.""",331,False,False,unparsable,False,False,> 5 (confident),<= 512 (normal)
43,Can transcranial direct current stimulation be useful in differentiating unresponsive wakefulness syndrome from minimally conscious state patients?,yes,no,False,4.3522,7.4399,4.7349,2.705,"MCS patients should be treated with a-tDCS, whereas UWS patients should not.",261,False,False,unparsable,False,False,2–5,<= 512 (normal)
44,Is etoricoxib effective in preventing heterotopic ossification after primary total hip arthroplasty?,yes,no,False,6.6703,9.0908,5.1499,2.4204,"""Etoricoxib is effective in preventing heterotopic ossification after total hip arthroplasty.""",231,False,False,unparsable,False,False,2–5,<= 512 (normal)
45,Assessing Patient Reported Outcomes Measures via Phone Interviews Versus Patient Self-Survey in the Clinic: Are We Measuring the Same Thing?,yes,no,False,6.5235,8.0464,1.3269,1.5229,"""yes"" for ODI, ""no"" for VAS-BP, and ""yes"" for VAS-LP. """,522,False,False,yes,True,False,1–2,> 512 (long)
46,Can emergency physicians accurately and reliably assess acute vertigo in the emergency department?,yes,no,False,7.1224,8.0847,4.481,0.9623,"""yes"" for spontaneous nystagmus, ""no"" for directional preponderance, ""no"" for head impulse test and ""standiNG"" for gait.",374,False,True,yes,True,False,< 1 (uncertain),<= 512 (normal)
47,Proof of concept study: does fenofibrate have a role in sleep apnoea syndrome?,yes,no,False,7.0012,9.6518,5.1432,2.6505,fenofibrate has a role in the treatment of sleep apnoea syndrome.,454,False,False,no,True,True,2–5,<= 512 (normal)
48,Does implant coating with antibacterial-loaded hydrogel reduce bacterial colonization and biofilm formation in vitro?,yes,no,False,3.9905,7.7164,3.5185,3.7258,DAC hydrogel is able to deliver antibacterial compounds in vitro and in vivo.,275,False,False,unparsable,False,False,2–5,<= 512 (normal)
49,Does bone anchor fixation improve the outcome of percutaneous bladder neck suspension in female stress urinary incontinence?,yes,no,False,3.972,8.9706,4.2142,4.7564,"'No' in 12 (32%), 'Partial' in 18 (49%) and 'Complete' in four (11%).",299,False,False,no,True,True,2–5,<= 512 (normal)
50,Is leptin involved in phagocytic NADPH oxidase overactivity in obesity?,yes,no,False,4.4859,6.8374,4.0414,2.3515,leptin is involved in the development of oxidative stress and vascular remodeling in obesity.,301,False,False,unparsable,False,False,2–5,<= 512 (normal)
51,Can we predict which head and neck cancer survivors develop fears of recurrence?,yes,no,False,4.1808,7.2091,3.3066,3.0283,"""Fear of recurrence is not a problem"" (i.e., the patient is afraid of recurrence).",313,False,False,unparsable,False,False,2–5,<= 512 (normal)
52,Differentiation of nonalcoholic from alcoholic steatohepatitis: are routine laboratory markers useful?,yes,no,False,3.7426,7.9371,2.1322,4.1945,"AST / ALT ratio > 1, male sex, and MCV > 80 fl.",312,False,False,unparsable,False,False,2–5,<= 512 (normal)
53,Traumatic aortic injury: does the anatomy of the aortic arch influence aortic trauma severity?,yes,no,False,3.9764,7.8347,4.0832,3.7516,the aortic arch angle is a good predictor of the severity of aortic injury.,246,False,False,unparsable,False,False,2–5,<= 512 (normal)
54,The Prevalence of Incidentally Detected Idiopathic Misty Mesentery on Multidetector Computed Tomography: Can Obesity Be the Triggering Cause?,yes,no,False,0.9324,8.0157,4.4634,3.5523,"idiopathic misty mesentery appearance is a rare finding, but it is a common finding in obese patients.",292,False,False,unparsable,False,False,2–5,<= 512 (normal)
55,Fast foods - are they a risk factor for asthma?,yes,no,False,4.8625,8.7935,5.4123,3.3811,"""No.""",376,False,False,no,True,True,2–5,<= 512 (normal)
56,Assessment of appropriate antimicrobial prescribing: do experts agree?,yes,no,False,3.5306,7.7929,2.9728,4.2623,"""I am not sure.""",269,False,False,no,True,True,2–5,<= 512 (normal)
57,Pulmonary valve replacement in adults late after repair of tetralogy of fallot: are we operating too late?,yes,no,False,3.8258,8.185,4.3773,3.8076,PVR should be considered in patients with a pre-operative RVEF > or = 0.40.,329,False,False,unparsable,False,False,2–5,<= 512 (normal)
58,Is amoxapine an atypical antipsychotic?,yes,no,False,4.2371,7.4484,2.542,3.2113,amoxapine is an atypical antipsychotic.,208,False,False,unparsable,False,False,2–5,<= 512 (normal)
59,Do older patients who refuse to participate in a self-management intervention in the Netherlands differ from older patients who agree to participate?,yes,no,False,2.8555,7.5688,3.071,4.4977,"""I am not interested in the intervention.""",291,False,False,no,True,True,2–5,<= 512 (normal)
60,Is horizontal semicircular canal ocular reflex influenced by otolith organs input?,yes,no,False,5.6089,6.775,4.2372,1.1661,"""Horizontal canal ocular reflex is influenced by otolith organs input.""",189,False,False,unparsable,False,False,1–2,<= 512 (normal)
61,Preoperative tracheobronchoscopy in newborns with esophageal atresia: does it matter?,yes,no,False,3.3852,9.1127,2.4627,5.7275,"in type A, TBS is not necessary; in type B, it is mandatory to perform TBS to rule out a fistula; in type C, it",333,False,False,no,True,True,> 5 (confident),<= 512 (normal)
62,Is it appropriate to implant kidneys from elderly donors in young recipients?,yes,no,False,4.1548,8.2889,5.9183,2.3706,the results are not inferior to those obtained with kidneys from younger donors.,354,False,False,no,True,True,2–5,<= 512 (normal)
63,Is muscle power related to running speed with changes of direction?,yes,no,False,3.5069,7.6959,4.0189,3.6771,"""The leg with the greater power output is faster.""",251,False,False,unparsable,False,False,2–5,<= 512 (normal)
64,Stretch-sensitive KCNQ1 mutation A link between genetic and environmental factors in the pathogenesis of atrial fibrillation?,yes,no,False,3.1988,5.4253,2.4976,2.2265,The R14C mutation in KCNQ1 is a cause of AF in this family.,285,False,False,unparsable,False,False,2–5,<= 512 (normal)
65,Are pelvic anatomical structures in danger during arthroscopic acetabular labral repair?,yes,no,False,2.299,7.9637,2.114,5.6647,"the risk of perforation to the pelvic cavity is low, and the risk of perforation to the surrounding structures is low.",270,False,False,unparsable,False,False,> 5 (confident),<= 512 (normal)
66,Is intraoperative neuromonitoring associated with better functional outcome in patients undergoing open TME?,yes,no,False,6.4982,8.2335,3.4859,1.7354,IONM is associated with better urogenital and anorectal functional outcome in patients undergoing open TME.,272,False,False,unparsable,False,False,1–2,<= 512 (normal)
67,Profiling quality of care: Is there a role for peer review?,yes,no,False,6.0269,7.9175,2.2853,1.8906,"""The quality of care is better for patients with diabetes and hypertension than for patients with COPD or acute conditions.""",365,False,False,unparsable,False,False,1–2,<= 512 (normal)
68,Multidisciplinary decisions in breast cancer: does the patient receive what the team has recommended?,yes,no,False,2.3039,7.9574,2.7329,5.2245,"'no' for 493 (82.7%), 'justifiable' for 27 (4.6%), 'unjustifiable' for 11",249,False,False,no,True,True,> 5 (confident),<= 512 (normal)
69,Are performance measurement systems useful?,yes,no,False,4.5139,7.0747,1.8152,2.5607,"""The strategic use of PMS is a positive and significant predictor of the level of perceived managerial discretion.""",219,False,False,unparsable,False,False,2–5,<= 512 (normal)
70,The colour of pain: can patients use colour to describe osteoarthritis pain?,yes,no,False,6.381,7.3105,5.1529,0.9295,"'If you can use colour to describe your pain, then you can say that it is' red '.'",315,False,True,unparsable,False,False,< 1 (uncertain),<= 512 (normal)
71,Do mossy fibers release GABA?,yes,no,False,2.9592,6.3208,1.7004,3.3616,mossy fibers release GABA.,271,False,False,unparsable,False,False,2–5,<= 512 (normal)
72,Is severe macrosomia manifested at 11-14 weeks of gestation?,yes,no,False,6.6559,7.6908,3.6046,1.0349,severe macrosomia is manifested at 11-14 weeks of gestation.,288,False,False,unparsable,False,False,1–2,<= 512 (normal)
73,Visceral adipose tissue area measurement at a single level: can it represent visceral adipose tissue volume?,yes,no,False,4.7428,6.1164,3.607,1.3736,"""The VAT area at a slice 3 cm above the lower margin of L3 is the best predictor of changes in VAT volume and body weight.""",212,False,False,unparsable,False,False,1–2,<= 512 (normal)
74,Is an advance care planning model feasible in community palliative care?,yes,no,False,3.7433,6.1868,3.6596,2.4435,'The model is feasible'.,262,False,False,unparsable,False,False,2–5,<= 512 (normal)
75,Do cytokines have any role in epilepsy?,yes,no,False,4.0287,9.1781,3.8079,5.1493,"IL-6 (p = 0.001), IL-1beta (p = 0.001), IL-2 (p = 0.001), IL-4",468,False,False,unparsable,False,False,> 5 (confident),<= 512 (normal)
76,Is expert breast pathology assessment necessary for the management of ductal carcinoma in situ ?,yes,no,False,4.4381,9.216,4.0746,4.7779,"""There is no need for expert breast pathology assessment of DCIS.""",269,False,False,no,True,True,2–5,<= 512 (normal)
77,Treadmill testing of children who have spina bifida and are ambulatory: does peak oxygen uptake reflect maximum oxygen uptake?,yes,no,False,4.3594,7.8051,4.1749,3.4457,(.) Vo (2) peak is a true reflection of (.) Vo (2) max.,395,False,False,unparsable,False,False,2–5,<= 512 (normal)
78,Subclavian steal syndrome: can the blood pressure difference between arms predict the severity of steal?,yes,no,False,4.5771,8.4621,3.7025,3.885,"complete reversal, systolic deceleration, or alternating flow.",352,False,False,unparsable,False,False,2–5,<= 512 (normal)
79,Is size-reducing ascending aortoplasty with external reinforcement an option in modern aortic surgery?,yes,no,False,1.8977,8.477,3.9581,4.5189,size-reducing ascending aortoplasty with external reinforcement is an option in modern aortic surgery.,313,False,False,unparsable,False,False,2–5,<= 512 (normal)
80,Is digoxin use for cardiovascular disease associated with risk of prostate cancer?,yes,no,False,6.4246,8.7041,4.7581,2.2795,"""There is no association between digoxin use and PCa risk.""",287,False,False,no,True,True,2–5,<= 512 (normal)
81,Screening for gestational diabetes mellitus: are the criteria proposed by the international association of the Diabetes and Pregnancy Study Groups cost-effective?,yes,no,False,5.4695,9.7129,0.9142,4.2435,"""The IADPSG criteria are cost-effective"" (ICER < $50,000 / QALY).",342,False,False,unparsable,False,False,2–5,<= 512 (normal)
82,Does a 4 diagram manual enable laypersons to operate the Laryngeal Mask Supreme®?,yes,no,False,4.1664,7.4256,3.3638,3.2592,"""The LMAS is inserted correctly"" in 96.7% of the cases.",376,False,False,unparsable,False,False,2–5,<= 512 (normal)
83,Is laparoscopic reoperation for failed antireflux surgery feasible?,yes,no,False,3.7011,8.688,3.0256,4.9869,laparoscopic reoperation for failed antireflux surgery is feasible.,519,False,False,unparsable,False,False,2–5,> 512 (long)
84,The Omega-3 Index: a new risk factor for death from coronary heart disease?,yes,no,False,4.1456,7.4874,5.094,2.3934,"""The Omega-3 Index is a new risk factor for death from CHD.""",254,False,False,unparsable,False,False,2–5,<= 512 (normal)
85,Do cytokine concentrations in pancreatic juice predict the presence of pancreatic diseases?,yes,no,False,4.6679,9.2816,2.1759,4.6137,"interleukin-8 > or = 100 pg / mL (sensitivity, 76.9%; specificity, 76.9%), interleukin-6 > or =",299,False,False,unparsable,False,False,2–5,<= 512 (normal)
86,Factors determining the survival of nasopharyngeal carcinoma with lung metastasis alone: does combined modality treatment benefit?,yes,no,False,4.4847,7.5282,3.8079,3.0435,"combined therapy might benefit the patients with DFI > 1 year, but not those with DFI ≤ 1 year.",314,False,False,unparsable,False,False,2–5,<= 512 (normal)
87,Is minimally invasive mitral valve repair with artificial chords reproducible and applicable in routine surgery?,yes,no,False,4.0319,8.662,3.6832,4.6302,minimally invasive mitral repair with artificial chords is reproducible and applicable in routine surgery.,317,False,False,unparsable,False,False,2–5,<= 512 (normal)
88,Does receipt of hospice care in nursing homes improve the management of pain at the end of life?,yes,no,False,5.9362,7.4197,3.8004,1.4835,"""Do not receive analgesics for daily pain?""",465,False,False,no,True,True,1–2,<= 512 (normal)
89,Is intensive chemotherapy safe for rural cancer patients?,yes,no,False,3.7882,9.3705,2.7173,5.5823,no difference in the safety of intensive chemotherapy regimens for rural and urban patients.,310,False,False,no,True,True,> 5 (confident),<= 512 (normal)
90,Is the urinary biomarkers assessment a non-invasive approach to tubular lesions of the solitary kidney?,yes,no,False,2.7931,7.8151,4.5533,3.2618,"NAG > 5 U / L, urinary alpha 1-microglobulin > 5 mg / L, urinary albumin > 30 mg / L, eGFR < 60 mL",364,False,False,unparsable,False,False,2–5,<= 512 (normal)
91,Does open access endoscopy close the door to an adequately informed patient?,yes,no,False,5.5435,7.5835,4.9987,2.04,"""I am not sure.""",307,False,False,no,True,True,2–5,<= 512 (normal)
92,Do viral infections have a role in benign paroxysmal positional vertigo?,yes,no,False,4.9668,7.6981,3.7932,2.7314,"HSV1, herpes zoster, adenovirus, influenza, parainfluenza virus, and CMV.",223,False,False,unparsable,False,False,2–5,<= 512 (normal)
93,Does reducing spasticity translate into functional benefit?,yes,yes,True,9.4517,8.7555,6.042,0.6962,"""There is a relationship between spasticity and functional improvement.""",332,False,True,unparsable,False,False,< 1 (uncertain),<= 512 (normal)
94,Is the Retromandibular Transparotid Approach a Reliable Option for the Surgical Treatment of Condylar Fractures?,yes,no,False,3.6706,9.5599,1.9809,5.8893,the retromandibular transparotid approach is a reliable option for the surgical treatment of condylar fractures.,243,False,False,unparsable,False,False,> 5 (confident),<= 512 (normal)
95,Do ventricular arrhythmias in athletes subside over time?,yes,no,False,2.416,8.1857,2.7026,5.483,the athletes with ventricular arrhythmias during an exercise test had a significantly lower peak heart rate during their initial exercise test than the athletes without ventricular arrhythmias (P =,309,False,False,unparsable,False,False,> 5 (confident),<= 512 (normal)
96,Are complex coronary lesions more frequent in patients with diabetes mellitus?,yes,no,False,3.3911,7.5225,3.1511,4.1314,the prevalence of complex coronary lesions is significantly greater in diabetics than in nondiabetics.,342,False,False,unparsable,False,False,2–5,<= 512 (normal)
97,Can dogs prime autistic children for therapy?,yes,no,False,6.0653,6.9343,1.3355,0.869,the dog can be considered a positive stimulus for the participant.,283,False,True,unparsable,False,False,< 1 (uncertain),<= 512 (normal)
98,Quality of life in lung cancer patients: does socioeconomic status matter?,yes,no,False,6.2013,8.7908,4.7564,2.5895,"'No' for physical mobility (P = 0.01), role functioning (P = 0.01), physical functioning (P = 0.01), and breath",311,False,False,no,True,True,2–5,<= 512 (normal)
99,Is there a model to teach and practice retroperitoneoscopic nephrectomy?,yes,no,False,5.2369,7.2828,1.924,2.0459,"""The model is a good training model for RPN.""",268,False,False,unparsable,False,False,2–5,<= 512 (normal)
100,Is the type of remission after a major depressive episode an important risk factor to relapses in a 4-year follow up?,yes,no,False,5.8345,7.7463,5.428,1.9118,"""The number of previous depressive episodes"" (p = 0.001), ""the intensity of clinical symptoms"" (p = 0.001), ""the age",240,False,False,unparsable,False,False,1–2,<= 512 (normal)
101,Implementation of epidural analgesia for labor: is the standard of effective analgesia reachable in all women?,yes,no,False,3.6862,7.7557,2.3856,4.0696,"""I don't know"" in cluster 1 (n = 523) and ""I don't know"" in cluster 2 (n = 523",312,False,False,no,True,True,2–5,<= 512 (normal)
102,Longer term quality of life and outcome in stroke patients: is the Barthel index alone an adequate measure of outcome?,yes,no,False,6.5948,8.3721,3.1349,1.7773,"""I am not able to do anything I can do.""",374,False,False,no,True,True,1–2,<= 512 (normal)
103,Does a special interest in laparoscopy affect the treatment of acute cholecystitis?,yes,no,False,6.1026,7.8618,3.982,1.7592,"LS group, n = 48 (100%); GS group, n = 122 (99%).",331,False,False,unparsable,False,False,1–2,<= 512 (normal)
104,Do older adults with cancer fall more often?,yes,no,False,7.2629,8.2693,5.5916,1.0064,"""There is no difference in fall rates between older adults with and without cancer.""",274,False,False,no,True,True,1–2,<= 512 (normal)
105,Two-year follow-up survey of patients with allergic contact dermatitis from an occupational cohort: is the prognosis dependent on the omnipresence of the allergen?,yes,no,False,3.6085,7.3895,1.9799,3.781,"""No.""",284,False,False,no,True,True,2–5,<= 512 (normal)
106,Is there a favorable subset of patients with prostate cancer who develop oligometastases?,yes,no,False,5.1912,8.4149,5.7063,2.7086,< or = 5 lesions are favorable prognostic factors for prostate cancer patients who develop oligometastases.,437,False,False,unparsable,False,False,2–5,<= 512 (normal)
107,Does radiotherapy around the time of pregnancy for Hodgkin's disease modify the risk of breast cancer?,yes,no,False,6.137,7.9652,3.407,1.8282,"""Pregnancy around the time of RT for Hodgkin's disease increases the risk of breast cancer.""",363,False,False,unparsable,False,False,1–2,<= 512 (normal)
108,Does left atrial appendage (LAA) occlusion device alter the echocardiography and electrocardiogram parameters in patients with atrial fibrillation?,yes,no,False,3.1204,8.0185,3.9126,4.106,"the device may cause a slight and measureable movement of QRS electric axis, but it does not affect the heart rate and the mean-mean QT interval",272,False,False,unparsable,False,False,2–5,<= 512 (normal)
109,Is non-invasive diagnosis of esophageal varices in patients with compensated hepatic cirrhosis possible by duplex Doppler ultrasonography?,yes,no,False,3.7459,9.6644,3.5826,5.9184,"SPI ≥ 5.0, negative predictive value (NPV) = 100%, sensitivity = 96%, specificity = 82%.",431,False,False,unparsable,False,False,> 5 (confident),<= 512 (normal)
110,Do inhaled steroids differ from cromones in terms of hospital admission rates for asthma in children?,yes,no,False,4.6454,8.0748,3.2403,3.4293,"""No.""",303,False,False,no,True,True,2–5,<= 512 (normal)
111,Does airway surgery lower serum lipid levels in obstructive sleep apnea patients?,yes,no,False,4.2827,7.8146,3.3512,3.5319,"UPPP may improve serum lipid profiles in OSA patients with normal serum lipids, but not in those with isolated hypertriglyceridemia or hypercholesterolemia.",368,False,False,unparsable,False,False,2–5,<= 512 (normal)
112,Israeli hospital preparedness for terrorism-related multiple casualty incidents: can the surge capacity and injury severity distribution be better predicted?,yes,no,False,1.7914,7.7499,2.1435,5.6064,"""No.""",339,False,False,no,True,True,> 5 (confident),<= 512 (normal)
113,Do instrumental activities of daily living predict dementia at 1- and 2-year follow-up?,yes,yes,True,9.0248,8.3487,3.6242,0.676,"""Do you have IADL disabilities?""",330,False,True,unparsable,False,False,< 1 (uncertain),<= 512 (normal)
114,Is pelvic pain associated with defecatory symptoms in women with pelvic organ prolapse?,yes,no,False,7.0171,9.9965,3.4473,2.9794,"""no pain"" (n = 124), ""pain"" (n = 96).",208,False,False,no,True,True,2–5,<= 512 (normal)
115,Does the SCL 90-R obsessive-compulsive dimension identify cognitive impairments?,yes,no,False,7.6178,7.9308,4.326,0.313,"""Yes,"" ""No,"" or ""No.""",256,False,True,yes,True,False,< 1 (uncertain),<= 512 (normal)
116,Is non-HDL-cholesterol a better predictor of long-term outcome in patients after acute myocardial infarction compared to LDL-cholesterol?,yes,no,False,4.9929,7.4131,5.9059,1.5072,non-HDL-C is a better predictor of long-term outcome than LDL-C in Thai patients after AMI.,415,False,False,no,True,True,1–2,<= 512 (normal)
117,Body diffusion-weighted MR imaging of uterine endometrial cancer: is it helpful in the detection of cancer in nonenhanced MR imaging?,yes,no,False,4.086,7.917,1.5109,3.831,DW images are useful in the detection of endometrial cancer in addition to T2-weighted images.,343,False,False,unparsable,False,False,2–5,<= 512 (normal)
118,Does pediatric housestaff experience influence tests ordered for infants in the neonatal intensive care unit?,yes,no,False,3.873,7.4465,4.8424,2.6042,"""We believe that the on-call pediatric house officer is more likely to order tests for infants in the neonatal ICU than residents.""",370,False,False,unparsable,False,False,2–5,<= 512 (normal)
119,Biomolecular identification of allergenic pollen: a new perspective for aerobiological monitoring?,yes,no,False,4.4562,7.0018,1.9495,2.5456,the PCR-based method is a promising tool for the detection and quantification of allergenic pollen.,279,False,False,unparsable,False,False,2–5,<= 512 (normal)
120,Is the 7th TNM edition suitable for biological predictor in early gastric cancer?,yes,no,False,3.3048,6.8796,3.2614,3.5748,the 7th TNM staging is not suitable for prediction of clinical behavior of EGC.,243,False,False,unparsable,False,False,2–5,<= 512 (normal)
121,Are lower fasting plasma glucose levels at diagnosis of type 2 diabetes associated with improved outcomes?,yes,no,False,6.4224,8.306,4.1337,1.8836,"""There is no evidence that FPG levels at diagnosis of type 2 diabetes are associated with improved outcomes.""",300,False,False,no,True,True,1–2,<= 512 (normal)
122,Remote ischemic postconditioning: does it protect against ischemic damage in percutaneous coronary revascularization?,yes,no,False,8.7628,9.2097,3.1304,0.4469,"""yes"" for the primary outcome and ""no"" for the secondary outcome.",238,False,True,yes,True,False,< 1 (uncertain),<= 512 (normal)
123,Does multi-modal cervical physical therapy improve tinnitus in patients with cervicogenic somatic tinnitus?,yes,no,False,7.2941,8.7637,5.4846,1.4696,"""No.""",354,False,False,no,True,True,1–2,<= 512 (normal)
124,Processing fluency effects: can the content and presentation of participant information sheets influence recruitment and participation for an antenatal intervention?,yes,no,False,5.2063,6.3163,1.5196,1.1099,"Double Awkward (p = .014), Double Fluent (p = .018), Awkward Title-Flu",254,False,False,unparsable,False,False,1–2,<= 512 (normal)
125,Fulfilling human resources development goal in West Africa: can the training of ophthalmologist diplomates be improved?,yes,no,False,4.4933,6.7295,3.6508,2.2362,the ODT should be improved to meet the human resources development goal in West Africa.,424,False,False,unparsable,False,False,2–5,<= 512 (normal)
126,Predicting admission at triage: are nurses better than a simple objective score?,yes,no,False,6.8412,7.9302,2.4603,1.0889,'GAPS' = GAPS '+ VAS'.,361,False,False,unparsable,False,False,1–2,<= 512 (normal)
127,Are adult body circumferences associated with height?,yes,no,False,3.2486,7.9427,4.3638,3.5789,"WC / height scaled positively to height in men and women, and HC / height scaled negatively to height in men and women.",371,False,False,unparsable,False,False,2–5,<= 512 (normal)
128,Can progression of valvar aortic stenosis be predicted accurately?,yes,no,False,6.0077,7.9166,4.076,1.909,"If AVA is below 0.75 cm (2), or AVA is 0.8 cm (2) or 1.0 cm (2) with VC of I",290,False,False,unparsable,False,False,1–2,<= 512 (normal)
129,Does the National Institutes of Health Stroke Scale favor left hemisphere strokes?,yes,yes,True,8.2393,6.9988,3.9626,1.2404,"""The NIHSS score is a valid, reproducible scale that measures neurological deficit in patients with right hemisphere strokes.""",403,False,False,unparsable,False,False,1–2,<= 512 (normal)
130,MiraLAX vs. Golytely: is there a significant difference in the adenoma detection rate?,yes,no,False,3.294,7.6163,2.6674,4.3222,MiraLAX is more efficacious than Golytely in bowel preparation quality and adenoma detection.,360,False,False,unparsable,False,False,2–5,<= 512 (normal)
131,Can gingival crevicular blood be relied upon for assessment of blood glucose level?,yes,no,False,5.499,7.2602,4.154,1.7612,"""It is possible to use gingival crevicular blood for the assessment of blood glucose levels.""",271,False,False,unparsable,False,False,1–2,<= 512 (normal)
132,Is zero central line-associated bloodstream infection rate sustainable?,yes,no,False,4.13,6.7989,0.8471,2.6689,"""We have been able to achieve zero CLABSI rates in our NICU for > 370 consecutive days.""",296,False,False,unparsable,False,False,2–5,<= 512 (normal)
133,Does treatment duration affect outcome after radiotherapy for prostate cancer?,yes,no,False,7.2683,8.2756,5.7313,1.0073,"""The longer the treatment, the worse the outcome.""",364,False,False,unparsable,False,False,1–2,<= 512 (normal)
134,Patient-Controlled Therapy of Breathlessness in Palliative Care: A New Therapeutic Concept for Opioid Administration?,yes,no,False,5.5093,7.8629,3.6753,2.3536,"""I am not able to do anything to relieve my breathlessness.""",409,False,False,no,True,True,2–5,<= 512 (normal)
135,Is pain a clinically relevant problem in general adult psychiatry?,yes,no,False,6.2969,7.8436,4.2237,1.5468,"""Pain is a clinically relevant problem in general adult psychiatry.""",254,False,False,unparsable,False,False,1–2,<= 512 (normal)
136,Should displaced midshaft clavicular fractures be treated surgically?,yes,no,False,8.133,8.5339,4.6859,0.4009,"""There is no evidence that operative treatment is superior to nonoperative treatment for DMCF.""",312,False,True,no,True,True,< 1 (uncertain),<= 512 (normal)
137,Telemedicine and type 1 diabetes: is technology per se sufficient to improve glycaemic control?,yes,no,False,4.3954,8.0941,1.5811,3.6986,"""Telemedicine and teleconsultations are not sufficient to improve glycaemic control.""",334,False,False,unparsable,False,False,2–5,<= 512 (normal)
138,Do European people with type 1 diabetes consume a high atherogenic diet?,yes,no,False,3.6752,8.1657,2.5211,4.4905,"protein (100 / 0 / 0), fat (100 / 0 / 0), carbohydrate (100 / 0 / 0), saturated fat (",354,False,False,unparsable,False,False,2–5,<= 512 (normal)
139,Preoperative platelet count in esophageal squamous cell carcinoma: is it a prognostic factor?,yes,no,False,4.889,7.6748,1.4506,2.7858,platelet count ≤ 205 is a favorable prognostic factor for ESCC.,317,False,False,unparsable,False,False,2–5,<= 512 (normal)
140,Should serum pancreatic lipase replace serum amylase as a biomarker of acute pancreatitis?,yes,no,False,6.3035,7.443,4.5173,1.1395,"""If serum pancreatic lipase is elevated, then serum amylase is normal.""",390,False,False,unparsable,False,False,1–2,<= 512 (normal)
141,Do Electrochemiluminescence Assays Improve Prediction of Time to Type 1 Diabetes in Autoantibody-Positive TrialNet Subjects?,yes,yes,True,7.4142,7.369,2.8925,0.0452,ECL-GADA and / or ECL-IAA are useful predictors of time to diabetes in autoantibody-positive TrialNet subjects.,365,False,True,unparsable,False,False,< 1 (uncertain),<= 512 (normal)
142,Does SYNTAX score predict in-hospital outcomes in patients with ST elevation myocardial infarction undergoing primary percutaneous coronary intervention?,yes,no,False,7.1258,10.8924,4.1643,3.7666,"SxS > 22 is associated with higher risk of no-reflow (OR 3.734, 95% CI 1.704-8.0",364,False,False,unparsable,False,False,2–5,<= 512 (normal)
143,Are behavioural risk factors to be blamed for the conversion from optimal blood pressure to hypertensive status in Black South Africans?,yes,no,False,3.5602,7.1878,2.749,3.6276,'Is it possible to predict the development of hypertension from optimal BP to hypertensive status in Black South Africans?'.,375,False,False,unparsable,False,False,2–5,<= 512 (normal)
144,Does the type of tibial component affect mechanical alignment in unicompartmental knee replacement?,yes,no,False,2.666,7.1319,3.3856,3.7463,"""The thicker the insert, the better the postoperative alignment.""",277,False,False,unparsable,False,False,2–5,<= 512 (normal)
145,Upstream solutions: does the supplemental security income program reduce disability in the elderly?,yes,no,False,3.797,6.36,2.4411,2.5629,The SSI program has a substantial effect on disability among the elderly.,328,False,False,unparsable,False,False,2–5,<= 512 (normal)
146,Can serum be used for analyzing the EGFR mutation status in patients with advanced non-small cell lung cancer?,yes,no,False,6.4537,7.7593,4.9912,1.3056,EGFR mutation status in serum samples is a good predictor of EGFR mutation status in tumor samples.,310,False,False,unparsable,False,False,1–2,<= 512 (normal)
147,Are failures of anterior cruciate ligament reconstruction associated with steep posterior tibial slopes?,yes,no,False,6.5106,7.2801,4.8673,0.7695,"""The PTS of the ACLR failure group was significantly steeper than the control group.""",396,False,True,unparsable,False,False,< 1 (uncertain),<= 512 (normal)
148,Do teleoncology models of care enable safe delivery of chemotherapy in rural towns?,yes,no,False,4.0665,9.1759,4.2425,4.9334,"TCC patients received a mean of 4.25 cycles of chemotherapy (range 1-12), and Mt Isa patients received a mean of 4.25",290,False,False,unparsable,False,False,2–5,<= 512 (normal)
149,Is solitary kidney really more resistant to ischemia?,yes,no,False,3.4603,7.0612,4.4016,2.6596,solitary kidney is more resistant to warm ischemia than paired kidney.,276,False,False,unparsable,False,False,2–5,<= 512 (normal)
150,Is it safe to perform rectal anastomosis in gynaecological debulking surgery without a diverting stoma?,yes,no,False,2.8491,10.1412,2.6232,7.2921,"no stoma (n = 14; 33%), diverting stoma (n = 14; 33%), diverting stoma and Hartmann's",188,False,False,no,True,True,> 5 (confident),<= 512 (normal)
151,Has the mammography quality standards act affected the mammography quality in North Carolina?,yes,no,False,5.6052,7.5708,4.5805,1.9656,"""Mammography quality standards have not affected the quality of mammography in North Carolina.""",219,False,False,unparsable,False,False,1–2,<= 512 (normal)
152,Is breast cancer prognosis inherited?,yes,no,False,5.467,7.4171,4.3181,1.9501,The association between breast cancer prognosis and breast cancer mortality among sisters is stronger than among daughters.,328,False,False,unparsable,False,False,1–2,<= 512 (normal)
153,c-Kit-dependent growth of uveal melanoma cells: a potential therapeutic target?,yes,no,False,7.0388,7.2683,4.7555,0.2295,c-kit is a potential therapeutic target in uveal melanoma.,311,False,True,unparsable,False,False,< 1 (uncertain),<= 512 (normal)
154,Pituitary apoplexy: do histological features influence the clinical presentation and outcome?,yes,no,False,5.2664,8.8473,2.7077,3.5809,"""No.""",177,False,False,no,True,True,2–5,<= 512 (normal)
155,Orthostatic myoclonus: an underrecognized cause of unsteadiness?,yes,no,False,1.7153,7.3295,3.8116,3.518,"""No.""",322,False,False,no,True,True,2–5,<= 512 (normal)
156,Is low serum chloride level a risk factor for cardiovascular mortality?,yes,no,False,5.5189,7.8807,5.0791,2.3617,low serum chloride level is a risk factor for CVD mortality.,349,False,False,unparsable,False,False,2–5,<= 512 (normal)
157,Does ethnicity affect where people with cancer die?,yes,no,False,1.4823,7.5976,3.8414,3.7562,'The place of death is not the same for all BAME groups'.,472,False,False,unparsable,False,False,2–5,<= 512 (normal)
158,Transesophageal echocardiographic assessment of left ventricular function in brain-dead patients: are marginally acceptable hearts suitable for transplantation?,yes,no,False,2.7376,8.033,5.5373,2.4957,the donor heart is not suitable for transplantation.,372,False,False,no,True,True,2–5,<= 512 (normal)
159,Can the postoperative pain level be predicted preoperatively?,yes,no,False,7.2952,8.426,4.2372,1.1308,"""yes"" for a patient with a history of surgical pain, ""maybe"" for a patient with a history of chronic pain, ""maybe",211,False,False,yes,True,False,1–2,<= 512 (normal)
160,Does age moderate the effect of personality disorder on coping style in psychiatric inpatients?,yes,no,False,4.583,8.117,5.0579,3.0591,"""There is no relationship between personality disorder and coping style in psychiatric inpatients.""",262,False,False,no,True,True,2–5,<= 512 (normal)
161,Is neck pain associated with worse health-related quality of life 6 months later?,yes,no,False,5.3971,10.1287,6.009,4.1197,"""There is no association between neck pain and HRQoL 6 months later.""",481,False,False,no,True,True,2–5,<= 512 (normal)
162,Dose end-tidal carbon dioxide measurement correlate with arterial carbon dioxide in extremely low birth weight infants in the first week of life?,yes,no,False,6.8039,8.4631,3.9692,1.6592,"""EtCO (2) > PaCO (2).""",337,False,False,unparsable,False,False,1–2,<= 512 (normal)
163,Does Residency Selection Criteria Predict Performance in Orthopaedic Surgery Residency?,yes,no,False,5.775,7.3557,2.9041,1.5807,"""The number of clinical honors received in medical school is associated with higher global evaluation scores.""",490,False,False,unparsable,False,False,1–2,<= 512 (normal)
164,Is CA72-4 a useful biomarker in differential diagnosis between ovarian endometrioma and epithelial ovarian cancer?,yes,no,False,4.7877,7.9613,2.9293,3.1736,CA72-4 > 100 U / ml in patients with ovarian endometrioma and CA125 < 35 U / ml in patients with ovarian cancer.,230,False,False,unparsable,False,False,2–5,<= 512 (normal)
165,Is the breast best for children with a family history of atopy?,yes,no,False,5.6724,8.725,4.76,3.0526,breast-feeding protects against respiratory tract infections and skin infections in normal children with a family history of atopy.,260,False,False,unparsable,False,False,2–5,<= 512 (normal)
166,Is Bare-Metal Stent Implantation Still Justifiable in High Bleeding Risk Patients Undergoing Percutaneous Coronary Intervention?,yes,no,False,4.6634,7.9821,5.3728,2.6093,"""Bare-metal stent implantation still remains a viable option in HBR patients,"" and the current study provides evidence that E-ZES implantation",406,False,False,unparsable,False,False,2–5,<= 512 (normal)
167,"Marital status, living arrangement and mortality: does the association vary by gender?",yes,no,False,2.8452,7.526,3.7787,3.7473,"widowed men and women have a similar mortality risk, divorced men have a higher mortality risk than married men, and single men have a higher mortality",320,False,False,unparsable,False,False,2–5,<= 512 (normal)
168,Does ibuprofen increase perioperative blood loss during hip arthroplasty?,yes,no,False,7.0541,8.7794,3.6639,1.7253,"""There is no difference in perioperative blood loss between the two groups.""",208,False,False,no,True,True,1–2,<= 512 (normal)
169,Can magnetic resonance imaging accurately predict concordant pain provocation during provocative disc injection?,yes,no,False,3.753,8.6481,3.8151,4.8329,(1) disc protrusion with HIZ; (2) disc protrusion without HIZ; (3) disc protrusion with HIZ; (4),345,False,False,unparsable,False,False,2–5,<= 512 (normal)
170,Does case-mix based reimbursement stimulate the development of process-oriented care delivery?,yes,no,False,3.0659,7.0592,3.1559,3.9034,the case-mix based reimbursement does not stimulate the development of care coordination.,253,False,False,unparsable,False,False,2–5,<= 512 (normal)
171,Cerebromediastinal tuberculosis in a child with a probable Say-Barber-Miller syndrome: a causative link?,yes,maybe,False,-0.5853,6.4239,6.4996,0.0757,tuberculosis is a possible cause of cerebro-mediastinal tuberculosis in a child with a probable Say-Barber-Miller syndrome.,257,False,True,unparsable,False,False,< 1 (uncertain),<= 512 (normal)
172,Is the determination of specific IgE against components using ISAC 112 a reproducible technique?,yes,no,False,3.5522,7.7469,2.998,4.1947,the ISAC 112 is a reproducible technique.,383,False,False,unparsable,False,False,2–5,<= 512 (normal)
173,Schizophrenia patients with high intelligence: A clinically distinct sub-type of schizophrenia?,yes,no,False,3.6956,7.3191,5.0601,2.259,'Schizophrenia patients with high IQ are a clinically distinct sub-type of schizophrenia'.,311,False,False,unparsable,False,False,2–5,<= 512 (normal)
174,Is halofantrine ototoxic?,yes,no,False,5.2527,8.8698,5.5756,3.2942,halofantrine ototoxicity.,205,False,False,unparsable,False,False,2–5,<= 512 (normal)
175,Identification of racial disparities in breast cancer mortality: does scale matter?,yes,no,False,2.9251,6.4095,4.7722,1.6373,"""The black and Hispanic populations in Texas are more likely to experience higher mortality rates than the White population.""",235,False,False,unparsable,False,False,1–2,<= 512 (normal)
176,Can fractional lasers enhance transdermal absorption of topical lidocaine in an in vivo animal model?,yes,no,False,5.6923,7.0926,3.6764,1.4003,"""The fractional laser at 250 µm enhances transdermal absorption of topical lidocaine in an in vivo animal model.""",386,False,False,unparsable,False,False,1–2,<= 512 (normal)
177,Does laparoscopic surgery decrease the risk of atrial fibrillation after foregut surgery?,yes,no,False,6.1115,7.9415,4.9034,1.83,laparoscopic surgery is associated with a lower risk of atrial fibrillation after foregut surgery.,356,False,False,unparsable,False,False,1–2,<= 512 (normal)
178,Is breast cancer survival improving?,yes,no,False,6.366,8.5123,5.7712,2.1462,"""There is no improvement in survival for women with recurrent breast cancer since 1974.""",288,False,False,no,True,True,2–5,<= 512 (normal)
179,Does partial expander deflation exacerbate the adverse effects of radiotherapy in two-stage breast reconstruction?,yes,no,False,4.3508,6.9842,4.0335,2.6334,partial expander deflation with radiotherapy is a safe and effective method for the management of radiation-induced skin changes in two-stage breast reconstruction.,244,False,False,unparsable,False,False,2–5,<= 512 (normal)
180,Does the clinical presentation of a prior preterm birth predict risk in a subsequent pregnancy?,yes,no,False,3.4674,8.8577,2.4149,5.3903,"ACD, PPROM, or PTL.",325,False,False,unparsable,False,False,> 5 (confident),<= 512 (normal)
181,Cold preparation use in young children after FDA warnings: do concerns still exist?,yes,no,False,3.5243,7.2211,3.8455,3.3755,"""If you have a cold, you will not treat with cold medicine.""",174,False,False,unparsable,False,False,2–5,<= 512 (normal)
182,Does occupational nuclear power plant radiation affect conception and pregnancy?,yes,no,False,4.5268,8.7345,3.5995,4.2077,"""No.""",184,False,False,no,True,True,2–5,<= 512 (normal)
183,Can shape analysis differentiate free-floating internal carotid artery thrombus from atherosclerotic plaque in patients evaluated with CTA for stroke or transient ischemic attack?,yes,no,False,4.6532,6.4542,2.9689,1.8011,FFT + / FFT-.,338,False,False,unparsable,False,False,1–2,<= 512 (normal)
184,Can pictorial warning labels on cigarette packages address smoking-related health disparities?,yes,no,False,2.3203,5.2276,3.2666,1.9611,"""The HWL is more credible, relevant, and impacts smokers more than nonsmokers.""",269,False,False,unparsable,False,False,1–2,<= 512 (normal)
185,Surgical treatment of prosthetic valve endocarditis in patients with double prostheses: is single-valve replacement safe?,yes,no,False,4.4251,9.4402,2.631,5.0151,single-valve replacement is safe in patients with PVE who have double prostheses.,310,False,False,unparsable,False,False,> 5 (confident),<= 512 (normal)
186,Do nomograms designed to predict biochemical recurrence (BCR) do a better job of predicting more clinically relevant prostate cancer outcomes than BCR?,yes,no,False,4.7069,8.2353,4.3595,3.5284,"the DPC nomogram, the JHH nomogram, the CPDR / CaPSURE nomogram, and the Kattan nomogram.",357,False,False,no,True,True,2–5,<= 512 (normal)
187,"Do ""America's Best Hospitals"" perform better for acute myocardial infarction?",yes,no,False,4.4696,6.9325,4.5426,2.3898,"""America's Best Hospitals,"" which is a list of hospitals ranked at the top in cardiology, is associated with lower short-term mortality from acute",421,False,False,unparsable,False,False,2–5,<= 512 (normal)
188,Do socioeconomic differences in mortality persist after retirement?,yes,no,False,4.8027,8.2305,3.9943,3.4278,the lower the employment grade the higher the mortality.,273,False,False,unparsable,False,False,2–5,<= 512 (normal)
189,Convulsions and retinal haemorrhage: should we look further?,yes,no,False,3.1305,8.671,2.9607,5.5404,retinal haemorrhages are not a sign of child abuse.,168,False,False,unparsable,False,False,> 5 (confident),<= 512 (normal)
190,Is the use of cyanoacrylate in intestinal anastomosis a good and reliable alternative?,yes,no,False,4.6505,7.8702,1.3421,3.2196,Ethyl-2-cyanoacrylate is a good alternative to polyglactin 910 sutures in intestinal anastomosis.,329,False,False,no,True,True,2–5,<= 512 (normal)
191,Are increased carotid artery pulsatility and resistance indexes early signs of vascular abnormalities in young obese males?,yes,no,False,3.3876,7.2057,5.3053,1.9004,"increased pulsatility index (p = 0.001), increased resistance index (p = 0.001), increased waist circumference (p = 0.001), increased systolic blood",184,False,False,unparsable,False,False,1–2,<= 512 (normal)
192,Does topical ropivacaine reduce the post-tonsillectomy morbidity in pediatric patients?,yes,no,False,5.0887,9.0588,3.9661,3.9702,topical ropivacaine hydrochloride is a safe and effective analgesic in pediatric patients undergoing tonsillectomy.,283,False,False,unparsable,False,False,2–5,<= 512 (normal)
193,Is robotically assisted laparoscopic radical prostatectomy less invasive than retropubic radical prostatectomy?,yes,no,False,3.8003,8.5298,2.4025,4.7295,RALP is less invasive than RRP.,406,False,False,unparsable,False,False,2–5,<= 512 (normal)
194,Is specialty care associated with improved survival of patients with congestive heart failure?,yes,no,False,4.0457,8.2997,3.531,4.254,the pattern of outpatient care is not associated with improved survival of patients with CHF.,458,False,False,unparsable,False,False,2–5,<= 512 (normal)
195,Histologic evaluation of the testicular remnant associated with the vanishing testes syndrome: is surgical management necessary?,yes,no,False,5.432,9.5458,3.3312,4.1138,1) The testicular remnant is a remnant of viable germ cells; 2) The testicular remnant is a remnant of seminiferous tubules without germ cell elements; or,249,False,False,unparsable,False,False,2–5,<= 512 (normal)
196,Does oxybutynin hydrochloride cause arrhythmia in children with bladder dysfunction?,yes,no,False,6.4934,7.3631,4.9131,0.8697,"""There is a significant increase in the QT interval in children with bladder dysfunction treated with oxybutynin.""",105,False,True,unparsable,False,False,< 1 (uncertain),<= 512 (normal)
197,Does the manic/mixed episode distinction in bipolar disorder patients run true over time?,yes,no,False,7.4724,7.8626,4.7895,0.3902,"""The manic / mixed episode distinction in bipolar disorder patients runs true over time.""",141,False,True,unparsable,False,False,< 1 (uncertain),<= 512 (normal)
198,Is the first urinary albumin/creatinine ratio (ACR) in women with suspected preeclampsia a prognostic factor for maternal and neonatal adverse outcome?,yes,no,False,8.5588,9.4719,4.2289,0.9131,"""There is a need to reconsider the use of the ACR in women with suspected preeclampsia.""",316,False,True,unparsable,False,False,< 1 (uncertain),<= 512 (normal)
199,Are pediatric concussion patients compliant with discharge instructions?,yes,no,False,4.4705,7.8741,1.8672,3.4036,"""The patient is not compliant with the discharge instructions.""",424,False,False,no,True,True,2–5,<= 512 (normal)
200,Can communication with terminally ill patients be taught?,yes,no,False,4.7474,5.7832,2.2202,1.0358,"""I am not sure about the diagnosis of cancer,"" ""I am not sure about the prognosis,"" ""I am not sure about the treatment",297,False,False,no,True,True,1–2,<= 512 (normal)
201,Are environmental factors important in primary systemic vasculitis?,yes,no,False,4.2061,8.3978,1.5651,4.1918,"""There is a possible association between PSV and occupational silica exposure in the index year,"" and ""There is a possible association between PSV and occupational solvent",494,False,False,unparsable,False,False,2–5,<= 512 (normal)
202,Diagnosis and follow-up in constipated children: should we use ultrasound?,yes,no,False,4.5615,8.5374,4.5008,3.9759,"constipation (n = 35; mean age, 6.8 ± 2.9 years), normal (n = 31; mean age, 8.4 ± 3.8 years),",406,False,False,unparsable,False,False,2–5,<= 512 (normal)
203,Out of the smokescreen II: will an advertisement targeting the tobacco industry affect young people's perception of smoking in movies and their intention to smoke?,yes,no,False,4.4351,8.1403,4.1056,3.7052,the antismoking advertisement had no effect on the perception of smoking in movies or on the intention to smoke in 12 months time among non-,402,False,False,unparsable,False,False,2–5,<= 512 (normal)
204,Do general practitioner hospitals reduce the utilisation of general hospital beds?,yes,no,False,2.9355,7.79,4.1104,3.6796,"the lower admission rate to general hospitals in peripheral municipalities with access to GP hospitals is due to a lower rate of admissions to general hospitals, and the lower",241,False,False,unparsable,False,False,2–5,<= 512 (normal)
205,Does insulin resistance drive the association between hyperglycemia and cardiovascular risk?,yes,no,False,4.4677,8.0285,4.4873,3.5411,insulin resistance is not the only factor that explains the association between hyperglycemia and CVD risk.,358,False,False,unparsable,False,False,2–5,<= 512 (normal)
206,Ultra high risk (UHR) for psychosis criteria: are there different levels of risk for transition to psychosis?,yes,no,False,3.5093,7.8184,2.7556,4.309,"the risk of transition to psychosis was highest for the combination of APS + Trait (p = 0.001, adjusted analysis).",305,False,False,unparsable,False,False,2–5,<= 512 (normal)
207,Aberrant loss of dickkopf-3 in gastric cancer: can it predict lymph node metastasis preoperatively?,yes,no,False,4.4985,7.5407,2.9093,3.0422,DKK3 expression status is a potential prognostic marker for lymph node metastasis in gastric cancer.,346,False,False,unparsable,False,False,2–5,<= 512 (normal)
208,Can CT predict the level of CSF block in tuberculous hydrocephalus?,yes,no,False,4.0973,6.7453,2.7444,2.648,"""If the third ventricle is round, the ventricle is communicating,"" ""If the ventricle is oval, the ventricle is non-communicating,"" """,195,False,False,unparsable,False,False,2–5,<= 512 (normal)
209,Is oral endotracheal intubation efficacy impaired in the helicopter environment?,yes,no,False,4.3398,7.8843,3.7968,3.5445,"""There is no impairment of intubation efficacy in the BO-105 helicopter environment.""",247,False,False,no,True,True,2–5,<= 512 (normal)
210,Sternal plating for primary and secondary sternal closure; can it improve sternal stability?,yes,no,False,2.6043,7.5957,1.4083,4.9914,the plate group required significantly less pressure to cause 2.0 mm separation than the wire / cable group (p < 0.05).,312,False,False,unparsable,False,False,2–5,<= 512 (normal)
211,Can early second-look tympanoplasty reduce the rate of conversion to modified radical mastoidectomy?,yes,no,False,2.2001,8.3984,4.415,3.9834,the rate of conversion to a modified radical mastoidectomy was low (3%).,216,False,False,unparsable,False,False,2–5,<= 512 (normal)
212,Can T-cell deficiency affect spatial learning ability following toluene exposure?,yes,no,False,4.8543,7.279,3.0295,2.4248,"""The toluene-exposed nude mice showed better retention memory than the control group.""",228,False,False,unparsable,False,False,2–5,<= 512 (normal)
213,Are acceptance rates of a national preventive home visit programme for older people socially imbalanced?,yes,no,False,6.0417,7.9134,6.2767,1.6368,"""The municipality invitational procedure for the preventive home visit is not effective.""",287,False,False,unparsable,False,False,1–2,<= 512 (normal)
214,Increased neutrophil migratory activity after major trauma: a factor in the etiology of acute respiratory distress syndrome?,yes,no,False,3.2005,6.4479,3.8864,2.5616,"increased neutrophil migratory activity in the early postinjury phase, before the development of ARDS.",422,False,False,unparsable,False,False,2–5,<= 512 (normal)
215,"Do improvements in outreach, clinical, and family and community-based services predict improvements in child survival?",yes,no,False,0.9355,6.9804,0.6998,6.045,"clinical services, outreach, and family and community-based services are associated with reductions in U5MR.",391,False,False,unparsable,False,False,> 5 (confident),<= 512 (normal)
216,Vertical lines in distal esophageal mucosa (VLEM): a true endoscopic manifestation of esophagitis in children?,yes,no,False,4.1004,8.199,3.8097,4.0987,VLEM is a true endoscopic manifestation of esophagitis in children.,270,False,False,unparsable,False,False,2–5,<= 512 (normal)
217,An HIV1/2 point of care test on sputum for screening TB/HIV co-infection in Central India - Will it work?,yes,no,False,4.7863,7.4921,4.3206,2.7058,"""The test is positive"" or ""the test is negative.""",249,False,False,unparsable,False,False,2–5,<= 512 (normal)
218,Is crime associated with over-the-counter pharmacy syringe sales?,yes,no,False,5.8283,8.082,5.4554,2.2537,"""There is a link between crime and OTC syringe sales.""",280,False,False,unparsable,False,False,2–5,<= 512 (normal)
219,Colorectal cancer in young patients: is it a distinct clinical entity?,yes,no,False,1.8499,6.9201,4.1436,2.7764,colorectal cancer in young patients is a distinct clinical entity.,347,False,False,unparsable,False,False,2–5,<= 512 (normal)
220,Does evidence-based practice improve patient outcomes?,yes,no,False,5.758,8.3659,3.6068,2.6078,"""The EBP unit was not achieving better patient outcomes than the SP doctors.""",378,False,False,no,True,True,2–5,<= 512 (normal)
221,Can the prognosis of polymyalgia rheumatica be predicted at disease onset?,yes,no,False,4.9589,8.5301,4.0937,3.5712,"PV > or = 2.00 mPa s (HR = 4.00; 95% CI 1.31, 12.84; P = 0.015), HLA-DRB1",371,False,False,unparsable,False,False,2–5,<= 512 (normal)
222,Does prior benign prostate biopsy predict outcome for patients treated with radical perineal prostatectomy?,yes,no,False,5.4669,8.1861,5.4525,2.7192,"""We believe that prior benign prostate biopsies are not a contraindication to radical perineal prostatectomy.""",314,False,False,unparsable,False,False,2–5,<= 512 (normal)
223,Is the Distance Worth It?,yes,no,False,4.814,7.4427,5.0551,2.3876,"""The distance is not a barrier to receiving care at a high-volume center.""",407,False,False,no,True,True,2–5,<= 512 (normal)
224,Treatment as prevention in resource-limited settings: is it feasible to maintain HIV viral load suppression over time?,yes,no,False,4.2442,9.4715,4.4439,5.0275,"""TasP is feasible to maintain viral load suppression over time"" (p = 0.001).",343,False,False,unparsable,False,False,> 5 (confident),<= 512 (normal)
225,Does head positioning influence anterior chamber depth in pseudoexfoliation syndrome?,yes,no,False,4.8512,7.0727,4.4701,2.2216,"""Yes.""",263,False,False,yes,True,False,2–5,<= 512 (normal)
226,Are intraoperative precursor events associated with postoperative major adverse events?,yes,no,False,4.9105,6.7938,3.9748,1.8833,"""There is a relationship between precursor events and postoperative MACE.""",323,False,False,unparsable,False,False,1–2,<= 512 (normal)
227,Transient tachypnea of the newborn (TTN): a role for polymorphisms in the beta-adrenergic receptor (ADRB) encoding genes?,yes,no,False,3.5655,6.8874,2.7173,3.3218,TTN is a multifactorial disease.,261,False,False,unparsable,False,False,2–5,<= 512 (normal)
228,Could ADMA levels in young adults born preterm predict an early endothelial dysfunction?,yes,no,False,5.576,7.5197,5.5503,1.9438,ADMA levels in ex-ELBW subjects are significantly higher than in C (p < 0.0001).,317,False,False,unparsable,False,False,1–2,<= 512 (normal)
229,Informed consent for total hip arthroplasty: does a written information sheet improve recall by patients?,yes,no,False,7.3194,7.5559,2.5126,0.2366,"'I am not sure' (53%), 'I am not sure' (27%), 'I am not sure' (11",173,False,True,no,True,True,< 1 (uncertain),<= 512 (normal)
230,Quaternary cytoreductive surgery in ovarian cancer: does surgical effort still matter?,yes,no,False,5.449,8.48,3.3289,3.031,Quaternary cytoreduction is a safe and effective procedure in EOC relapse.,425,False,False,unparsable,False,False,2–5,<= 512 (normal)
231,Can a Novel Surgical Approach to the Temporomandibular Joint Improve Access and Reduce Complications?,yes,no,False,4.7499,9.0075,1.5317,4.2576,VMPA is a safe and effective approach to the TMJ.,191,False,False,unparsable,False,False,2–5,<= 512 (normal)
232,Hepatic arterial embolization for unresectable hepatocellular carcinomas: do technical factors affect prognosis?,yes,no,False,5.0953,7.4289,3.6667,2.3336,"Child-Pugh class-A, alpha-fetoprotein level lower than 100 ng / ml, tumor size of 3 cm or smaller, tumor number of 3",322,False,False,unparsable,False,False,2–5,<= 512 (normal)
233,Is plate clearing a risk factor for obesity?,yes,no,False,6.023,7.2365,6.3666,0.87,plate clearing is a risk factor for obesity.,198,False,True,unparsable,False,False,< 1 (uncertain),<= 512 (normal)
234,Outcomes of severely injured adult trauma patients in an Australian health service: does trauma center level make a difference?,yes,no,False,3.9358,7.4229,3.4728,3.4871,"Level III trauma center is associated with a significantly lower risk of death (odds ratio [OR] = 0.603, 95% confidence interval [CI]",326,False,False,unparsable,False,False,2–5,<= 512 (normal)
235,Does the lipid-lowering peroxisome proliferator-activated receptors ligand bezafibrate prevent colon cancer in patients with coronary artery disease?,yes,no,False,5.9234,8.0982,6.0134,2.0848,bezafibrate may have a preventive effect on colon cancer development in patients with coronary artery disease.,417,False,False,unparsable,False,False,2–5,<= 512 (normal)
236,Serum angiotensin-converting enzyme and frequency of severe hypoglycaemia in Type 1 diabetes: does a relationship exist?,yes,no,False,7.4669,9.213,5.0074,1.7462,there is no association between serum ACE and SH in Type 1 diabetes.,333,False,False,no,True,True,1–2,<= 512 (normal)
237,Hypotension in patients with coronary disease: can profound hypotensive events cause myocardial ischaemic events?,yes,no,False,3.4136,8.3372,5.8655,2.4717,HII events are not related to the extremes of hypotension in patients with ischaemic heart disease taking drugs to treat angina and heart failure.,336,False,False,no,True,True,2–5,<= 512 (normal)
238,Measuring hospital mortality rates: are 30-day data enough?,yes,no,False,4.104,7.5063,3.9679,3.4024,"""The 30-day data are sufficient to measure hospital performance on 30-day mortality rates.""",305,False,False,unparsable,False,False,2–5,<= 512 (normal)
239,Is the ability to perform transurethral resection of the prostate influenced by the surgeon's previous experience?,yes,no,False,5.4511,8.8279,5.0204,3.3768,"""I have no experience with transurethral resection of the prostate.""",295,False,False,no,True,True,2–5,<= 512 (normal)
240,"Syncope during bathing in infants, a pediatric form of water-induced urticaria?",yes,no,False,-0.7081,6.8743,4.3432,2.5312,"""Aquagenic maladies"" in infants.",256,False,False,unparsable,False,False,2–5,<= 512 (normal)
241,Do women residents delay childbearing due to perceived career threats?,yes,no,False,4.7125,7.1662,3.0914,2.4537,"""I am not sure."" The authors conclude that women residents are less likely to plan to have children during residency due to perceived career threats.",305,False,False,no,True,True,2–5,<= 512 (normal)
242,Is trabecular bone related to primary stability of miniscrews?,yes,no,False,3.4031,7.2653,5.6163,1.649,"""There is a relationship between trabecular bone and primary stability of miniscrews.""",269,False,False,unparsable,False,False,1–2,<= 512 (normal)
243,Acute respiratory distress syndrome in children with malignancy--can we predict outcome?,yes,no,False,4.2558,8.1638,1.9981,3.908,"P (A-a) O (2) < or = 200 mmHg, PEEP > or = 10 cm H (2) O, and ventilation",216,False,False,unparsable,False,False,2–5,<= 512 (normal)
244,"Neoadjuvant Imatinib in Locally Advanced Gastrointestinal stromal Tumours, Will Kit Mutation Analysis Be a Pathfinder?",yes,no,False,3.9591,7.8797,4.5774,3.3022,NA IM is a pathfinder for GIST.,386,False,False,unparsable,False,False,2–5,<= 512 (normal)
245,Is obesity a risk factor for wheezing among adolescents?,yes,no,False,6.7157,8.0916,5.5469,1.376,"""There is no association between obesity and wheezing at the start of adolescence.""",406,False,False,no,True,True,1–2,<= 512 (normal)
246,Could ESC (Electronic Stability Control) change the way we drive?,yes,no,False,5.6628,6.7791,4.7612,1.1163,"""If ESC is not available, it is not safe to drive.""",341,False,False,no,True,True,1–2,<= 512 (normal)
247,Does a geriatric oncology consultation modify the cancer treatment plan for elderly patients?,yes,no,False,2.9448,7.3151,3.8455,3.4695,"""no"" for 53.6% of cases, ""maybe"" for 46.4%, and ""don't know"" for 6.5%.",278,False,False,no,True,True,2–5,<= 512 (normal)
248,Can students' scores on preclerkship clinical performance examinations predict that they will fail a senior clinical performance examination?,yes,yes,True,6.8661,6.1345,2.323,0.7316,"""The student's performance on the year 2 CPE is a strong predictor that he or she will fail the senior CPE.""",289,False,True,unparsable,False,False,< 1 (uncertain),<= 512 (normal)
249,Adults with mild intellectual disabilities: can their reading comprehension ability be improved?,yes,no,False,4.8055,5.8157,0.3791,1.0102,"""The answer is"" (yes / no).",377,False,False,yes,True,False,1–2,<= 512 (normal)
250,Can nurse-led preoperative education reduce anxiety and postoperative complications of patients undergoing cardiac surgery?,yes,no,False,6.8528,7.5258,3.1228,0.6729,"""I am anxious"" (OR = 3.895; 95% CI: 1.704-8.624), ""I am not anxious",313,False,True,unparsable,False,False,< 1 (uncertain),<= 512 (normal)
251,Is there a relationship between homocysteine and vitiligo?,yes,no,False,5.7304,9.7575,6.3914,3.3661,there is a relationship between Hcy and vitiligo.,464,False,False,unparsable,False,False,2–5,<= 512 (normal)
252,Does para-cervical block offer additional advantages in abortion induction with gemeprost in the 2nd trimester?,yes,no,False,3.2267,8.2714,2.4479,5.0447,Para-cervical anaesthesia does not offer any additional advantages in the induction of abortion with gemeprost in the 2nd trimester.,360,False,False,unparsable,False,False,> 5 (confident),<= 512 (normal)
253,Is a 9-month treatment sufficient in tuberculous enterocolitis?,yes,no,False,3.6429,9.7752,5.8499,3.9254,9-month treatment is sufficient in tuberculous enterocolitis.,267,False,False,unparsable,False,False,2–5,<= 512 (normal)
254,Reporting and interpreting red blood cell morphology: is there discordance between clinical pathologists and clinicians?,yes,no,False,4.0911,6.8998,1.0433,2.8088,"""RBC-M is important,"" for clinicians, ""and"" RBC-M is important, ""for CPs. The majority of clinicians (68",294,False,False,unparsable,False,False,2–5,<= 512 (normal)
255,The inverse equity hypothesis: does it apply to coverage of cancer screening in middle-income countries?,yes,no,False,3.9723,8.1878,4.1237,4.064,"the inverse equity hypothesis holds true for breast cancer screening in South Africa, but not for cervical cancer screening in Mexico, Russia and South Africa.",320,False,False,unparsable,False,False,2–5,<= 512 (normal)
256,Menopausal hormone therapy and irregular endometrial bleeding: a potential role for uterine natural killer cells?,yes,no,False,2.6772,7.2591,3.8869,3.3722,uNK cells may be involved in the pathogenesis of irregular bleeding in HT users.,281,False,False,unparsable,False,False,2–5,<= 512 (normal)
257,Can we ease the financial burden of colonoscopy?,yes,no,False,2.8476,7.8307,2.9154,4.9152,"""If you have a polyp that is diminutive, you have a polyp that is diminutive, you have a polyp that is diminutive, you",336,False,False,unparsable,False,False,2–5,<= 512 (normal)
258,Does open access publishing increase the impact of scientific articles?,yes,yes,True,7.8711,7.4194,6.3195,0.4517,"""Open access publishing of scientific articles in intensive care medicine journals increases the citation count of the articles in the highest citation range.""",348,False,True,unparsable,False,False,< 1 (uncertain),<= 512 (normal)
259,Can biofeedback training of psychophysiological responses enhance athletes' sport performance?,yes,no,False,4.0,6.5924,2.6801,2.5924,biofeedback training of psychophysiological responses can enhance athletes' sport performance.,422,False,False,unparsable,False,False,2–5,<= 512 (normal)
260,Are patients willing participants in the new wave of community-based medical education in regional and rural Australia?,yes,no,False,6.4252,7.3498,3.4134,0.9247,'I am not willing to be involved'.,248,False,True,no,True,True,< 1 (uncertain),<= 512 (normal)
261,Are pectins involved in cold acclimation and de-acclimation of winter oil-seed rape plants?,yes,no,False,-0.99,5.8561,3.4261,2.43,"the more resistant genotype the more resistant the plant is to the pathogen, the more cold-induced changes in the cell wall properties are more pronounced, and",249,False,False,unparsable,False,False,2–5,<= 512 (normal)
262,The HELPP syndrome--evidence of a possible systemic inflammatory response in pre-eclampsia?,yes,no,False,3.0459,6.3194,5.5827,0.7367,"the HELLP syndrome is a systemic inflammatory response syndrome, with a possible association with the obstetric case history, and the maternal and fetal complications.",357,False,True,unparsable,False,False,< 1 (uncertain),<= 512 (normal)
263,Optimism and survival: does an optimistic outlook predict better survival at advanced ages?,yes,no,False,4.1402,7.7948,5.1845,2.6103,"optimistic women were at lower risk of death compared to neutral women [HR 0.82, 95% CI (0.69-0.98)], but the effect",369,False,False,unparsable,False,False,2–5,<= 512 (normal)
264,Is combined therapy more effective than growth hormone or hyperbaric oxygen alone in the healing of left ischemic and non-ischemic colonic anastomoses?,yes,no,False,3.8387,7.766,3.4208,3.9273,combined therapy with GH and hyperbaric oxygen is more effective than GH or hyperbaric oxygen alone in the healing of colonic anastomoses in rats.,316,False,False,unparsable,False,False,2–5,<= 512 (normal)
265,The promise of specialty pharmaceuticals: are they worth the price?,yes,no,False,4.4144,5.6285,2.2498,1.2141,"The promise of specialty pharmaceuticals: the promise of increased life expectancy, improved quality of life, enhanced workplace productivity, decreased burden of disease, and reduced health",258,False,False,unparsable,False,False,1–2,<= 512 (normal)
266,A comparison of 500 prefilled textured saline breast implants versus 500 standard textured saline breast implants: is there a difference in deflation rates?,yes,no,False,4.9652,7.6318,4.8351,2.6666,Poly Implant Prosthesis prefilled textured saline breast implants are associated with a significantly lower deflation rate than Mentor Siltex breast implants.,371,False,False,unparsable,False,False,2–5,<= 512 (normal)
267,Is withdrawal-induced anxiety in alcoholism based on beta-endorphin deficiency?,yes,no,False,1.4823,7.1841,2.9151,4.2691,"beta E deficiency during alcohol withdrawal is not a prerequisite for anxiety, depression, or craving.",385,False,False,unparsable,False,False,2–5,<= 512 (normal)
268,Cardiac reoperations in octogenarians: Do they really benefit?,yes,no,False,4.7094,7.5964,2.0278,2.887,"""I am not at all disabled"" (n = 21), ""I am not disabled"" (n = 21), ""I am not",323,False,False,no,True,True,2–5,<= 512 (normal)
269,Is first-line single-agent mitoxantrone in the treatment of high-risk metastatic breast cancer patients as effective as combination chemotherapy?,yes,no,False,7.078,8.9619,6.6549,1.8839,mitoxantrone in combination with FEC is not superior to single-agent mitoxantrone in the treatment of high-risk metastatic breast cancer patients.,328,False,False,unparsable,False,False,1–2,<= 512 (normal)
270,Can clinical supervision sustain our workforce in the current healthcare landscape?,yes,no,False,7.0084,8.1645,2.9786,1.1561,"'I have received clinical supervision' (n = 21), 'I have received clinical supervision' (n = 21), 'I have had",373,False,False,unparsable,False,False,1–2,<= 512 (normal)
271,Can distal ureteral diameter predict reflux resolution after endoscopic injection?,yes,no,False,4.9033,8.6851,3.3954,3.7818,"grade III VUR (odds ratio [OR] = 4.039, 95% confidence interval [CI] = 1.704-9.024,",308,False,False,unparsable,False,False,2–5,<= 512 (normal)
272,Is lumbar drainage of postoperative cerebrospinal fluid fistula after spine surgery effective?,yes,no,False,3.5339,9.2582,2.8404,5.7243,"""No.""",177,False,False,no,True,True,> 5 (confident),<= 512 (normal)
273,Assessing joint line positions by means of the contralateral knee: a new approach for planning knee revision surgery?,yes,no,False,6.7932,8.6106,3.4609,1.8174,"""No."" For the medial epicondyle, the mean difference between the treated and the control knee was -1.0 mm with narrow confidence limits ranging",238,False,False,no,True,True,1–2,<= 512 (normal)
274,Can myometrial electrical activity identify patients in preterm labor?,yes,no,False,6.5134,7.8015,2.4012,1.2881,EUM index = (1 + [1 + (1 +)]) + (2 + [2 +]) + (3 + [,236,False,False,unparsable,False,False,1–2,<= 512 (normal)
275,Does the Transmissible Liability Index (TLI) assessed in late childhood predict suicidal symptoms at young adulthood?,yes,no,False,7.6775,8.1713,2.3695,0.4938,"""Yes"" for the TLI at age 10-12, ""Yes"" for TLI at age 12-14, and ""No",249,False,True,yes,True,False,< 1 (uncertain),<= 512 (normal)
276,Does strategy training reduce age-related deficits in working memory?,no,no,True,4.5768,6.4785,3.7906,1.9017,"""The strategy training group used the strategies they had learned to use, but the control group did not.""",299,False,False,unparsable,False,False,1–2,<= 512 (normal)
277,Does the sex of acute stroke patients influence the effectiveness of rt-PA?,no,no,True,7.1936,8.8336,6.1181,1.64,Women have a similar rate of recanalization and clinical outcome after IV rt-PA treatment compared with men.,374,False,False,unparsable,False,False,1–2,<= 512 (normal)
278,Does the early adopter of drugs exist?,no,no,True,6.2753,8.0061,3.8835,1.7308,the general practitioners' early adoption of new drugs is not a personal trait independent of drug groups.,294,False,False,unparsable,False,False,1–2,<= 512 (normal)
279,Can 'high-risk' human papillomaviruses (HPVs) be detected in human breast milk?,no,no,True,6.8155,9.4523,5.2673,2.6369,'No'.,116,False,False,no,True,True,2–5,<= 512 (normal)
280,Is nasogastric decompression useful in prevention of leaks after laparoscopic sleeve gastrectomy?,no,no,True,4.3476,9.3144,4.7693,4.5451,nasogastric decompression is not useful in preventing the occurrence of staple line leaks after LSG.,321,False,False,unparsable,False,False,2–5,<= 512 (normal)
281,"Regional anesthesia as compared with general anesthesia for surgery in geriatric patients with hip fracture: does it decrease morbidity, mortality, and health care costs?",no,no,True,4.8272,8.3115,4.9694,3.342,"regional anesthesia does not decrease morbidity, mortality, or hospitalization costs in geriatric patients with hip fracture.",324,False,False,unparsable,False,False,2–5,<= 512 (normal)
282,Double reading of barium enemas: is it necessary?,no,no,True,3.2059,7.9499,1.7822,4.7441,"""No.""",373,False,False,no,True,True,2–5,<= 512 (normal)
283,"Is there any evidence of a ""July effect"" in patients undergoing major cancer surgery?",no,no,True,5.1,9.3242,5.46,3.8642,"""There is no evidence of a July effect"" in patients undergoing major cancer surgery.",290,False,False,no,True,True,2–5,<= 512 (normal)
284,Characterization of the gender dimorphism after injury and hemorrhagic shock: are hormonal differences responsible?,no,no,True,4.4615,6.5012,3.2716,2.0396,the gender dimorphism in the risk of multiple organ failure and nosocomial infection after injury is not due to the gender dimorphism in the hormonal milieu.,324,False,False,unparsable,False,False,2–5,<= 512 (normal)
285,Cardiogenic shock complicating acute myocardial infarction in elderly patients: does admission to a tertiary center improve survival?,no,no,True,4.7108,8.1104,3.7452,3.3996,the presence of onsite revascularization services does not appear to improve survival in patients with acute myocardial infarction complicated by cardiogenic shock.,325,False,False,unparsable,False,False,2–5,<= 512 (normal)
286,Sub-classification of low-grade cerebellar astrocytoma: is it clinically meaningful?,no,no,True,2.8938,7.8016,3.1165,4.685,"""Low-grade cerebellar astrocytoma is a clinically meaningful entity.""",255,False,False,unparsable,False,False,2–5,<= 512 (normal)
287,Department of Transportation vs self-reported data on motor vehicle collisions and driving convictions for stroke survivors: do they agree?,no,no,True,6.2279,6.6855,3.6372,0.4576,"""The MTO records and self-reports are not the same.""",337,False,True,unparsable,False,False,< 1 (uncertain),<= 512 (normal)
288,Cholesterol screening in school children: is family history reliable to choose the ones to screen?,no,no,True,5.5867,7.4734,4.4488,1.8866,"""Family history is not reliable to choose the ones to screen for hypercholesterolemia in school children.""",165,False,False,unparsable,False,False,1–2,<= 512 (normal)
289,Did the call for boycott by the Catholic bishops affect the polio vaccination coverage in Kenya in 2015?,no,no,True,3.5826,7.2086,4.9145,2.2941,"""The Catholic bishops call for boycott of the polio vaccination campaign.""",322,False,False,unparsable,False,False,2–5,<= 512 (normal)
290,Does early discharge with nurse home visits affect adequacy of newborn metabolic screening?,no,no,True,5.064,7.1649,3.8204,2.1008,Early discharge infants are more likely to have adequate newborn metabolic screening results.,326,False,False,unparsable,False,False,2–5,<= 512 (normal)
291,Is alexithymia a risk factor for unexplained physical symptoms in general medical outpatients?,no,no,True,6.745,8.459,5.6631,1.714,"""No.""",260,False,False,no,True,True,1–2,<= 512 (normal)
292,Are sports medicine journals relevant and applicable to practitioners and athletes?,no,no,True,6.1136,8.1784,1.2367,2.0648,"""Is sports medicine research relevant and applicable to practitioners and athletes?"" The results of this study suggest that sports medicine journals are not relevant and applicable to",140,False,False,unparsable,False,False,2–5,<= 512 (normal)
293,Does quantitative left ventricular regional wall motion change after fibrous tissue resection in endomyocardial fibrosis?,no,no,True,4.2647,7.9736,3.7066,3.7089,The left ventricular ejection fraction did not change after fibrous tissue resection in New York Heart Association FC III and IV patients.,303,False,False,unparsable,False,False,2–5,<= 512 (normal)
294,Does gestational age misclassification explain the difference in birthweights for Australian aborigines and whites?,no,no,True,1.5851,6.3282,2.3132,4.015,the difference in birthweight for Aborigines and whites is due to differential misclassification of gestational age.,245,False,False,unparsable,False,False,2–5,<= 512 (normal)
295,Utility of unenhanced fat-suppressed T1-weighted MRI in children with sickle cell disease -- can it differentiate bone infarcts from acute osteomyelitis?,no,no,True,4.7392,9.3617,3.7728,4.6225,unenhanced T1-W fat-saturated MRI is not useful in differentiating bone infarcts from acute osteomyelitis in children with SCD.,347,False,False,unparsable,False,False,2–5,<= 512 (normal)
296,Do African American women require fewer calories to maintain weight?,no,no,True,3.4177,7.8252,3.9845,3.8407,AA women require fewer calories to maintain weight than non-AA women.,357,False,False,unparsable,False,False,2–5,<= 512 (normal)
297,The use of audit to identify maternal mortality in different settings: is it just a difference between the rich and the poor?,no,no,True,-0.3309,6.1914,2.5579,3.6336,"(1) HIV / AIDS in Zambia, (2) sepsis in The Gambia, (3) HIV / AIDS in The Gambia, (",274,False,False,unparsable,False,False,2–5,<= 512 (normal)
298,Are wandering and physically nonaggressive agitation equivalent?,no,no,True,5.8956,6.9992,3.1261,1.1036,Wandering is equivalent to PNA.,235,False,False,unparsable,False,False,1–2,<= 512 (normal)
299,Is the covering of the resection margin after distal pancreatectomy advantageous?,no,no,True,5.9479,9.4995,3.9005,3.5516,the coverage of the resection margins after distal pancreatectomy is not advantageous.,445,False,False,unparsable,False,False,2–5,<= 512 (normal)
300,Does continuous intravenous infusion of low-concentration epinephrine impair uterine blood flow in pregnant ewes?,no,no,True,5.187,9.1028,4.1559,3.9158,"""No.""",262,False,False,no,True,True,2–5,<= 512 (normal)
301,Do healthier lifestyles lead to less utilization of healthcare resources?,no,no,True,4.9923,7.4647,3.0788,2.4724,"""I have a healthy lifestyle,"" ""I have a healthy diet,"" ""I have regular blood pressure measurement,"" ""I have a healthy",267,False,False,unparsable,False,False,2–5,<= 512 (normal)
302,Do risk factors for suicidal behavior differ by affective disorder polarity?,no,no,True,2.537,7.62,1.3368,5.0831,hopelessness and active substance abuse are risk factors for suicidal behavior in major affective disorders.,287,False,False,unparsable,False,False,> 5 (confident),<= 512 (normal)
303,Thrombosis prophylaxis in hospitalised medical patients: does prophylaxis in all patients make sense?,no,no,True,4.9375,8.124,3.0246,3.1866,'Prophylaxis in all patients is not feasible'.,207,False,False,unparsable,False,False,2–5,<= 512 (normal)
304,Is late-night salivary cortisol a better screening test for possible cortisol excess than standard screening tests in obese patients with Type 2 diabetes?,no,no,True,4.3287,8.9067,3.8208,4.5781,"late-night salivary cortisol > 10 nmol / L (sensitivity 70%, specificity 90%), 24hr UFC > 400 nmol (sensitivity 70",267,False,False,unparsable,False,False,2–5,<= 512 (normal)
305,Does escalation of the apical dose change treatment outcome in beta-radiation of posterior choroidal melanomas with 106Ru plaques?,no,no,True,3.5207,7.7082,1.9419,4.1876,the apical dose prescription should be 100 Gy.,255,False,False,unparsable,False,False,2–5,<= 512 (normal)
306,Estradiol and Antagonist Pretreatment Prior to Microdose Leuprolide in in Vitro Fertilization. Does It Improve IVF Outcomes in Poor Responders as Compared to Oral Contraceptive Pill?,no,no,True,4.807,7.3598,4.4792,2.5528,OCP / ML is superior to E2 + antag / ML in poor responders stimulated with microdose leuprolide protocol.,259,False,False,unparsable,False,False,2–5,<= 512 (normal)
307,Do risk calculators accurately predict surgical site occurrences?,no,no,True,6.9644,8.2172,2.3589,1.2528,HW-RAT is the best model for predicting SSO and SSI after open VHR.,559,False,False,unparsable,False,False,1–2,> 512 (long)
308,Is diffusion-weighted imaging a significant indicator of the development of vascularization in hypovascular hepatocellular lesions?,no,no,True,5.5997,7.6774,3.7174,2.0777,"The sensitivity, specificity, positive predictive value, negative predictive value, and accuracy of DWI in predicting the development of vascularization in HHLs were 100%",168,False,False,unparsable,False,False,2–5,<= 512 (normal)
309,Does confined placental mosaicism account for adverse perinatal outcomes in IVF pregnancies?,no,no,True,4.7474,7.7595,5.8314,1.9281,CPM is not a major cause of adverse perinatal outcomes in IVF / ICSI pregnancies.,305,False,False,no,True,True,1–2,<= 512 (normal)
310,Do elderly cancer patients have different care needs compared with younger ones?,no,no,True,5.5431,7.3807,3.954,1.8375,"""I am not sure,"" ""I am not sure,"" ""I am not sure,"" ""I am not sure,"" ""I",267,False,False,no,True,True,1–2,<= 512 (normal)
311,Does increased nerve length within the treatment volume improve trigeminal neuralgia radiosurgery?,no,no,True,6.2343,8.0986,4.4706,1.8643,"""The longer the nerve is irradiated, the better the pain relief will be.""",285,False,False,unparsable,False,False,1–2,<= 512 (normal)
312,Amblyopia: is visual loss permanent?,no,no,True,4.2658,8.3799,1.4194,4.1141,"""There is no evidence that visual loss is permanent in the majority of cases of age related macular degeneration.""",203,False,False,no,True,True,2–5,<= 512 (normal)
313,Are physicians meeting the needs of family caregivers of the frail elderly?,no,no,True,5.3026,7.2819,2.5077,1.9793,"""I am not a caregiver"" (56.3%), ""I am not a caregiver"" (43.7%), and ""I am",228,False,False,no,True,True,1–2,<= 512 (normal)
314,Will CT ordering practices change if we educate residents about the potential effects of radiation exposure?,no,no,True,6.2077,6.4687,4.6657,0.261,"""CT scans are ordered for other reasons"" (57%), ""CT scans are ordered for other reasons"" (38%), and """,306,False,True,unparsable,False,False,< 1 (uncertain),<= 512 (normal)
315,Is arch form influenced by sagittal molar relationship or Bolton tooth-size discrepancy?,no,no,True,3.7206,7.4079,3.4546,3.6873,"""There is no association between arch form and tooth-size discrepancy.""",186,False,False,no,True,True,2–5,<= 512 (normal)
316,Are the long-term results of the transanal pull-through equal to those of the transabdominal pull-through?,no,no,True,3.1467,7.3251,2.6044,4.1784,"""The TERPT group had a better long-term outcome than the ABD group.""",340,False,False,unparsable,False,False,2–5,<= 512 (normal)
317,Should temperature be monitorized during kidney allograft preservation?,no,no,True,5.4634,7.7243,5.4633,2.2609,"""The temperature is not monitored during preservation.""",299,False,False,unparsable,False,False,2–5,<= 512 (normal)
318,Should all human immunodeficiency virus-infected patients with end-stage renal disease be excluded from transplantation?,no,no,True,6.8096,8.6608,6.3558,1.8512,"""It is not necessary to exclude HIV-infected patients from transplantation.""",258,False,False,no,True,True,1–2,<= 512 (normal)
319,Does minimal access major surgery in the newborn hurt less?,no,no,True,4.5573,9.0089,4.5095,4.4516,MAS in neonates is associated with less postoperative pain in comparison to conventional surgery.,338,False,False,unparsable,False,False,2–5,<= 512 (normal)
320,Does increased patient awareness improve accrual into cancer-related clinical trials?,no,yes,False,6.719,6.548,4.2897,0.171,"""I am very satisfied with the information provided.""",235,False,True,unparsable,False,False,< 1 (uncertain),<= 512 (normal)
321,Continuity of care experience of residents in an academic vascular department: are trainees learning complete surgical care?,no,no,True,5.1226,7.7199,0.6286,2.5973,"""The resident is able to provide complete surgical care for the patient.""",412,False,False,unparsable,False,False,2–5,<= 512 (normal)
322,Health habits and vaccination status of Lebanese residents: are future doctors applying the rules of prevention?,no,no,True,4.3807,7.069,1.7258,2.6882,"""I don't know"" for measles, mumps, rubella (MMR), diphtheria, tetanus, poliomyelitis (dT Polio), hepatitis B (",412,False,False,no,True,True,2–5,<= 512 (normal)
323,Landolt C and snellen e acuity: differences in strabismus amblyopia?,no,no,True,4.2881,7.1023,2.5135,2.8142,LR = SE + / - 1 / 2.,335,False,False,unparsable,False,False,2–5,<= 512 (normal)
324,The insertion allele of the ACE gene I/D polymorphism. A candidate gene for insulin resistance?,no,no,True,5.1105,7.6606,4.2126,2.5501,the ACE gene I / D polymorphism is not associated with insulin resistance in NIDDM or nondiabetic subjects.,303,False,False,unparsable,False,False,2–5,<= 512 (normal)
325,Is fetal gender associated with emergency department visits for asthma during pregnancy?,no,no,True,7.3686,8.9877,5.5998,1.6192,"""There is no association between fetal gender and ED visits for asthma during pregnancy.""",299,False,False,no,True,True,1–2,<= 512 (normal)
326,Blunt trauma in intoxicated patients: is computed tomography of the abdomen always necessary?,no,no,True,5.8386,8.1464,2.3143,2.3078,CT of the abdomen is not necessary in intoxicated patients with blunt trauma.,181,False,False,unparsable,False,False,2–5,<= 512 (normal)
327,Risk factors for avascular necrosis of bone in patients with systemic lupus erythematosus: is there a role for antiphospholipid antibodies?,no,no,True,5.559,9.3426,3.7576,3.7836,aPL status is not a risk factor for AVN in patients with SLE.,214,False,False,no,True,True,2–5,<= 512 (normal)
328,Volume change of uterine myomas during pregnancy: do myomas really grow?,no,no,True,5.1008,8.053,3.0485,2.9522,"the volume of uterine myomas decreases during pregnancy, while the volume of myomas that increase in size.",347,False,False,unparsable,False,False,2–5,<= 512 (normal)
329,Do foreign bodies migrate through the body towards the heart?,no,no,True,1.7636,7.2293,3.7026,3.5267,"the FB should be removed, but the patient should be followed up.",225,False,False,unparsable,False,False,2–5,<= 512 (normal)
330,Does concomitant anterior/apical repair during midurethral sling improve the overactive bladder component of mixed incontinence?,no,no,True,6.7208,9.2554,6.344,2.5346,"""No.""",369,False,False,no,True,True,2–5,<= 512 (normal)
331,Is hypoalbuminemia an independent prognostic factor in patients with gastric cancer?,no,no,True,4.8568,8.9528,4.0734,4.0959,hypoalbuminemia is an independent prognostic factor in patients with gastric cancer.,263,False,False,unparsable,False,False,2–5,<= 512 (normal)
332,Is adjustment for reporting heterogeneity necessary in sleep disorders?,no,yes,False,7.3492,7.1492,3.4096,0.2,"""I am not worried about sleep problems.""",314,False,True,no,True,False,< 1 (uncertain),<= 512 (normal)
333,Can the growth rate of a gallbladder polyp predict a neoplastic polyp?,no,no,True,4.4225,7.933,3.3347,3.5105,"If the growth rate is greater than 0.6 mm / mo, the patient should undergo cholecystectomy.",280,False,False,unparsable,False,False,2–5,<= 512 (normal)
334,Preoperative locoregional staging of gastric cancer: is there a place for magnetic resonance imaging?,no,no,True,2.5827,9.6089,2.6143,6.9946,"EUS is the best preoperative imaging modality for T staging, and MRI is the best modality for N staging.",340,False,False,unparsable,False,False,> 5 (confident),<= 512 (normal)
335,Are hepatitis G virus and TT virus involved in cryptogenic chronic liver disease?,no,no,True,5.044,9.1528,3.2201,4.1088,"cryptogenic chronic liver disease (n = 4 / 23), hepatitis C virus liver disease (n = 6 / 40), hepatitis G virus-infected",374,False,False,unparsable,False,False,2–5,<= 512 (normal)
336,Are patients with Werlhof's disease at increased risk for bleeding complications when undergoing cardiac surgery?,no,no,True,3.7271,8.4138,4.9925,3.4212,Patients with WD are at increased risk for bleeding complications when undergoing cardiac surgery with extracorporeal circulation.,403,False,False,unparsable,False,False,2–5,<= 512 (normal)
337,Does Mammographic Density have an Impact on the Margin Re-excision Rate After Breast-Conserving Surgery?,no,no,True,5.0076,8.4512,5.4773,2.9739,"""There is no association between MD and re-excision rates after BCS.""",393,False,False,no,True,True,2–5,<= 512 (normal)
338,Are UK radiologists satisfied with the training and support received in suspected child abuse?,no,no,True,6.113,7.2739,4.747,1.1609,"""The radiology department should provide expert evidence"" (100%), ""The radiology department should provide expert evidence"" (100%), ""The",215,False,False,unparsable,False,False,1–2,<= 512 (normal)
339,Do oblique views add value in the diagnosis of spondylolysis in adolescents?,no,no,True,4.0507,8.6562,1.5124,4.6055,"""We recommend that oblique views be used in the evaluation of adolescents with L5 spondylolysis.""",478,False,False,unparsable,False,False,2–5,<= 512 (normal)
340,The clinical significance of bile duct sludge: is it different from bile duct stones?,no,no,True,4.7229,8.9479,5.764,3.184,the presence of BDS is not a risk factor for recurrent CBD stones.,321,False,False,unparsable,False,False,2–5,<= 512 (normal)
341,Can bedside assessment reliably exclude aspiration following acute stroke?,no,no,True,7.3208,8.94,3.62,1.6193,"""If the cough is weak, then the patient is at risk of aspiration.""",281,False,False,unparsable,False,False,1–2,<= 512 (normal)
342,Does frozen section alter surgical management of multinodular thyroid disease?,no,no,True,4.0162,8.3864,2.9293,4.3701,FS is not useful in the management of patients with multinodular goiter undergoing thyroidectomy.,225,False,False,no,True,True,2–5,<= 512 (normal)
343,Does type 1 diabetes mellitus affect Achilles tendon response to a 10 km run?,no,no,True,6.1454,8.8815,3.9885,2.7361,"the Achilles tendon structure of T1DM and control groups did not differ at day-0, day-2 or day-4 post exercise.",281,False,False,unparsable,False,False,2–5,<= 512 (normal)
344,Are higher rates of depression in women accounted for by differential symptom reporting?,no,no,True,6.9017,8.1272,5.4479,1.2255,"""There is no gender difference in the prevalence of depression in East Baltimore.""",312,False,False,no,True,True,1–2,<= 512 (normal)
345,Do Indigenous Australians age prematurely?,no,no,True,5.1428,8.0078,3.1349,2.865,Indigenous people age prematurely.,211,False,False,no,True,True,2–5,<= 512 (normal)
346,Adjuvant radiation of stage III thymoma: is it necessary?,no,no,True,5.643,8.835,4.7504,3.192,Adjuvant radiation therapy is not necessary for patients with stage III thymoma.,260,False,False,unparsable,False,False,2–5,<= 512 (normal)
347,Are patients with diabetes receiving the same message from dietitians and nurses?,no,no,True,5.2339,6.991,3.8865,1.7571,"""If you have diabetes, then you should eat a carbohydrate source with protein.""",213,False,False,unparsable,False,False,1–2,<= 512 (normal)
348,"Do lipids, blood pressure, diabetes, and smoking confer equal risk of myocardial infarction in women as in men?",no,no,True,4.253,7.818,2.2466,3.5651,"lipids, blood pressure, diabetes, and smoking are all important risk factors for coronary events in women.",330,False,False,unparsable,False,False,2–5,<= 512 (normal)
349,Diabetes mellitus among Swedish art glass workers--an effect of arsenic exposure?,no,no,True,5.272,9.4518,2.5319,4.1798,"""No.""",314,False,False,no,True,True,2–5,<= 512 (normal)
350,Preoperative staging of patients with liver metastases of colorectal carcinoma. Does PET/CT really add something to multidetector CT?,no,no,True,0.8197,7.9058,1.8683,6.0375,PET / CT changed the therapeutic strategy in 11 patients (14%).,283,False,False,unparsable,False,False,> 5 (confident),<= 512 (normal)
351,Epidural analgesia for surgical treatment of peritoneal carcinomatosis: a risky technique?,no,no,True,4.0668,9.3375,3.4802,5.2707,epidural analgesia is a risky technique for cytoreductive surgery and hyperthermic intraperitoneal chemotherapy.,280,False,False,unparsable,False,False,> 5 (confident),<= 512 (normal)
352,Do acute changes in heart rate by isoproterenol affect aortic stiffness in patients with hypertension?,no,no,True,5.9791,7.9275,5.2374,1.9484,increased HR by isoproterenol does not affect the aortic stiffness in patients with hypertension.,372,False,False,unparsable,False,False,1–2,<= 512 (normal)
353,Totally implantable venous access device placement by interventional radiologists: are prophylactic antibiotics necessary?,no,no,True,6.2327,9.3289,3.2322,3.0962,TIVAD placement without prophylactic antibiotics is a safe procedure.,273,False,False,unparsable,False,False,2–5,<= 512 (normal)
354,Does increasing blood pH stimulate protein synthesis in dialysis patients?,no,no,True,2.1813,8.4208,3.958,4.4628,the increase in blood pH does not stimulate protein synthesis in dialysis patients.,400,False,False,unparsable,False,False,2–5,<= 512 (normal)
355,Necrotizing fasciitis: an indication for hyperbaric oxygenation therapy?,no,no,True,5.1083,7.6413,2.0808,2.533,HBO therapy is not indicated for the treatment of NF.,283,False,False,no,True,True,2–5,<= 512 (normal)
356,MR arthrography of the shoulder: do we need local anesthesia?,no,no,True,6.4602,9.784,3.6205,3.3238,Group A = 0 / 1 / 2 = 0 / 1 / 2 = 1 / 2 = 1 / 2 = 1 / 2 = 1 / 2,427,False,False,unparsable,False,False,2–5,<= 512 (normal)
357,Prognosis of low-tone sudden deafness - does it inevitably progress to Meniere's disease?,no,no,True,5.2092,8.6999,5.9137,2.7862,low-tone SD is not a precursor of Meniere's disease.,275,False,False,no,True,True,2–5,<= 512 (normal)
358,Is there a relationship between complex fractionated atrial electrograms recorded during atrial fibrillation and sinus rhythm fractionation?,no,no,True,4.8255,9.0539,3.2843,4.2284,SRF is not a surrogate marker of AF.,308,False,False,no,True,True,2–5,<= 512 (normal)
359,Is bicompartmental knee arthroplasty more favourable to knee muscle strength and physical performance compared to total knee arthroplasty?,no,no,True,4.9387,8.7901,5.0917,3.6983,bicompartmental knee arthroplasty is better than TKA in the recovery of knee muscle strength and physical performance.,327,False,False,unparsable,False,False,2–5,<= 512 (normal)
360,Does pain intensity predict a poor opioid response in cancer patients?,no,no,True,7.2676,8.3615,4.8228,1.0939,"'no' for 'no', 'yes' for 'yes', 'maybe' for 'yes'.",240,False,False,yes,True,False,1–2,<= 512 (normal)
361,Does the radiographic transition zone correlate with the level of aganglionosis on the specimen in Hirschsprung's disease?,no,no,True,4.3527,7.7661,4.8369,2.9293,rectal: Kappa = 0 / 1 / 2 / 3 / 4.,261,False,False,unparsable,False,False,2–5,<= 512 (normal)
362,Serovar specific immunity to Neisseria gonorrhoeae: does it exist?,no,no,True,3.9908,8.3401,4.0741,4.266,serovar specific immunity to gonorrhoea is not a protective mechanism.,134,False,False,unparsable,False,False,2–5,<= 512 (normal)
363,Is calibration the cause of variation in liquid chromatography tandem mass spectrometry testosterone measurement?,no,no,True,5.1583,8.0073,3.3161,2.8491,"""There is no consensus on the source of variation in testosterone measurement by LC-MS / MS.""",256,False,False,no,True,True,2–5,<= 512 (normal)
364,Internal derangement of the temporomandibular joint: is there still a place for ultrasound?,no,no,True,6.3468,8.1982,3.4705,1.8513,"""Ultrasound is not a good diagnostic tool for internal derangement of the temporomandibular joint.""",178,False,False,no,True,True,1–2,<= 512 (normal)
365,Does delivery mode affect women's postpartum quality of life in rural China?,no,no,True,4.8376,7.1578,1.8277,2.3202,"'I am not worried about the baby' (OR = 0 · 601, 95% CI 0 · 447, 0 · 8",309,False,False,no,True,True,2–5,<= 512 (normal)
366,Endovenous laser ablation in the treatment of small saphenous varicose veins: does site of access influence early outcomes?,no,no,True,4.7324,8.8405,1.6222,4.108,"""No"" for all patients.",309,False,False,no,True,True,2–5,<= 512 (normal)
367,Is there a role for fondaparinux in perioperative bridging?,no,no,True,5.6758,7.6678,4.8026,1.9921,Fondaparinux may be a useful bridging agent in the perioperative setting.,351,False,False,unparsable,False,False,1–2,<= 512 (normal)
368,Is it better to be big?,no,no,True,4.5898,6.4476,4.5965,1.8512,"""Big"" hospitals are more likely to merge than ""small"" hospitals.",229,False,False,unparsable,False,False,1–2,<= 512 (normal)
369,Chemotherapy and survival in advanced non-small cell lung carcinoma: is pneumologists' skepticism justified?,no,no,True,6.2155,9.4404,3.6701,3.2249,the former is better than the latter.,420,False,False,unparsable,False,False,2–5,<= 512 (normal)
370,The association of puberty and young adolescent alcohol use: do parents have a moderating role?,no,no,True,5.3088,8.0946,3.432,2.7857,"""There is no association of puberty and alcohol use in adolescents.""",218,False,False,no,True,True,2–5,<= 512 (normal)
371,Does increased use of private health care reduce the demand for NHS care?,no,no,True,5.4298,7.9629,6.8484,1.1145,the NHS referral rate is higher in wards with private referral rates in the top fifth compared with the bottom fifth.,299,False,False,unparsable,False,False,1–2,<= 512 (normal)
372,Is decompressive surgery effective for spinal cord sarcoidosis accompanied with compressive cervical myelopathy?,no,no,True,6.0884,7.9825,4.9747,1.8941,"""The surgery group had a better prognosis than the nonsurgery group.""",370,False,False,unparsable,False,False,1–2,<= 512 (normal)
373,Does the aggressive use of polyvalent antivenin for rattlesnake bites result in serious acute side effects?,no,no,True,3.9381,9.2034,0.8991,5.2653,The incidence of acute side effects from the use of antivenin for rattlesnake bites is low.,454,False,False,unparsable,False,False,> 5 (confident),<= 512 (normal)
374,Does successful completion of the Perinatal Education Programme result in improved obstetric practice?,no,no,True,5.8189,8.3179,2.6929,2.4989,'It is not possible to say that the PEP has improved obstetric practice'.,482,False,False,no,True,True,2–5,<= 512 (normal)
375,Can surgeon familiarization with current evidence lead to a change in practice?,no,no,True,6.8334,8.8021,5.45,1.9687,'There is no evidence to support the routine use of prophylactic NG decompression in elective colonic resections.',270,False,False,no,True,True,1–2,<= 512 (normal)
376,Kell alloimmunization in pregnancy: associated with fetal thrombocytopenia?,no,no,True,4.998,8.9544,4.6629,3.9564,fetal thrombocytopenia is not associated with a decreased fetal platelet count in pregnancies complicated by severe Kell alloimmunization.,249,False,False,unparsable,False,False,2–5,<= 512 (normal)
377,Globulomaxillary cysts--do they really exist?,no,no,True,0.465,6.8177,2.6365,4.1812,"""Globulomaxillary cyst"" is a new entity, which is not yet included in the international classification of odontogenic cysts.",220,False,False,unparsable,False,False,2–5,<= 512 (normal)
378,Colorectal cancer with synchronous liver metastases: does global management at the same centre improve results?,no,no,True,1.3176,7.6186,3.2802,4.3384,GM should be performed in centres with a high rate of SLM resection and a low rate of delayed liver resection.,333,False,False,unparsable,False,False,2–5,<= 512 (normal)
379,Are octogenarians at high risk for carotid endarterectomy?,no,no,True,4.8962,8.8945,5.0348,3.8597,Carotid endarterectomy is safe and effective in octogenarians.,288,False,False,unparsable,False,False,2–5,<= 512 (normal)
380,Is there a need for pelvic CT scan in cases of renal cell carcinoma?,no,no,True,3.6691,8.6921,5.2788,3.4133,"Category 1: Benign and unlikely to be significant, Category 2: Benign and likely to be significant, Category 3: Malignant and likely to be significant.",289,False,False,unparsable,False,False,2–5,<= 512 (normal)
381,Should circumcision be performed in childhood?,no,no,True,7.1899,8.4361,4.2698,1.2462,"""No.""",298,False,False,no,True,True,1–2,<= 512 (normal)
382,Does the Simultaneous Use of a Neuroendoscope Influence the Incidence of Ventriculoperitoneal Shunt Infection?,no,no,True,8.7209,9.2114,4.5328,0.4904,the infection rate was higher in the group in which an endoscope was used (P = 0.052).,325,False,True,unparsable,False,False,< 1 (uncertain),<= 512 (normal)
383,Is the probability of prenatal diagnosis or termination of pregnancy different for fetuses with congenital anomalies conceived following assisted reproductive techniques?,no,no,True,5.4116,9.6005,4.0998,4.1889,"""No.""",290,False,False,no,True,True,2–5,<= 512 (normal)
384,Is There an Additional Value of Using Somatostatin Receptor Subtype 2a Immunohistochemistry Compared to Somatostatin Receptor Scintigraphy Uptake in Predicting Gastroenteropancreatic Neuroendocrine Tumor Response?,no,no,True,6.6699,8.9338,5.0283,2.2638,sst2a IHC-negative / positive.,361,False,False,unparsable,False,False,2–5,<= 512 (normal)
385,Does growth hormone replacement therapy reduce mortality in adults with growth hormone deficiency?,no,no,True,2.3828,7.6389,3.7321,3.9069,"the SMR for all-cause mortality was increased in the treatment group (SMR = 2.41, 95% confidence interval, 1.56-3.57).",286,False,False,unparsable,False,False,2–5,<= 512 (normal)
386,Can decisional algorithms replace global introspection in the individual causality assessment of spontaneously reported ADRs?,no,no,True,3.3835,8.2646,3.9169,4.3477,'Probable' for the GI method and 'Possible' for the algorithms.,203,False,False,unparsable,False,False,2–5,<= 512 (normal)
387,Sternal skin conductance: a reasonable surrogate for hot flash measurement?,no,no,True,5.6806,7.5367,1.6311,1.856,"""Hot flash is not present / absent."" The second prototype was able to collect usable data from all women, and the mean difference between self",225,False,False,no,True,True,1–2,<= 512 (normal)
388,Is the Androgen Deficiency of Aging Men (ADAM) questionnaire useful for the screening of partial androgenic deficiency of aging men?,no,no,True,7.6887,7.8363,3.3138,0.1476,"""I am not sexually active"" (sensitivity = 85.2%, specificity = 68.8%).",452,False,True,no,True,True,< 1 (uncertain),<= 512 (normal)
389,Does a history of unintended pregnancy lessen the likelihood of desire for sterilization reversal?,no,no,True,6.4887,8.1765,5.2102,1.6879,"""There is no reason to believe that the sterilization will be reversed.""",259,False,False,no,True,True,1–2,<= 512 (normal)
390,Can we measure mesopic pupil size with the cobalt blue light slit-lamp biomicroscopy method?,no,no,True,4.4333,7.8277,4.271,3.3943,"""Can we measure pupil size with the cobalt blue light slit-lamp biomicroscopy method?""",348,False,False,unparsable,False,False,2–5,<= 512 (normal)
391,Does stress increase imitation of drinking behavior?,no,no,True,3.5163,6.5442,3.4231,3.0279,The results suggest that the tendency to imitate alcohol consumption is related to the drinking behavior of social company.,283,False,False,unparsable,False,False,2–5,<= 512 (normal)
392,Do clinical variables predict pathologic radiographs in the first episode of wheezing?,no,no,True,5.9276,8.0275,3.4509,2.0999,"""The probability of pathologic radiographs is greater than the probability of nonpathologic radiographs.""",226,False,False,unparsable,False,False,2–5,<= 512 (normal)
393,"Is distance to provider a barrier to care for medicaid patients with breast, colorectal, or lung cancer?",no,no,True,4.2868,7.7622,3.9415,3.4754,"""If you have a driving distance to a provider, you will have a delay in getting to the nearest provider.""",255,False,False,unparsable,False,False,2–5,<= 512 (normal)
394,Laminoplasty outcomes: is there a difference between patients with degenerative stenosis and those with ossification of the posterior longitudinal ligament?,no,no,True,1.9702,8.3529,3.349,5.0038,OPLL patients have a similar clinical outcome to those with degenerative stenosis following laminoplasty.,449,False,False,unparsable,False,False,> 5 (confident),<= 512 (normal)
395,Do overweight children necessarily make overweight adults?,no,no,True,3.724,6.33,3.5495,2.606,"""The body mass index of Japanese girls and women in birth cohorts born from 1930 to 1999 was not overweight as children, but became overweight as young",253,False,False,unparsable,False,False,2–5,<= 512 (normal)
396,Does patient position during liver surgery influence the risk of venous air embolism?,no,no,True,2.5999,8.2811,3.3345,4.9466,the risk of venous air embolism is not reduced by the Trendelenberg position.,177,False,False,no,True,True,2–5,<= 512 (normal)
397,Is routine chest radiography after transbronchial biopsy necessary?,no,no,True,3.6445,10.0919,2.9555,6.4474,"no pneumothorax in five patients, small pneumothorax in three patients, and large pneumothorax in one patient.",253,False,False,no,True,True,> 5 (confident),<= 512 (normal)
398,Can folic acid protect against congenital heart defects in Down syndrome?,no,no,True,7.4404,9.1996,6.348,1.7592,FA does not protect against congenital heart defects in DS.,333,False,False,no,True,True,1–2,<= 512 (normal)
399,Location and number of sutures placed for hiatal hernia repair during laparoscopic adjustable gastric banding: does it matter?,no,no,True,3.6843,8.2992,4.4687,3.8305,"""There is no difference in reoperation rates for band-related problems among patients undergoing LAGB with HHR with different suture placement.""",413,False,False,no,True,True,2–5,<= 512 (normal)
400,Does the distribution of health care benefits in Kenya meet the principles of universal coverage?,no,no,True,4.0196,7.5406,3.0358,3.521,"the private-for-profit sector is pro-rich, while the public sector is pro-poor.",327,False,False,unparsable,False,False,2–5,<= 512 (normal)
401,Are women with major depression in pregnancy identifiable in population health data?,no,no,True,3.5767,7.5301,4.6111,2.9189,the prevalence of major depression in pregnancy is around 16%.,471,False,False,unparsable,False,False,2–5,<= 512 (normal)
402,Can bone thickness and inter-radicular space affect miniscrew placement in posterior mandibular sites?,no,no,True,2.7499,7.3756,5.4072,1.9684,the miniscrew insertion angle should be 45 ° to 60 °.,383,False,False,unparsable,False,False,1–2,<= 512 (normal)
403,SPECT study with I-123-Ioflupane (DaTSCAN) in patients with essential tremor. Is there any correlation with Parkinson's disease?,no,no,True,4.2953,8.6702,3.6769,4.3748,the results of this study suggest that the use of DaTSCAN SPECT in patients with ET may be of limited value in the differential diagnosis between ET and,581,False,False,unparsable,False,False,2–5,> 512 (long)
404,Are many colorectal cancers due to missed adenomas?,no,no,True,2.9486,8.1778,6.4741,1.7038,the answer is: missed adenoma.,228,False,False,unparsable,False,False,1–2,<= 512 (normal)
405,Clinician assessment for acute chest syndrome in febrile patients with sickle cell disease: is it accurate enough?,no,no,True,4.6354,7.6242,3.3946,2.9889,"""There is no evidence that CXR is of significant value in the diagnosis of ACS in febrile patients with SCD.""",349,False,False,no,True,True,2–5,<= 512 (normal)
406,Can nonproliferative breast disease and proliferative breast disease without atypia be distinguished by fine-needle aspiration cytology?,no,no,True,4.9412,7.3329,1.7579,2.3918,PBD is a diagnosis of NPBD.,218,False,False,no,True,True,2–5,<= 512 (normal)
407,Is vancomycin MIC creep a worldwide phenomenon?,no,no,True,2.7556,8.8583,5.212,3.6463,vancomycin MIC creep.,305,False,False,unparsable,False,False,2–5,<= 512 (normal)
408,Is vitamin D deficiency a feature of pediatric celiac disease?,no,no,True,4.549,8.5397,6.191,2.3488,Vitamin D deficiency is not a feature of CD in prepubertal children.,374,False,False,unparsable,False,False,2–5,<= 512 (normal)
409,Is renal warm ischemia over 30 minutes during laparoscopic partial nephrectomy possible?,no,no,True,6.3555,9.83,4.4364,3.4746,"""No renal damage"" (n = 12), ""Renal damage"" (n = 4), and ""Renal function impairment"" (n =",316,False,False,no,True,True,2–5,<= 512 (normal)
410,PSA repeatedly fluctuating levels are reassuring enough to avoid biopsy?,no,no,True,3.6758,7.4887,4.1583,3.3304,PSA Fluctuation is not a reliable marker of PC risk.,296,False,False,unparsable,False,False,2–5,<= 512 (normal)
411,Does immediate breast reconstruction compromise the delivery of adjuvant chemotherapy?,no,no,True,6.604,8.8786,4.8745,2.2746,IBR does not compromise the delivery of adjuvant chemotherapy.,204,False,False,no,True,True,2–5,<= 512 (normal)
412,Prognosis of well differentiated small hepatocellular carcinoma--is well differentiated hepatocellular carcinoma clinically early cancer?,no,no,True,6.5308,7.5162,3.8219,0.9854,The prognosis of w-d HCC is not as good as that of l-d HCC.,307,False,True,no,True,True,< 1 (uncertain),<= 512 (normal)
413,Does a preoperative medically supervised weight loss program improve bariatric surgery outcomes?,no,no,True,7.8203,8.5887,5.9689,0.7684,"""We are not doing better.""",378,False,True,no,True,True,< 1 (uncertain),<= 512 (normal)
414,Bony defects in chronic anterior posttraumatic dislocation of the shoulder: Is there a correlation between humeral and glenoidal lesions?,no,no,True,7.1397,9.0652,4.0188,1.9255,"""No"" for the D / R ratio and ""yes / no"" for the D1 / D2 ratio.",380,False,False,no,True,True,1–2,<= 512 (normal)
415,Does the bracket-ligature combination affect the amount of orthodontic space closure over three months?,no,no,True,5.0805,8.4447,3.285,3.3642,"""There is no difference in the amount of space closure over three months between the three bracket-ligature combinations.""",328,False,False,no,True,True,2–5,<= 512 (normal)
416,Can increases in the cigarette tax rate be linked to cigarette retail prices?,no,no,True,2.0646,6.384,2.9839,3.4001,the government tax increase on cigarettes in China is not linked to increases in retail prices of cigarettes.,199,False,False,unparsable,False,False,2–5,<= 512 (normal)
417,Attaining negative margins in breast-conservation operations: is there a consensus among breast surgeons?,no,no,True,7.2298,7.4032,5.4851,0.1735,"""If you have a positive margin, then you should not reexcise the margin.""",294,False,True,unparsable,False,False,< 1 (uncertain),<= 512 (normal)
418,Does the sequence of clamp application during open abdominal aortic aneurysm surgery influence distal embolisation?,no,no,True,4.5504,8.1819,5.7354,2.4465,"""There is no evidence that the sequence of clamping the proximal and distal vessels influences the number of emboli passing distally.""",195,False,False,no,True,True,2–5,<= 512 (normal)
419,Discharging patients earlier from Winnipeg hospitals: does it adversely affect quality of care?,no,no,True,1.1598,7.5345,3.9243,3.6101,"The results of this study suggest that the length of stay for selected diagnostic categories in Winnipeg hospitals has decreased over time, and that this has",416,False,False,unparsable,False,False,2–5,<= 512 (normal)
420,Surgical management of the atherosclerotic ascending aorta: is endoaortic balloon occlusion safe?,no,no,True,2.5453,7.9616,2.3253,5.4163,the endoaortic balloon occlusion is safe and effective in the surgical management of the atherosclerotic ascending aorta.,334,False,False,unparsable,False,False,> 5 (confident),<= 512 (normal)
421,Is there a relationship between serum paraoxonase level and epicardial fat tissue thickness?,no,no,True,5.441,8.5886,5.6633,2.9253,there is a relationship between serum PON 1 level and epicardial fat tissue thickness.,296,False,False,unparsable,False,False,2–5,<= 512 (normal)
422,Do antibiotics decrease post-tonsillectomy morbidity?,no,no,True,5.5414,8.7162,3.725,3.1749,antibiotics are not indicated for tonsillectomy with or without adenoidectomy.,219,False,False,no,True,True,2–5,<= 512 (normal)
423,Should prostate specific antigen be adjusted for body mass index?,no,no,True,3.9715,8.0644,5.5615,2.5029,prostate specific antigen should not be adjusted for body mass index in men without prostate cancer.,282,False,False,unparsable,False,False,2–5,<= 512 (normal)
424,Is it necessary to insert a nasobiliary drainage tube routinely after endoscopic clearance of the common bile duct in patients with choledocholithiasis-induced cholangitis?,no,no,True,7.5747,9.1127,4.8209,1.538,"""There is no need to insert an ENBD tube routinely after endoscopic clearance of CBD stones in patients with choledocholithiasis-induced acute cholangitis after clearance",372,False,False,no,True,True,1–2,<= 512 (normal)
425,Have antiepileptic drug prescription claims changed following the FDA suicidality warning?,no,no,True,4.7371,9.2139,2.9245,4.4768,"""There is no change in trend of AED prescription claims following the FDA warning.""",340,False,False,no,True,True,2–5,<= 512 (normal)
426,Are high flow nasal cannulae noisier than bubble CPAP for preterm infants?,no,no,True,5.9594,8.863,5.383,2.9036,"""There is no difference in noise levels between HFNC and BCPAP.""",354,False,False,no,True,True,2–5,<= 512 (normal)
427,Are the arginine vasopressin V1a receptor microsatellites related to hypersexuality in children with a prepubertal and early adolescent bipolar disorder phenotype?,no,no,True,4.3431,8.3553,3.9822,4.0122,there is no evidence for preferential transmission of AVPR1A microsatellite alleles to hypersexual or uninhibited people-seeking probands.,497,False,False,no,True,True,2–5,<= 512 (normal)
428,Are variations in the use of carotid endarterectomy explained by population Need?,no,no,True,3.5564,7.7427,4.18,3.5627,the most affluent wards have the highest rates of CEA.,235,False,False,unparsable,False,False,2–5,<= 512 (normal)
429,Do supervised colorectal trainees differ from consultants in terms of quality of TME surgery?,no,no,True,4.9639,9.0032,4.3899,4.0394,there is no difference in the quality of excision of the mesorectum between trainees and consultants.,315,False,False,no,True,True,2–5,<= 512 (normal)
430,Major depression and alcohol use disorder in adolescence: Does comorbidity lead to poorer outcomes of depression?,no,no,True,4.3779,7.4848,4.8205,2.6643,Comorbidity between MD and AUD in adolescence is associated with poorer outcomes of MD in adulthood.,294,False,False,unparsable,False,False,2–5,<= 512 (normal)
431,Perioperative care in an animal model for training in abdominal surgery: is it necessary a preoperative fasting?,no,no,True,4.0756,8.147,5.6514,2.4956,"""It is necessary to perform a preoperative fasting in order to avoid the risk of hypoglycemia and hyperglycemia, and to avoid the risk of hypoglycemia and hyperglycemia,",279,False,False,unparsable,False,False,2–5,<= 512 (normal)
432,Metastatic carcinoma to the cervical nodes from an unknown head and neck primary site: Is there a need for neck dissection?,no,no,True,2.8325,9.0296,3.2677,5.7619,"""No.""",367,False,False,no,True,True,> 5 (confident),<= 512 (normal)
433,Does Viral Co-Infection Influence the Severity of Acute Respiratory Infection in Children?,no,no,True,4.942,8.5213,3.5623,3.5792,viral co-infection is not a significant predictor of severity in children with ARI.,366,False,False,unparsable,False,False,2–5,<= 512 (normal)
434,Cardiopulmonary bypass temperature does not affect postoperative euthyroid sick syndrome?,no,no,True,1.6681,8.8605,0.9437,7.1924,Cardiopulmonary bypass temperature does not affect postoperative euthyroid sick syndrome.,321,False,False,unparsable,False,False,> 5 (confident),<= 512 (normal)
435,Xanthogranulomatous cholecystitis: a premalignant condition?,no,no,True,2.7058,6.6065,4.0772,2.5293,XGC is a premalignant condition.,420,False,False,unparsable,False,False,2–5,<= 512 (normal)
436,Does septoplasty change the dimensions of compensatory hypertrophy of the middle turbinate?,no,no,True,4.2561,8.1459,5.386,2.76,"""Septoplasty does not change the dimensions of compensatory hypertrophy of the middle turbinate.""",189,False,False,no,True,True,2–5,<= 512 (normal)
437,Prescriptions as a proxy for asthma in children: a good choice?,no,no,True,4.7982,7.3942,3.7661,2.5959,"""Prescription data can be used as a proxy for asthma in children.""",298,False,False,unparsable,False,False,2–5,<= 512 (normal)
438,Does combining antiretroviral agents in a single dosage form enhance quality of life of HIV/AIDS patients?,no,no,True,4.1921,7.8948,5.2202,2.6746,"""The FXD strategy is cost-effective"" ($45,540.50 / QALY).",409,False,False,unparsable,False,False,2–5,<= 512 (normal)
439,Does desflurane alter left ventricular function when used to control surgical stimulation during aortic surgery?,no,no,True,3.8103,9.4318,1.2483,5.6215,no change in LV function.,387,False,False,no,True,True,> 5 (confident),<= 512 (normal)
440,Is fluoroscopy essential for retrieval of lower ureteric stones?,no,no,True,3.0394,8.9835,3.95,5.0335,100% stone clearance without the use of fluoroscopy.,347,False,False,unparsable,False,False,> 5 (confident),<= 512 (normal)
441,Does the treatment of amblyopia normalise subfoveal choroidal thickness in amblyopic children?,no,no,True,4.2378,8.4612,4.1156,4.2234,the treatment of amblyopia normalises subfoveal choroidal thickness in anisometropic hyperopic amblyopic children.,293,False,False,unparsable,False,False,2–5,<= 512 (normal)
442,Should tumor depth be included in prognostication of soft tissue sarcoma?,no,no,True,6.3539,7.4224,3.7807,1.0685,deep-seated tumors should be included in the prognostication of soft tissue sarcoma.,304,False,False,unparsable,False,False,1–2,<= 512 (normal)
443,Does performance in selection processes predict performance as a dental student?,no,no,True,2.3058,6.7024,2.1386,4.3966,the selection process itself is not a strong predictor of performance as a dental student.,225,False,False,unparsable,False,False,2–5,<= 512 (normal)
444,"Antiretroviral therapy related adverse effects: Can sub-Saharan Africa cope with the new ""test and treat"" policy of the World Health Organization?",no,no,True,1.8743,6.8129,3.5017,3.3112,"SSA is in a state of transition from a ""test and treat"" to a ""test and treat"" policy.",374,False,False,unparsable,False,False,2–5,<= 512 (normal)
445,"Expression of c-kit protooncogen in hepatitis B virus-induced chronic hepatitis, cirrhosis and hepatocellular carcinoma: has it a diagnostic role?",maybe,no,False,6.5656,8.35,4.6683,1.7845,c-kit overexpression is a useful diagnostic marker for HCC in HBV-infected patients.,293,False,False,unparsable,False,False,1–2,<= 512 (normal)
446,Can calprotectin predict relapse risk in inflammatory bowel disease?,maybe,no,False,3.4406,7.752,4.0506,3.7013,"a positive calprotectin test is a strong predictor of relapse in UC patients (P = 0.000), while in CD patients, a positive calprotectin test",311,False,False,unparsable,False,False,2–5,<= 512 (normal)
447,Does shaving the incision site increase the infection rate after spinal surgery?,maybe,no,False,7.9885,8.263,1.6819,0.2746,"""Shaving the incision site before surgery does not increase the infection rate after spinal surgery.""",229,False,True,unparsable,False,False,< 1 (uncertain),<= 512 (normal)
448,Antral follicle assessment as a tool for predicting outcome in IVF--is it a better predictor than age and FSH?,maybe,no,False,6.5922,7.5938,3.2469,1.0016,antral follicle assessment may serve as a better predictor of in vitro fertilization outcome than age and basal follicle stimulated hormone.,316,False,False,unparsable,False,False,1–2,<= 512 (normal)
449,Treatment of contralateral hydrocele in neonatal testicular torsion: Is less more?,maybe,no,False,4.7319,8.7054,2.9305,3.9734,The decision to treat a contralateral hydrocele in cases of neonatal testicular torsion is not a contraindication to contralateral testicular scrotal fixation.,352,False,False,unparsable,False,False,2–5,<= 512 (normal)
450,Do parents recall and understand children's weight status information after BMI screening?,maybe,no,False,4.2942,7.7969,3.3519,3.5026,"'I don't know' (BPC), 'I don't know' (MI), 'I don't know' (BPC",359,False,False,no,True,True,2–5,<= 512 (normal)
451,Do Web-based and clinic samples of gay men living with HIV differ on self-reported physical and psychological symptoms?,maybe,no,False,4.8358,8.3014,3.8185,3.4656,"""The Internet is not a good place to do research on HIV-related well-being.""",532,False,False,no,True,True,2–5,> 512 (long)
452,Are home sampling kits for sexually transmitted infections acceptable among men who have sex with men?,maybe,no,False,5.1343,8.0877,4.9088,2.9534,'HSK are acceptable'.,275,False,False,unparsable,False,False,2–5,<= 512 (normal)
453,Does rugby headgear prevent concussion?,maybe,no,False,6.1258,7.2189,3.2948,1.0932,"""The headgear is not mandatory.",229,False,False,no,True,True,1–2,<= 512 (normal)
454,Does body mass index (BMI) influence morbidity and long-term survival in gastric cancer patients after gastrectomy?,maybe,no,False,4.9677,6.9908,6.3241,0.6666,the higher body mass index group had a significantly better survival rate than the lower body mass index group in stage 3a (P = 0.0462).,272,False,True,unparsable,False,False,< 1 (uncertain),<= 512 (normal)
455,Is determination between complete and incomplete traumatic spinal cord injury clinically relevant?,maybe,yes,False,7.8707,7.425,3.3067,0.4457,"""Is determination between complete and incomplete traumatic SCI clinically relevant?""",405,False,True,unparsable,False,False,< 1 (uncertain),<= 512 (normal)
456,Does use of hydrophilic guidewires significantly improve technical success rates of peripheral PTA?,maybe,no,False,4.3579,7.5412,4.6225,2.9188,the success rate of PTA of SFA stenosis was significantly higher using hydrophilic guidewires (96%) than using conventional guidewires (80%) (p,318,False,False,unparsable,False,False,2–5,<= 512 (normal)
457,"Are lifetime prevalence of impetigo, molluscum and herpes infection really increased in children having atopic dermatitis?",maybe,no,False,5.3385,8.5215,6.542,1.9795,the association of childhood AD with IC is not clear.,296,False,False,unparsable,False,False,1–2,<= 512 (normal)
458,Can routinely collected ambulance data about assaults contribute to reduction in community violence?,maybe,no,False,3.3167,5.9058,4.6563,1.2495,'The law of spatiotemporal concentrations of events'.,328,False,False,unparsable,False,False,1–2,<= 512 (normal)
459,Is irritable bowel syndrome a diagnosis of exclusion?,maybe,no,False,3.1403,7.8195,3.1145,4.6792,"""I don't know.""",342,False,False,no,True,True,2–5,<= 512 (normal)
460,Is a patient's self-reported health-related quality of life a prognostic factor for survival in non-small-cell lung cancer patients?,maybe,no,False,6.8561,9.2446,1.6975,2.3885,"patients with a score of 0 to 1 (HR = 2.39; 95% CI 1.60-3.57; P < 0.001), 2 to 3",303,False,False,unparsable,False,False,2–5,<= 512 (normal)
461,Vaginal dose assessment in image-guided brachytherapy for cervical cancer: Can we really rely on dose-point evaluation?,maybe,no,False,3.9241,8.3476,4.6357,3.7119,the PIBS points are not a good indicator of the dose delivered to the vagina.,360,False,False,unparsable,False,False,2–5,<= 512 (normal)
462,Is there a role for endothelin-1 in the hemodynamic changes during hemodialysis?,maybe,no,False,5.2551,8.6959,6.6655,2.0304,ET-1 may play a role in the pathogenesis of rebound hypertension during HD.,362,False,False,unparsable,False,False,2–5,<= 512 (normal)
463,Is vitamin D insufficiency or deficiency related to the development of osteochondritis dissecans?,maybe,no,False,6.2112,9.2018,4.5067,2.9907,"vitamin D3 insufficiency (n = 11), vitamin D3 deficiency (n = 7), vitamin D3-insufficient / vitamin D3-deficient (n =",184,False,False,unparsable,False,False,2–5,<= 512 (normal)
464,Does timing of initial surfactant treatment make a difference in rates of chronic lung disease or mortality in premature infants?,maybe,no,False,7.1835,9.3909,4.4407,2.2074,early surfactant is associated with less CLD and mortality but no difference in CLD / mortality.,287,False,False,unparsable,False,False,2–5,<= 512 (normal)
465,Is it Crohn's disease?,maybe,no,False,5.121,7.0389,3.4049,1.9178,Sulfasalazine is a rare but potentially life-threatening cause of systemic reactions.,146,False,False,unparsable,False,False,1–2,<= 512 (normal)
466,Do French lay people and health professionals find it acceptable to breach confidentiality to protect a patient's wife from a sexually transmitted disease?,maybe,no,False,5.6319,8.1907,3.8819,2.5588,"""always acceptable"" (n = 14), ""depending on the circumstances"" (n = 87), ""not at all acceptable"" (n",356,False,False,unparsable,False,False,2–5,<= 512 (normal)
467,Can patients be anticoagulated after intracerebral hemorrhage?,maybe,no,False,3.5287,9.0913,2.1988,5.5627,withholding anticoagulation therapy for patients with prior deep hemispheric ICH is preferred.,278,False,False,unparsable,False,False,> 5 (confident),<= 512 (normal)
468,Do elderly patients call 911 when presented with clinical scenarios suggestive of acute stroke?,maybe,no,False,5.0908,7.3204,4.1682,2.2296,"""I would call 911"" for the following reasons: ""I would not call for stroke"" (37%), ""I would not call",319,False,False,unparsable,False,False,2–5,<= 512 (normal)
469,Are opioid dependence and methadone maintenance treatment (MMT) documented in the medical record?,maybe,no,False,4.0219,8.4542,3.2771,4.4324,"""No.""",281,False,False,no,True,True,2–5,<= 512 (normal)
470,Should chest wall irradiation be included after mastectomy and negative node breast cancer?,maybe,no,False,5.565,8.615,4.769,3.0501,(1) Internal mammary chain only irradiation is not indicated in node negative breast cancer patients with mastectomy and external irradiation of the internal mammary chain; (2,147,False,False,unparsable,False,False,2–5,<= 512 (normal)
471,Does managed care enable more low income persons to identify a usual source of care?,maybe,no,False,5.2972,7.5943,5.022,2.2971,The likelihood of having a usual source of care is lower for uninsured persons with a usual physician than for those with a usual source of care.,254,False,False,unparsable,False,False,2–5,<= 512 (normal)
472,Is the cell death in mesial temporal sclerosis apoptotic?,maybe,no,False,5.1341,7.9608,2.9443,2.8267,the cell death in MTS is not apoptotic.,266,False,False,unparsable,False,False,2–5,<= 512 (normal)
473,Does vaginal intraepithelial neoplasia have the same evolution as cervical intraepithelial neoplasia?,maybe,no,False,4.427,8.9987,5.8351,3.1635,"""Vaginal intraepithelial neoplasia has the same evolution as cervical intraepithelial neoplasia.""",327,False,False,unparsable,False,False,2–5,<= 512 (normal)
474,Does government assistance improve utilization of eye care services by low-income individuals?,maybe,yes,False,7.9298,7.5868,4.8291,0.3431,"""The government-funded, low-income vision care programs are not sufficient for a general / routine eye examination.""",365,False,True,unparsable,False,False,< 1 (uncertain),<= 512 (normal)
475,HIF1A as a major vascular endothelial growth factor regulator: do its polymorphisms have an association with age-related macular degeneration?,maybe,no,False,6.5972,8.8633,4.6832,2.2662,rs1061170 (HIF1A) is a major vascular endothelial growth factor regulator in AMD.,421,False,False,unparsable,False,False,2–5,<= 512 (normal)
476,Detailed analysis of sputum and systemic inflammation in asthma phenotypes: are paucigranulocytic asthmatics really non-inflammatory?,maybe,no,False,0.8361,7.5589,2.1849,5.374,"paucigranulocytic asthma is a non-inflammatory phenotype, eosinophilic asthma is a paucigranulocytic phenotype, paucigranulocytic asthma",341,False,False,unparsable,False,False,> 5 (confident),<= 512 (normal)
477,Do Surrogates of Injury Severity Influence the Occurrence of Heterotopic Ossification in Fractures of the Acetabulum?,maybe,no,False,7.177,7.979,3.1722,0.802,"""There is a relationship between the occurrence and severity of HO and the duration of the ICU stay, non-ICU LOS > 10 days, and the",361,False,True,unparsable,False,False,< 1 (uncertain),<= 512 (normal)
478,Does obstructive sleep apnea affect aerobic fitness?,maybe,no,False,6.029,8.2237,3.8467,2.1947,"""There is no difference in aerobic fitness between patients with OSA and a normal population.""",189,False,False,no,True,True,2–5,<= 512 (normal)
479,30-Day and 1-year mortality in emergency general surgery laparotomies: an area of concern and need for improvement?,maybe,no,False,5.0486,7.3658,4.1851,2.3172,30-day mortality is 14-15% in patients aged < 70 years and 22% in those aged > 70 years.,257,False,False,unparsable,False,False,2–5,<= 512 (normal)
480,Combining process indicators to evaluate quality of care for surgical patients with colorectal cancer: are scores consistent with short-term outcome?,maybe,no,False,4.388,8.9495,4.6237,4.3258,'No' for the composite measure for colon carcinoma and 'No' for the composite measure for rectum carcinoma.,216,False,False,no,True,True,2–5,<= 512 (normal)
481,Are the elderly with oropharyngeal carcinoma undertreated?,maybe,no,False,4.5059,8.2039,4.9521,3.2518,The elderly with OPSCC are not receiving less treatment and are receiving more aggressive therapy.,295,False,False,unparsable,False,False,2–5,<= 512 (normal)
482,Do older patients receive adequate stroke care?,maybe,no,False,3.207,8.3733,4.0042,4.3692,'Do you have a stroke?'.,406,False,False,unparsable,False,False,2–5,<= 512 (normal)
483,Continuation of pregnancy after antenatal corticosteroid administration: opportunity for rescue?,maybe,no,False,4.2128,7.8176,3.5849,3.6048,(1) continuation of pregnancy after AC administration; (2) potential for rescue AC; (3) no opportunity for rescue AC.,239,False,False,unparsable,False,False,2–5,<= 512 (normal)
484,Should HIV-infected patients be screened for silent myocardial ischaemia using gated myocardial perfusion SPECT?,maybe,no,False,4.9194,8.9897,5.4013,3.5884,the prevalence of SMI in HIV-infected patients with no clinical symptoms of coronary artery disease is 9.6%.,289,False,False,unparsable,False,False,2–5,<= 512 (normal)
485,Is a specialised training of phonological awareness indicated in every preschool child?,maybe,no,False,5.4974,8.0665,3.7477,2.5691,"""The specialized training program is more effective than the control in the prevention of dyslexia.""",151,False,False,unparsable,False,False,2–5,<= 512 (normal)
486,BCRABL transcript detection by quantitative real-time PCR : are correlated results possible from homebrew assays?,maybe,no,False,5.852,7.6032,4.5832,1.7512,"""The results are not correlated.""",280,False,False,no,True,True,1–2,<= 512 (normal)
487,Does HER2 immunoreactivity provide prognostic information in locally advanced urothelial carcinoma patients receiving adjuvant M-VEC chemotherapy?,maybe,no,False,6.758,8.2461,5.9832,1.4881,HER2 immunoreactivity is a significant prognostic factor for PFS and disease-specific OS in locally advanced urothelial carcinoma patients receiving adjuvant M-VEC chemotherapy.,279,False,False,no,True,True,1–2,<= 512 (normal)
488,Does the familial transmission of drinking patterns persist into young adulthood?,maybe,no,False,3.5227,8.0844,2.9023,4.5618,the association between parental drinking and offspring drinking is not strong and the association is not strong enough to be considered a causal one.,266,False,False,unparsable,False,False,2–5,<= 512 (normal)
489,Bactericidal activity of 3 cutaneous/mucosal antiseptic solutions in the presence of interfering substances: Improvement of the NF EN 13727 European Standard?,maybe,no,False,2.3783,8.3351,3.5494,4.7857,P is bactericidal on P.,288,False,False,unparsable,False,False,2–5,<= 512 (normal)
490,Does ultrasound imaging before puncture facilitate internal jugular vein cannulation?,maybe,no,False,6.0261,8.412,4.6207,2.3859,"""Ultrasound-guided cannulation is superior to landmark-guided cannulation.""",314,False,False,unparsable,False,False,2–5,<= 512 (normal)
491,Can a practicing surgeon detect early lymphedema reliably?,maybe,no,False,6.8733,7.8536,4.5243,0.9802,"""If the circumference is 5% greater than the volume, then the patient is likely to have lymphedema.""",199,False,True,unparsable,False,False,< 1 (uncertain),<= 512 (normal)
492,Is perforation of the appendix a risk factor for tubal infertility and ectopic pregnancy?,maybe,no,False,5.9619,9.7494,2.7337,3.7875,perforation of the appendix is not a risk factor for tubal infertility or ectopic pregnancy.,264,False,False,unparsable,False,False,2–5,<= 512 (normal)
493,Does perspective-taking increase patient satisfaction in medical encounters?,maybe,no,False,5.5273,6.6516,3.5778,1.1243,Perspective-taking may improve patient satisfaction in medical encounters.,315,False,False,unparsable,False,False,1–2,<= 512 (normal)
494,Sternal fracture in growing children : A rare and often overlooked fracture?,maybe,no,False,1.6258,6.8325,0.5237,5.2067,1.,128,False,False,unparsable,False,False,> 5 (confident),<= 512 (normal)
495,Midwives' competence: is it affected by working in a rural location?,maybe,no,False,3.7081,8.0365,2.8112,4.3284,"rural midwives were more likely to report competence in breech delivery (p = 0.001), intravenous fluid replacement (p = 0.001) and initial and discharge examination",420,False,False,unparsable,False,False,2–5,<= 512 (normal)
496,Does the severity of obstructive sleep apnea predict patients requiring high continuous positive airway pressure?,maybe,no,False,6.7858,8.9363,3.1081,2.1505,"high CPAP is more likely to be required in severe OSA patients with a higher AHI, a higher BMI, and a lower MSLT.",341,False,False,unparsable,False,False,2–5,<= 512 (normal)
497,Does self-efficacy mediate the relationship between transformational leadership behaviours and healthcare workers' sleep quality?,maybe,no,False,3.8691,7.7277,2.2175,3.8586,'The leadership is not transformational'.,243,False,False,unparsable,False,False,2–5,<= 512 (normal)
498,Are there mental health differences between francophone and non-francophone populations in manitoba?,maybe,no,False,7.1428,8.3389,6.5289,1.1962,"""The difference is not statistically significant.""",302,False,False,unparsable,False,False,1–2,<= 512 (normal)
499,Outcome Feedback within Emergency Medicine Training Programs: An Opportunity to Apply the Theory of Deliberate Practice?,maybe,no,False,6.5244,8.4733,1.3653,1.9489,"""Residents should be taught to follow up on their patients' outcomes"" (95.2%), ""Residents should be taught to follow up on their",322,False,False,unparsable,False,False,1–2,<= 512 (normal)
