idx,question,true_label,predicted_label,correct,score_yes,score_no,score_maybe,confidence_margin,generated_text,prompt_token_len,truncated,uncertain,parsed_from_text,is_parsable,text_label_match,margin_bucket,length_bucket
0,Is anorectal endosonography valuable in dyschesia?,yes,no,False,15.5355,15.84,13.7559,0.3045,no: no: no: no: no: no: no: no: no: no: no: no: no: no: no:,301,False,True,no,True,True,< 1 (uncertain),<= 512 (normal)
1,Is there a connection between sublingual varices and hypertension?,yes,no,False,15.5006,16.3605,14.701,0.8599,no answer yes: no answer yes: no answer yes: no answer yes: no answer yes: no answer yes: no answer yes: no answer,362,False,True,no,True,True,< 1 (uncertain),<= 512 (normal)
2,Is the affinity column-mediated immunoassay method suitable as an alternative to the microparticle enzyme immunoassay method as a blood tacrolimus assay?,yes,no,False,15.2714,15.7094,13.443,0.438,no answers was given in the ACMIA method.,302,False,True,no,True,True,< 1 (uncertain),<= 512 (normal)
3,Does a physician's specialty influence the recording of medication history in patients' case notes?,yes,no,False,16.4891,17.0911,14.4481,0.6021,"no answers was given to the question: yes, no, maybe yes, maybe no, maybe no, maybe yes, maybe",309,False,True,no,True,True,< 1 (uncertain),<= 512 (normal)
4,Locoregional opening of the rodent blood-brain barrier for paclitaxel using Nd:YAG laser-induced thermo therapy: a new concept of adjuvant glioma therapy?,yes,no,False,14.8164,15.8774,13.8334,1.061,no.,219,False,False,no,True,True,1–2,<= 512 (normal)
5,Spinal subdural hematoma: a sequela of a ruptured intracranial aneurysm?,yes,yes,True,16.8756,16.2232,15.6455,0.6524,yes.,237,False,True,yes,True,True,< 1 (uncertain),<= 512 (normal)
6,Is there a correlation between androgens and sexual desire in women?,yes,yes,True,16.3832,16.1956,14.7539,0.1876,yes.,323,False,True,yes,True,True,< 1 (uncertain),<= 512 (normal)
7,Is the zeolite hemostatic agent beneficial in reducing blood loss during arterial injury?,yes,yes,True,15.3084,14.5316,14.4106,0.7768,yes.,261,False,True,yes,True,True,< 1 (uncertain),<= 512 (normal)
8,Are endothelial cell patterns of astrocytomas indicative of grade?,yes,no,False,14.7406,15.5018,14.3171,0.7612,no: no: yes.,268,False,True,no,True,True,< 1 (uncertain),<= 512 (normal)
9,Should cavitation in proximal surfaces be reported in cone beam computed tomography examination?,yes,yes,True,16.1548,14.9344,13.2563,1.2204,"yes, no answers were significantly more frequent for CBCT than for bitewings (p < 0.001).",262,False,False,yes,True,True,1–2,<= 512 (normal)
10,Ultrasound in squamous cell carcinoma of the penis; a useful addition to clinical staging?,yes,no,False,15.1728,15.9127,13.9078,0.7399,no yes answers.,236,False,True,no,True,True,< 1 (uncertain),<= 512 (normal)
11,Can third trimester ultrasound predict the presentation of the first twin at delivery?,yes,no,False,15.8684,16.4329,14.4028,0.5645,no yes answers to yes questions about the presence of noncephalic at delivery.,226,False,True,no,True,True,< 1 (uncertain),<= 512 (normal)
12,Is micro-computed tomography reliable to determine the microstructure of the maxillary alveolar bone?,yes,no,False,13.6624,14.9035,13.6652,1.2383,no.,313,False,False,no,True,True,1–2,<= 512 (normal)
13,Is primary angioplasty an acceptable alternative to thrombolysis?,yes,no,False,16.2022,16.6429,15.1026,0.4407,no: yes: no: yes: no: yes: no: yes: no: yes: no: yes: no: yes: no:,295,False,True,no,True,True,< 1 (uncertain),<= 512 (normal)
14,Is endometrial polyp formation associated with increased expression of vascular endothelial growth factor and transforming growth factor-beta1?,yes,no,False,15.4685,15.5354,13.5894,0.0669,no was not answered.,386,False,True,no,True,True,< 1 (uncertain),<= 512 (normal)
15,Improvements in survival of gynaecological cancer in the Anglia region of England: are these an effect of centralisation of care and use of multidisciplinary management?,yes,no,False,15.6891,15.9262,13.9826,0.2371,"no yes, no: no yes: no yes: no yes: no yes: no yes: no yes: no yes: no yes: no",286,False,True,no,True,True,< 1 (uncertain),<= 512 (normal)
16,Estimated fetal weight by ultrasound: a modifiable risk factor for cesarean delivery?,yes,yes,True,17.1974,16.9019,15.1017,0.2955,"yes, no, yes: no, yes: no, yes: no, yes: no, yes: yes, yes: no, yes:",230,False,True,yes,True,True,< 1 (uncertain),<= 512 (normal)
17,Are financial incentives cost-effective to support smoking cessation during pregnancy?,yes,no,False,15.6448,15.8838,15.3479,0.239,no answers.,395,False,True,no,True,True,< 1 (uncertain),<= 512 (normal)
18,Do adjuvant aromatase inhibitors increase the cardiovascular risk in postmenopausal women with early breast cancer?,yes,no,False,16.3052,16.7107,14.7707,0.4056,no answers were obtained.,352,False,True,no,True,True,< 1 (uncertain),<= 512 (normal)
19,Is fear of anaphylactic shock discouraging surgeons from more widely adopting percutaneous and laparoscopic techniques in the treatment of liver hydatid cyst?,yes,no,False,15.0925,16.5151,15.0674,1.4226,"no answers were given by 3 surgeons (10%), 5 surgeons (18%), and 18 surgeons (67%), respectively.",187,False,False,no,True,True,1–2,<= 512 (normal)
20,Risk stratification in emergency surgical patients: is the APACHE II score a reliable marker of physiological impairment?,yes,no,False,15.6503,16.3175,13.7237,0.6672,"no yes answers was given to the yes, no, or mayor yes answers to the yes, no, or mayor yes answers to the yes",329,False,True,no,True,True,< 1 (uncertain),<= 512 (normal)
21,Can Flexible Instruments Create Adequate Femoral Tunnel Lengths at 90° of Knee Flexion in Anterior Cruciate Ligament Reconstruction?,yes,no,False,15.3128,15.6028,14.4941,0.29,no: no.,426,False,True,no,True,True,< 1 (uncertain),<= 512 (normal)
22,Do mitochondria play a role in remodelling lace plant leaves during programmed cell death?,yes,no,False,15.7559,15.9786,14.836,0.2227,no.,382,False,True,no,True,True,< 1 (uncertain),<= 512 (normal)
23,"""Occult"" posttraumatic lesions of the knee: can magnetic resonance substitute for diagnostic arthroscopy?",yes,no,False,15.1157,16.6934,14.6203,1.5777,no answers.,468,False,False,no,True,True,1–2,<= 512 (normal)
24,Does Sensation Return to the Nasal Tip After Microfat Grafting?,yes,yes,True,15.271,15.1598,14.3152,0.1112,yes.,283,False,True,yes,True,True,< 1 (uncertain),<= 512 (normal)
25,Do some U.S. states have higher/lower injury mortality rates than others?,yes,yes,True,16.8538,16.1047,15.0883,0.7491,yes.,190,False,True,yes,True,True,< 1 (uncertain),<= 512 (normal)
26,Hepatorenal syndrome: are we missing some prognostic factors?,yes,no,False,14.781,16.1617,13.6157,1.3807,no: no: yes: yes: no: no: yes: no: no: no: no: no: no: no: no:,347,False,False,no,True,True,1–2,<= 512 (normal)
27,"The Main Gate Syndrome: a new format in mass-casualty victim ""surge"" management?",yes,no,False,14.5216,15.7685,14.8195,0.949,no.,162,False,True,no,True,True,< 1 (uncertain),<= 512 (normal)
28,Is EQ-5D a valid quality of life instrument in patients with acute coronary syndrome?,yes,yes,True,16.887,16.63,14.4734,0.257,"yes, no answers were found to be significantly associated with the EQ-5D index score (p < 0.001).",292,False,True,yes,True,True,< 1 (uncertain),<= 512 (normal)
29,Is portable ultrasonography accurate in the evaluation of Schanz pin placement during extremity fracture fixation in austere environments?,yes,no,False,15.9467,15.9676,14.3148,0.0209,no yes answers.,289,False,True,no,True,True,< 1 (uncertain),<= 512 (normal)
30,Is grandmultiparity an independent risk factor for adverse perinatal outcomes?,yes,no,False,17.2585,17.4448,14.3805,0.1863,no: no: yes: yes: yes: yes: yes: yes: yes: yes: yes: yes: yes: yes: yes:,295,False,True,no,True,True,< 1 (uncertain),<= 512 (normal)
31,Does depression diagnosis and antidepressant prescribing vary by location?,yes,no,False,16.008,16.4341,14.9616,0.4261,no: yes: yes: yes: yes: yes: yes: yes: yes: yes: yes: yes: yes: yes: yes:,339,False,True,no,True,True,< 1 (uncertain),<= 512 (normal)
32,Learning needs of postpartum women: does socioeconomic status matter?,yes,no,False,16.6797,16.7527,15.5585,0.0729,no questions.,348,False,True,no,True,True,< 1 (uncertain),<= 512 (normal)
33,Is there a differential in the dental health of new recruits to the British Armed Forces?,yes,no,False,16.6281,17.5357,15.7807,0.9076,no: no: yes: yes: yes: yes: yes: yes: yes: yes: yes: yes: yes: yes: yes:,291,False,True,no,True,True,< 1 (uncertain),<= 512 (normal)
34,Do patients with rheumatoid arthritis established on methotrexate and folic acid 5 mg daily need to continue folic acid supplements long term?,yes,no,False,15.1423,15.6875,14.2126,0.5452,no: no: yes: yes: no: yes: no: yes: no: yes: no: no: yes: no: no:,350,False,True,no,True,True,< 1 (uncertain),<= 512 (normal)
35,Can teaching medical students to investigate medication errors change their attitudes towards patient safety?,yes,yes,True,16.2147,15.991,14.9086,0.2237,yes.,230,False,True,yes,True,True,< 1 (uncertain),<= 512 (normal)
36,Does a delay in transfer to a rehabilitation unit for older people affect outcome after fracture of the proximal femur?,yes,no,False,15.2877,16.9616,14.454,1.6739,no: no: no: yes: yes: yes: yes: yes: yes: yes: yes: yes: yes: yes: yes:,245,False,False,no,True,True,1–2,<= 512 (normal)
37,Are there gender differences in the reasons why African Americans delay in seeking medical help for symptoms of an acute myocardial infarction?,yes,no,False,16.4113,17.1382,14.9127,0.7269,no: no: yes: yes: yes: yes: yes: yes: yes: yes: yes: yes: yes: yes: yes:,274,False,True,no,True,True,< 1 (uncertain),<= 512 (normal)
38,Does ambulatory process of care predict health-related quality of life outcomes for patients with chronic disease?,yes,no,False,16.3049,16.3359,15.2815,0.031,no yes questions is associated with a 4.24 increment in delta SF-12-physical component summary scores.,282,False,True,no,True,True,< 1 (uncertain),<= 512 (normal)
39,Is the combination with 2-methoxyestradiol able to reduce the dosages of chemotherapeutices in the treatment of human ovarian cancer?,yes,no,False,14.5646,15.2292,13.6157,0.6646,no.,231,False,True,no,True,True,< 1 (uncertain),<= 512 (normal)
40,Does a dedicated discharge coordinator improve the quality of hospital discharge?,yes,no,False,14.9833,16.3448,14.3288,1.3615,no.,353,False,False,no,True,True,1–2,<= 512 (normal)
41,Impact of MPH programs: contributing to health system strengthening in low- and middle-income countries?,yes,no,False,15.4226,15.7368,15.5173,0.2195,no.,481,False,True,no,True,True,< 1 (uncertain),<= 512 (normal)
42,Pap smears with glandular cell abnormalities: Are they detected by rapid prescreening?,yes,no,False,15.1579,15.3969,14.4988,0.2391,"no yes answers were given to yes, no, or mayor yes answers to no, no, yes, yes, yes, yes, yes,",340,False,True,no,True,True,< 1 (uncertain),<= 512 (normal)
43,Can transcranial direct current stimulation be useful in differentiating unresponsive wakefulness syndrome from minimally conscious state patients?,yes,no,False,14.4994,14.6974,13.7381,0.198,no yes answers.,270,False,True,no,True,True,< 1 (uncertain),<= 512 (normal)
44,Is etoricoxib effective in preventing heterotopic ossification after primary total hip arthroplasty?,yes,no,False,15.3822,16.3119,14.869,0.9297,no answers were given.,240,False,True,no,True,True,< 1 (uncertain),<= 512 (normal)
45,Assessing Patient Reported Outcomes Measures via Phone Interviews Versus Patient Self-Survey in the Clinic: Are We Measuring the Same Thing?,yes,yes,True,17.7395,17.3465,15.138,0.393,yes: yes: yes: yes: yes: yes: yes: yes: yes: yes: yes: yes: yes: yes: yes:,531,False,True,yes,True,True,< 1 (uncertain),> 512 (long)
46,Can emergency physicians accurately and reliably assess acute vertigo in the emergency department?,yes,no,False,16.4994,16.7223,14.8523,0.223,"no answers was given in 76.9%, 23.1% and 0% of cases, respectively.",383,False,True,no,True,True,< 1 (uncertain),<= 512 (normal)
47,Proof of concept study: does fenofibrate have a role in sleep apnoea syndrome?,yes,no,False,14.273,15.1315,14.2252,0.8585,no yes answers.,463,False,True,no,True,True,< 1 (uncertain),<= 512 (normal)
48,Does implant coating with antibacterial-loaded hydrogel reduce bacterial colonization and biofilm formation in vitro?,yes,no,False,15.0005,15.7274,13.9604,0.7269,no.,284,False,True,no,True,True,< 1 (uncertain),<= 512 (normal)
49,Does bone anchor fixation improve the outcome of percutaneous bladder neck suspension in female stress urinary incontinence?,yes,no,False,14.9499,15.5034,13.5957,0.5535,no answers.,308,False,True,no,True,True,< 1 (uncertain),<= 512 (normal)
50,Is leptin involved in phagocytic NADPH oxidase overactivity in obesity?,yes,yes,True,15.4799,13.4002,11.5099,2.0797,yes yes yes yes yes yes yes yes yes yes yes yes yes yes yes yes yes yes yes yes yes yes yes yes yes yes yes yes yes yes,310,False,False,yes,True,True,2–5,<= 512 (normal)
51,Can we predict which head and neck cancer survivors develop fears of recurrence?,yes,yes,True,15.6099,15.2945,15.0913,0.3154,"yes, no questions.",322,False,True,yes,True,True,< 1 (uncertain),<= 512 (normal)
52,Differentiation of nonalcoholic from alcoholic steatohepatitis: are routine laboratory markers useful?,yes,yes,True,16.093,15.8428,13.5312,0.2502,"yes, no answers were: yes, no, yes, yes, yes, yes, yes, yes, yes, yes, yes, yes,",321,False,True,yes,True,True,< 1 (uncertain),<= 512 (normal)
53,Traumatic aortic injury: does the anatomy of the aortic arch influence aortic trauma severity?,yes,no,False,14.7107,16.341,14.0024,1.6303,no: no.,255,False,False,no,True,True,1–2,<= 512 (normal)
54,The Prevalence of Incidentally Detected Idiopathic Misty Mesentery on Multidetector Computed Tomography: Can Obesity Be the Triggering Cause?,yes,no,False,15.2742,16.8293,14.7752,1.5551,"no answers were given in 22.5%, 42.5%, and 7.5% of cases, respectively.",301,False,False,no,True,True,1–2,<= 512 (normal)
55,Fast foods - are they a risk factor for asthma?,yes,yes,True,16.5482,16.5479,14.5875,0.0003,"yes, no answers were used to assess the association between hamburger consumption and asthma and allergy.",385,False,True,yes,True,True,< 1 (uncertain),<= 512 (normal)
56,Assessment of appropriate antimicrobial prescribing: do experts agree?,yes,no,False,16.0662,16.8282,15.2877,0.7619,no answers was not possible in 5% of cases.,278,False,True,no,True,True,< 1 (uncertain),<= 512 (normal)
57,Pulmonary valve replacement in adults late after repair of tetralogy of fallot: are we operating too late?,yes,no,False,15.4692,16.5619,14.0893,1.0927,no: no: no: yes: yes: yes: yes: yes: yes: yes: yes: yes: yes: yes: yes:,338,False,False,no,True,True,1–2,<= 512 (normal)
58,Is amoxapine an atypical antipsychotic?,yes,no,False,15.1174,15.2526,14.4098,0.1353,no: no: yes: yes: yes: yes: yes: yes: yes: yes: yes: yes: yes: yes: yes:,217,False,True,no,True,True,< 1 (uncertain),<= 512 (normal)
59,Do older patients who refuse to participate in a self-management intervention in the Netherlands differ from older patients who agree to participate?,yes,maybe,False,14.3918,15.0567,15.4849,0.4281,maybe yes.,300,False,True,maybe,True,True,< 1 (uncertain),<= 512 (normal)
60,Is horizontal semicircular canal ocular reflex influenced by otolith organs input?,yes,no,False,14.1556,14.1951,13.4975,0.0396,no.,198,False,True,no,True,True,< 1 (uncertain),<= 512 (normal)
61,Preoperative tracheobronchoscopy in newborns with esophageal atresia: does it matter?,yes,no,False,14.6744,15.8746,13.8196,1.2003,no answers.,342,False,False,no,True,True,1–2,<= 512 (normal)
62,Is it appropriate to implant kidneys from elderly donors in young recipients?,yes,yes,True,15.6714,15.401,14.2596,0.2704,"yes, no, yes, no, yes, no, no, no, no, no, no, no, no, no, no,",363,False,True,yes,True,True,< 1 (uncertain),<= 512 (normal)
63,Is muscle power related to running speed with changes of direction?,yes,no,False,15.0392,15.2672,14.2458,0.2279,no answer yes.,260,False,True,no,True,True,< 1 (uncertain),<= 512 (normal)
64,Stretch-sensitive KCNQ1 mutation A link between genetic and environmental factors in the pathogenesis of atrial fibrillation?,yes,yes,True,15.4091,15.1877,12.9984,0.2214,yes.,294,False,True,yes,True,True,< 1 (uncertain),<= 512 (normal)
65,Are pelvic anatomical structures in danger during arthroscopic acetabular labral repair?,yes,no,False,16.453,16.9899,14.483,0.5369,no answer was given.,279,False,True,no,True,True,< 1 (uncertain),<= 512 (normal)
66,Is intraoperative neuromonitoring associated with better functional outcome in patients undergoing open TME?,yes,no,False,15.165,15.1731,14.2813,0.0081,no answer yes: yes yes answer yes: no answer yes: no answer yes: no answer yes: no answer yes: no answer yes: no,281,False,True,no,True,True,< 1 (uncertain),<= 512 (normal)
67,Profiling quality of care: Is there a role for peer review?,yes,yes,True,15.8586,15.8033,13.821,0.0553,"yes, no.",374,False,True,yes,True,True,< 1 (uncertain),<= 512 (normal)
68,Multidisciplinary decisions in breast cancer: does the patient receive what the team has recommended?,yes,no,False,15.4067,16.9484,15.3137,1.5417,no.,258,False,False,no,True,True,1–2,<= 512 (normal)
69,Are performance measurement systems useful?,yes,no,False,15.3604,15.6145,13.9655,0.254,no.,228,False,True,no,True,True,< 1 (uncertain),<= 512 (normal)
70,The colour of pain: can patients use colour to describe osteoarthritis pain?,yes,no,False,16.169,16.2701,15.5122,0.101,no.,324,False,True,no,True,True,< 1 (uncertain),<= 512 (normal)
71,Do mossy fibers release GABA?,yes,no,False,14.5831,15.2957,12.3424,0.7125,no.,280,False,True,no,True,True,< 1 (uncertain),<= 512 (normal)
72,Is severe macrosomia manifested at 11-14 weeks of gestation?,yes,no,False,15.0692,15.77,13.1505,0.7008,"no yes answers was obtained in 20, 10, and 10 cases, respectively.",297,False,True,no,True,True,< 1 (uncertain),<= 512 (normal)
73,Visceral adipose tissue area measurement at a single level: can it represent visceral adipose tissue volume?,yes,yes,True,17.2756,17.2476,15.2137,0.028,"yes ""yes"" answers were considered positive.",221,False,True,yes,True,True,< 1 (uncertain),<= 512 (normal)
74,Is an advance care planning model feasible in community palliative care?,yes,no,False,15.8128,16.5173,15.0218,0.7046,no.,271,False,True,no,True,True,< 1 (uncertain),<= 512 (normal)
75,Do cytokines have any role in epilepsy?,yes,no,False,15.2732,16.3173,14.2371,1.0441,no.,477,False,False,no,True,True,1–2,<= 512 (normal)
76,Is expert breast pathology assessment necessary for the management of ductal carcinoma in situ ?,yes,no,False,16.2015,17.37,15.7063,1.1685,no answers were given in the remaining cases.,278,False,False,no,True,True,1–2,<= 512 (normal)
77,Treadmill testing of children who have spina bifida and are ambulatory: does peak oxygen uptake reflect maximum oxygen uptake?,yes,yes,True,15.7104,15.5168,14.6384,0.1936,yes.,404,False,True,yes,True,True,< 1 (uncertain),<= 512 (normal)
78,Subclavian steal syndrome: can the blood pressure difference between arms predict the severity of steal?,yes,no,False,15.8573,16.6643,14.1452,0.807,"no yes answers was given in the complete reversal group, yes yes, no, yes, no, yes, no, yes, no, no,",361,False,True,no,True,True,< 1 (uncertain),<= 512 (normal)
79,Is size-reducing ascending aortoplasty with external reinforcement an option in modern aortic surgery?,yes,no,False,16.0871,16.8897,14.6854,0.8026,no: no: yes: yes: yes: yes: yes: yes: yes: yes: yes: yes: yes: yes: yes:,322,False,True,no,True,True,< 1 (uncertain),<= 512 (normal)
80,Is digoxin use for cardiovascular disease associated with risk of prostate cancer?,yes,no,False,17.1082,17.6087,14.8972,0.5005,no: no: yes: yes: yes: yes: yes: yes: yes: yes: yes: yes: yes: yes: yes:,296,False,True,no,True,True,< 1 (uncertain),<= 512 (normal)
81,Screening for gestational diabetes mellitus: are the criteria proposed by the international association of the Diabetes and Pregnancy Study Groups cost-effective?,yes,yes,True,17.1624,16.3187,14.8214,0.8437,yes.,351,False,True,yes,True,True,< 1 (uncertain),<= 512 (normal)
82,Does a 4 diagram manual enable laypersons to operate the Laryngeal Mask Supreme®?,yes,no,False,16.3389,16.7876,14.6358,0.4488,no answers was given.,385,False,True,no,True,True,< 1 (uncertain),<= 512 (normal)
83,Is laparoscopic reoperation for failed antireflux surgery feasible?,yes,no,False,15.8147,16.4551,14.4297,0.6404,no.,528,False,True,no,True,True,< 1 (uncertain),> 512 (long)
84,The Omega-3 Index: a new risk factor for death from coronary heart disease?,yes,yes,True,16.0829,15.869,14.4636,0.2139,yes.,263,False,True,yes,True,True,< 1 (uncertain),<= 512 (normal)
85,Do cytokine concentrations in pancreatic juice predict the presence of pancreatic diseases?,yes,no,False,15.405,15.6067,14.0133,0.2017,"no yes answers were given to yes, no, or mayor yes answers to no, no, or mayor yes answers to no, no,",308,False,True,no,True,True,< 1 (uncertain),<= 512 (normal)
86,Factors determining the survival of nasopharyngeal carcinoma with lung metastasis alone: does combined modality treatment benefit?,yes,no,False,15.0005,15.6967,14.934,0.6961,no: no: no: no: no: no: no: no: no: no: no: no: no: no: no:,323,False,True,no,True,True,< 1 (uncertain),<= 512 (normal)
87,Is minimally invasive mitral valve repair with artificial chords reproducible and applicable in routine surgery?,yes,no,False,15.3205,16.1009,13.7945,0.7804,no.,326,False,True,no,True,True,< 1 (uncertain),<= 512 (normal)
88,Does receipt of hospice care in nursing homes improve the management of pain at the end of life?,yes,yes,True,17.9225,17.417,15.0351,0.5055,"yes questions: yes, no, yes, no.",474,False,True,yes,True,True,< 1 (uncertain),<= 512 (normal)
89,Is intensive chemotherapy safe for rural cancer patients?,yes,no,False,15.5501,16.0124,14.6588,0.4623,no.,319,False,True,no,True,True,< 1 (uncertain),<= 512 (normal)
90,Is the urinary biomarkers assessment a non-invasive approach to tubular lesions of the solitary kidney?,yes,no,False,14.4906,14.9984,13.3057,0.5079,no.,373,False,True,no,True,True,< 1 (uncertain),<= 512 (normal)
91,Does open access endoscopy close the door to an adequately informed patient?,yes,yes,True,16.0124,15.8846,14.8998,0.1277,yes questions.,316,False,True,yes,True,True,< 1 (uncertain),<= 512 (normal)
92,Do viral infections have a role in benign paroxysmal positional vertigo?,yes,no,False,15.1247,15.7369,14.3487,0.6122,no answers.,232,False,True,no,True,True,< 1 (uncertain),<= 512 (normal)
93,Does reducing spasticity translate into functional benefit?,yes,no,False,15.8721,16.8112,15.1193,0.9391,no yes questions.,341,False,True,no,True,True,< 1 (uncertain),<= 512 (normal)
94,Is the Retromandibular Transparotid Approach a Reliable Option for the Surgical Treatment of Condylar Fractures?,yes,no,False,17.028,17.3197,14.6842,0.2917,no: no: no: no: no: no: no: no: no: no: no: no: no: no: no:,252,False,True,no,True,True,< 1 (uncertain),<= 512 (normal)
95,Do ventricular arrhythmias in athletes subside over time?,yes,no,False,15.0937,16.1485,14.5779,1.0548,no: no: yes: yes: yes: yes: yes: yes: yes: yes: yes: yes: yes: yes: yes:,318,False,False,no,True,True,1–2,<= 512 (normal)
96,Are complex coronary lesions more frequent in patients with diabetes mellitus?,yes,no,False,15.9006,16.0831,13.6475,0.1825,no was significantly higher in the diabetic group than in the nondiabetic group (P = 0.001).,351,False,True,no,True,True,< 1 (uncertain),<= 512 (normal)
97,Can dogs prime autistic children for therapy?,yes,yes,True,15.8689,15.1831,13.9971,0.6858,yes.,292,False,True,yes,True,True,< 1 (uncertain),<= 512 (normal)
98,Quality of life in lung cancer patients: does socioeconomic status matter?,yes,yes,True,16.4987,16.4963,15.0887,0.0025,yes.,320,False,True,yes,True,True,< 1 (uncertain),<= 512 (normal)
99,Is there a model to teach and practice retroperitoneoscopic nephrectomy?,yes,no,False,15.6259,16.3109,15.0141,0.6851,no answers.,277,False,True,no,True,True,< 1 (uncertain),<= 512 (normal)
100,Is the type of remission after a major depressive episode an important risk factor to relapses in a 4-year follow up?,yes,maybe,False,14.903,15.1643,15.1692,0.0049,"mayor yes, no answers.",249,False,True,yes,True,False,< 1 (uncertain),<= 512 (normal)
101,Implementation of epidural analgesia for labor: is the standard of effective analgesia reachable in all women?,yes,no,False,14.9894,15.9799,14.7855,0.9905,no.,321,False,True,no,True,True,< 1 (uncertain),<= 512 (normal)
102,Longer term quality of life and outcome in stroke patients: is the Barthel index alone an adequate measure of outcome?,yes,no,False,16.7342,17.4338,15.5118,0.6996,no: yes: no: yes: yes: yes: yes: yes: yes: yes: yes: yes: yes: yes: yes:,383,False,True,no,True,True,< 1 (uncertain),<= 512 (normal)
103,Does a special interest in laparoscopy affect the treatment of acute cholecystitis?,yes,no,False,16.6753,17.0651,14.055,0.3898,no yes answers was used to determine whether the patient would have a laparoscopic operation.,340,False,True,no,True,True,< 1 (uncertain),<= 512 (normal)
104,Do older adults with cancer fall more often?,yes,no,False,16.1527,16.7282,14.8847,0.5755,"no yes answers to the question: ""Do you have a fall?"" No yes answers were given.",283,False,True,no,True,True,< 1 (uncertain),<= 512 (normal)
105,Two-year follow-up survey of patients with allergic contact dermatitis from an occupational cohort: is the prognosis dependent on the omnipresence of the allergen?,yes,no,False,15.7134,16.9949,14.4798,1.2815,"no was reported by 11%, 33%, and 33% of patients, respectively.",293,False,False,no,True,True,1–2,<= 512 (normal)
106,Is there a favorable subset of patients with prostate cancer who develop oligometastases?,yes,no,False,15.672,15.8762,14.0965,0.2042,no: no: yes: yes: yes: yes: yes: yes: yes: yes: yes: yes: yes: yes: yes:,446,False,True,no,True,True,< 1 (uncertain),<= 512 (normal)
107,Does radiotherapy around the time of pregnancy for Hodgkin's disease modify the risk of breast cancer?,yes,no,False,16.3183,16.828,14.3274,0.5097,"no answers was given for the yes, no, or mayor yes answers, respectively.",372,False,True,no,True,True,< 1 (uncertain),<= 512 (normal)
108,Does left atrial appendage (LAA) occlusion device alter the echocardiography and electrocardiogram parameters in patients with atrial fibrillation?,yes,yes,True,14.8137,14.5749,14.0881,0.2388,"yes, no.",281,False,True,yes,True,True,< 1 (uncertain),<= 512 (normal)
109,Is non-invasive diagnosis of esophageal varices in patients with compensated hepatic cirrhosis possible by duplex Doppler ultrasonography?,yes,no,False,16.1862,16.4574,14.6019,0.2712,no yes answers.,440,False,True,no,True,True,< 1 (uncertain),<= 512 (normal)
110,Do inhaled steroids differ from cromones in terms of hospital admission rates for asthma in children?,yes,no,False,16.0069,16.2193,14.3345,0.2124,no: yes: no: yes: no: yes: no: yes: no: yes: no: yes: no: yes: no:,312,False,True,no,True,True,< 1 (uncertain),<= 512 (normal)
111,Does airway surgery lower serum lipid levels in obstructive sleep apnea patients?,yes,no,False,15.2954,15.4047,14.0677,0.1093,no answers were given.,377,False,True,no,True,True,< 1 (uncertain),<= 512 (normal)
112,Israeli hospital preparedness for terrorism-related multiple casualty incidents: can the surge capacity and injury severity distribution be better predicted?,yes,no,False,15.0186,15.8882,14.2968,0.8695,no: no: yes: yes: yes: yes: yes: yes: yes: yes: yes: yes: yes: yes: yes:,348,False,True,no,True,True,< 1 (uncertain),<= 512 (normal)
113,Do instrumental activities of daily living predict dementia at 1- and 2-year follow-up?,yes,yes,True,17.1154,16.396,14.3018,0.7194,"yes, no, yes, no, yes, no, yes, no, yes, no, no, no, no, no, no,",339,False,True,yes,True,True,< 1 (uncertain),<= 512 (normal)
114,Is pelvic pain associated with defecatory symptoms in women with pelvic organ prolapse?,yes,no,False,16.3718,17.5275,15.1107,1.1557,"no ""yes"" to ""yes"" to ""yes"" to ""yes"" to ""yes"" to ""yes"" to ""yes"" to """,217,False,False,no,True,True,1–2,<= 512 (normal)
115,Does the SCL 90-R obsessive-compulsive dimension identify cognitive impairments?,yes,yes,True,17.0617,16.7333,14.8478,0.3284,"yes, no answers to the question ""What is your current state of health?"" was related significantly to the SCL 90-R Obsessive-Com",265,False,True,yes,True,True,< 1 (uncertain),<= 512 (normal)
116,Is non-HDL-cholesterol a better predictor of long-term outcome in patients after acute myocardial infarction compared to LDL-cholesterol?,yes,no,False,15.0228,15.4184,13.6515,0.3956,no: yes: no: no: yes: no: yes: no: yes: no: yes: no: yes: no: yes:,424,False,True,no,True,True,< 1 (uncertain),<= 512 (normal)
117,Body diffusion-weighted MR imaging of uterine endometrial cancer: is it helpful in the detection of cancer in nonenhanced MR imaging?,yes,no,False,15.7505,16.0235,14.0841,0.273,no: no: yes: yes: yes: yes: yes: yes: yes: yes: yes: yes: yes: yes: yes:,352,False,True,no,True,True,< 1 (uncertain),<= 512 (normal)
118,Does pediatric housestaff experience influence tests ordered for infants in the neonatal intensive care unit?,yes,yes,True,16.5494,16.5369,14.0779,0.0125,yes answers.,379,False,True,yes,True,True,< 1 (uncertain),<= 512 (normal)
119,Biomolecular identification of allergenic pollen: a new perspective for aerobiological monitoring?,yes,yes,True,17.4085,16.5676,14.6202,0.841,yes.,288,False,True,yes,True,True,< 1 (uncertain),<= 512 (normal)
120,Is the 7th TNM edition suitable for biological predictor in early gastric cancer?,yes,no,False,14.9624,15.7711,14.8848,0.8088,no: no: no: no: no: no: no: no: no: no: no: no: no: no: no:,252,False,True,no,True,True,< 1 (uncertain),<= 512 (normal)
121,Are lower fasting plasma glucose levels at diagnosis of type 2 diabetes associated with improved outcomes?,yes,no,False,15.4111,15.6832,14.8395,0.2721,no: yes: no: yes: no: yes: no: yes: no: yes: no: yes: no: yes: no:,309,False,True,no,True,True,< 1 (uncertain),<= 512 (normal)
122,Remote ischemic postconditioning: does it protect against ischemic damage in percutaneous coronary revascularization?,yes,no,False,16.1425,17.146,14.6969,1.0035,no.,247,False,False,no,True,True,1–2,<= 512 (normal)
123,Does multi-modal cervical physical therapy improve tinnitus in patients with cervicogenic somatic tinnitus?,yes,no,False,16.2023,16.8268,15.0506,0.6246,"no yes answers to yes, no answers to no answers to no answers to no answers to no answers to no answers to no answers to no answers to",363,False,True,no,True,True,< 1 (uncertain),<= 512 (normal)
124,Processing fluency effects: can the content and presentation of participant information sheets influence recruitment and participation for an antenatal intervention?,yes,yes,True,18.3932,17.6445,15.7303,0.7487,"yes, no answers were significantly more likely to be reported in the Double Fluent condition than in the Double Awkward condition (p = .0",263,False,True,yes,True,True,< 1 (uncertain),<= 512 (normal)
125,Fulfilling human resources development goal in West Africa: can the training of ophthalmologist diplomates be improved?,yes,no,False,15.2051,16.1263,15.4227,0.7035,no answer.,433,False,True,no,True,True,< 1 (uncertain),<= 512 (normal)
126,Predicting admission at triage: are nurses better than a simple objective score?,yes,yes,True,16.5955,16.5484,14.884,0.0471,"yes' was significantly better than no, no: no: yes' (p = 0.0015).",370,False,True,yes,True,True,< 1 (uncertain),<= 512 (normal)
127,Are adult body circumferences associated with height?,yes,yes,True,17.3966,17.0938,15.381,0.3027,"yes, no, yes, no, yes, no, no, no: yes, no, no: no, no: no, no:",380,False,True,yes,True,True,< 1 (uncertain),<= 512 (normal)
128,Can progression of valvar aortic stenosis be predicted accurately?,yes,no,False,14.5329,15.6046,13.5394,1.0717,no: no: no: yes: yes: yes: yes: yes: yes: yes: yes: yes: yes: yes: yes:,299,False,False,no,True,True,1–2,<= 512 (normal)
129,Does the National Institutes of Health Stroke Scale favor left hemisphere strokes?,yes,no,False,16.2519,16.6338,14.4952,0.3819,no: yes: no: yes: no: yes: no: yes: no: yes: no: yes: no: yes: no:,412,False,True,no,True,True,< 1 (uncertain),<= 512 (normal)
130,MiraLAX vs. Golytely: is there a significant difference in the adenoma detection rate?,yes,no,False,16.0005,17.1922,15.081,1.1916,no: no: no: yes: yes: yes: yes: yes: yes: yes: yes: yes: yes: yes: yes:,369,False,False,no,True,True,1–2,<= 512 (normal)
131,Can gingival crevicular blood be relied upon for assessment of blood glucose level?,yes,no,False,15.7144,15.8302,13.9112,0.1159,no answer was given.,280,False,True,no,True,True,< 1 (uncertain),<= 512 (normal)
132,Is zero central line-associated bloodstream infection rate sustainable?,yes,no,False,16.0711,16.3295,14.2521,0.2584,no: no: yes: yes: yes: yes: yes: yes: yes: yes: yes: yes: yes: yes: yes:,305,False,True,no,True,True,< 1 (uncertain),<= 512 (normal)
133,Does treatment duration affect outcome after radiotherapy for prostate cancer?,yes,no,False,15.8011,15.8434,14.5987,0.0423,"no yes answers was used to determine whether the patient was in the low-risk, intermediate-risk, or high-risk groups.",373,False,True,no,True,True,< 1 (uncertain),<= 512 (normal)
134,Patient-Controlled Therapy of Breathlessness in Palliative Care: A New Therapeutic Concept for Opioid Administration?,yes,yes,True,15.8542,15.7234,14.4278,0.1307,yes.,418,False,True,yes,True,True,< 1 (uncertain),<= 512 (normal)
135,Is pain a clinically relevant problem in general adult psychiatry?,yes,no,False,15.8044,16.2829,14.5209,0.4784,no answers.,263,False,True,no,True,True,< 1 (uncertain),<= 512 (normal)
136,Should displaced midshaft clavicular fractures be treated surgically?,yes,no,False,15.9449,16.0816,14.4781,0.1367,"no yes, yes, no, yes, no, yes, no, no, no, no, no, no, no, no, no",321,False,True,no,True,True,< 1 (uncertain),<= 512 (normal)
137,Telemedicine and type 1 diabetes: is technology per se sufficient to improve glycaemic control?,yes,no,False,15.6242,16.4545,14.1303,0.8303,no: yes: no: yes: no: yes: no: yes: no: yes: no: yes: no: yes: no:,343,False,True,no,True,True,< 1 (uncertain),<= 512 (normal)
138,Do European people with type 1 diabetes consume a high atherogenic diet?,yes,no,False,16.7783,17.6445,15.5108,0.8663,no answers were given for the remaining questions.,363,False,True,no,True,True,< 1 (uncertain),<= 512 (normal)
139,Preoperative platelet count in esophageal squamous cell carcinoma: is it a prognostic factor?,yes,yes,True,15.4798,15.1651,14.3051,0.3147,"yes, no, yes, yes, yes, yes, yes, yes, yes, yes, yes, yes, yes, yes, yes,",326,False,True,yes,True,True,< 1 (uncertain),<= 512 (normal)
140,Should serum pancreatic lipase replace serum amylase as a biomarker of acute pancreatitis?,yes,no,False,15.1419,16.3761,14.4692,1.2342,no yes answers were given.,399,False,False,no,True,True,1–2,<= 512 (normal)
141,Do Electrochemiluminescence Assays Improve Prediction of Time to Type 1 Diabetes in Autoantibody-Positive TrialNet Subjects?,yes,yes,True,16.5753,16.5014,14.237,0.0739,"yes, no, yes, no, yes, no, yes, no, no, no, no, no, no, no, no,",374,False,True,yes,True,True,< 1 (uncertain),<= 512 (normal)
142,Does SYNTAX score predict in-hospital outcomes in patients with ST elevation myocardial infarction undergoing primary percutaneous coronary intervention?,yes,no,False,15.7616,15.8365,13.9819,0.0749,"no was more frequent in the high SxS group (50.9%, 39.2%, and 9.1%, respectively) compared to the low",373,False,True,no,True,True,< 1 (uncertain),<= 512 (normal)
143,Are behavioural risk factors to be blamed for the conversion from optimal blood pressure to hypertensive status in Black South Africans?,yes,no,False,16.261,17.2531,14.6682,0.9921,no: no: yes: yes: yes: yes: yes: yes: yes: yes: yes: yes: yes: yes: yes:,384,False,True,no,True,True,< 1 (uncertain),<= 512 (normal)
144,Does the type of tibial component affect mechanical alignment in unicompartmental knee replacement?,yes,no,False,15.706,15.9061,14.1391,0.2002,no: no: yes: yes: yes: yes: yes: yes: yes: yes: yes: yes: yes: yes: yes:,286,False,True,no,True,True,< 1 (uncertain),<= 512 (normal)
145,Upstream solutions: does the supplemental security income program reduce disability in the elderly?,yes,yes,True,16.5137,15.4362,14.7117,1.0775,yes.,337,False,False,yes,True,True,1–2,<= 512 (normal)
146,Can serum be used for analyzing the EGFR mutation status in patients with advanced non-small cell lung cancer?,yes,no,False,15.0801,15.3238,14.1394,0.2436,"no answer was given in the yes, no, or mayor answer was given in the no answer.",319,False,True,no,True,True,< 1 (uncertain),<= 512 (normal)
147,Are failures of anterior cruciate ligament reconstruction associated with steep posterior tibial slopes?,yes,no,False,16.1831,16.3797,14.6455,0.1966,no answers was given.,405,False,True,no,True,True,< 1 (uncertain),<= 512 (normal)
148,Do teleoncology models of care enable safe delivery of chemotherapy in rural towns?,yes,no,False,15.7605,16.8367,15.2568,1.0763,no: no: no: no: no: no: no: no: no: no: no: no: no: no: no:,299,False,False,no,True,True,1–2,<= 512 (normal)
149,Is solitary kidney really more resistant to ischemia?,yes,no,False,14.307,15.0301,13.6295,0.7231,no.,285,False,True,no,True,True,< 1 (uncertain),<= 512 (normal)
150,Is it safe to perform rectal anastomosis in gynaecological debulking surgery without a diverting stoma?,yes,no,False,14.5799,16.1521,14.1194,1.5722,no answer.,197,False,False,no,True,True,1–2,<= 512 (normal)
151,Has the mammography quality standards act affected the mammography quality in North Carolina?,yes,no,False,17.0334,17.9067,15.6976,0.8733,no yes answers was used as a measure of quality.,228,False,True,no,True,True,< 1 (uncertain),<= 512 (normal)
152,Is breast cancer prognosis inherited?,yes,yes,True,17.1198,16.7493,14.4646,0.3706,"yes, no, yes, yes, yes, yes, yes, yes, yes, yes, yes, yes, yes, yes, yes,",337,False,True,yes,True,True,< 1 (uncertain),<= 512 (normal)
153,c-Kit-dependent growth of uveal melanoma cells: a potential therapeutic target?,yes,no,False,14.9469,15.5238,13.4382,0.5769,no answers.,320,False,True,no,True,True,< 1 (uncertain),<= 512 (normal)
154,Pituitary apoplexy: do histological features influence the clinical presentation and outcome?,yes,no,False,16.054,17.2826,14.9486,1.2287,no: no: no: no: no: no: no: no: no: no: no: no: no: no: no:,186,False,False,no,True,True,1–2,<= 512 (normal)
155,Orthostatic myoclonus: an underrecognized cause of unsteadiness?,yes,no,False,14.4155,15.7392,14.0253,1.3237,no: no: no: no: no: no: no: no: no: no: no: no: no: no: no:,331,False,False,no,True,True,1–2,<= 512 (normal)
156,Is low serum chloride level a risk factor for cardiovascular mortality?,yes,no,False,15.185,15.3317,12.7736,0.1468,no 'yes' answers to the question: 'Is low serum chloride level a risk factor for cardiovascular mortality?' The results of this study suggest that,358,False,True,no,True,True,< 1 (uncertain),<= 512 (normal)
157,Does ethnicity affect where people with cancer die?,yes,no,False,16.9453,17.5851,15.2075,0.6398,no: no: yes: yes: yes: yes: yes: yes: yes: yes: yes: yes: yes: yes: yes:,481,False,True,no,True,True,< 1 (uncertain),<= 512 (normal)
158,Transesophageal echocardiographic assessment of left ventricular function in brain-dead patients: are marginally acceptable hearts suitable for transplantation?,yes,no,False,15.8737,16.3218,14.0327,0.4482,no: no: no: yes: yes: yes: yes: yes: yes: yes: yes: yes: yes: yes: yes:,381,False,True,no,True,True,< 1 (uncertain),<= 512 (normal)
159,Can the postoperative pain level be predicted preoperatively?,yes,no,False,13.9304,14.7248,14.3443,0.3805,no answer yes.,220,False,True,no,True,True,< 1 (uncertain),<= 512 (normal)
160,Does age moderate the effect of personality disorder on coping style in psychiatric inpatients?,yes,yes,True,16.5818,16.3054,14.971,0.2764,yes: yes: yes: yes: yes: yes: yes: yes: yes: yes: yes: yes: yes: yes: yes:,271,False,True,yes,True,True,< 1 (uncertain),<= 512 (normal)
161,Is neck pain associated with worse health-related quality of life 6 months later?,yes,yes,True,16.2093,15.9585,15.7565,0.2508,"yes answers were used to indicate no, mild, moderate, or severe neck pain, respectively.",490,False,True,yes,True,True,< 1 (uncertain),<= 512 (normal)
162,Dose end-tidal carbon dioxide measurement correlate with arterial carbon dioxide in extremely low birth weight infants in the first week of life?,yes,no,False,15.4311,16.2283,14.0036,0.7971,"no yes answers was given in only 3%, 17%, and 83% of cases, respectively.",346,False,True,no,True,True,< 1 (uncertain),<= 512 (normal)
163,Does Residency Selection Criteria Predict Performance in Orthopaedic Surgery Residency?,yes,yes,True,16.4058,15.828,14.4475,0.5778,"yes ""answers was associated with higher global evaluation scores (p = 0.001).",499,False,True,yes,True,True,< 1 (uncertain),<= 512 (normal)
164,Is CA72-4 a useful biomarker in differential diagnosis between ovarian endometrioma and epithelial ovarian cancer?,yes,no,False,14.8625,16.253,13.8922,1.3906,no answers was obtained in 78.6% of the cases with ovarian cancer and in only 46.4% of the cases with endometriosis.,239,False,False,no,True,True,1–2,<= 512 (normal)
165,Is the breast best for children with a family history of atopy?,yes,no,False,15.5236,16.0925,14.8187,0.5689,no: no: no: no: no: no: no: no: no: no: no: no: no: no: no:,269,False,True,no,True,True,< 1 (uncertain),<= 512 (normal)
166,Is Bare-Metal Stent Implantation Still Justifiable in High Bleeding Risk Patients Undergoing Percutaneous Coronary Intervention?,yes,no,False,15.5391,16.1726,14.5223,0.6335,no: no: yes: yes: yes: yes: yes: yes: yes: yes: yes: yes: yes: yes: yes:,415,False,True,no,True,True,< 1 (uncertain),<= 512 (normal)
167,"Marital status, living arrangement and mortality: does the association vary by gender?",yes,yes,True,15.7424,15.2691,13.2145,0.4733,yes.,329,False,True,yes,True,True,< 1 (uncertain),<= 512 (normal)
168,Does ibuprofen increase perioperative blood loss during hip arthroplasty?,yes,no,False,15.6268,16.4172,14.1219,0.7903,no answer: yes: no: mayor: no: yes: no: yes: no: yes: no: yes: no: yes:,217,False,True,no,True,True,< 1 (uncertain),<= 512 (normal)
169,Can magnetic resonance imaging accurately predict concordant pain provocation during provocative disc injection?,yes,no,False,15.5713,16.38,14.9778,0.8088,no: yes: no: mayor: no: yes: no: yes: no: yes: no: yes: no: yes: no,354,False,True,no,True,True,< 1 (uncertain),<= 512 (normal)
170,Does case-mix based reimbursement stimulate the development of process-oriented care delivery?,yes,yes,True,15.1162,14.7593,13.9243,0.3569,"yes, no.",262,False,True,yes,True,True,< 1 (uncertain),<= 512 (normal)
171,Cerebromediastinal tuberculosis in a child with a probable Say-Barber-Miller syndrome: a causative link?,yes,yes,True,15.9909,15.5032,15.0289,0.4877,yes.,266,False,True,yes,True,True,< 1 (uncertain),<= 512 (normal)
172,Is the determination of specific IgE against components using ISAC 112 a reproducible technique?,yes,no,False,14.8287,15.1195,14.5894,0.2908,"no answer yes, no.",392,False,True,no,True,True,< 1 (uncertain),<= 512 (normal)
173,Schizophrenia patients with high intelligence: A clinically distinct sub-type of schizophrenia?,yes,yes,True,16.8366,16.5263,15.2928,0.3104,yes: yes: yes: yes: yes: yes: yes: yes: yes: yes: yes: yes: yes: yes: yes:,320,False,True,yes,True,True,< 1 (uncertain),<= 512 (normal)
174,Is halofantrine ototoxic?,yes,no,False,14.5579,14.7118,14.3001,0.1539,no.,214,False,True,no,True,True,< 1 (uncertain),<= 512 (normal)
175,Identification of racial disparities in breast cancer mortality: does scale matter?,yes,no,False,16.1136,16.1797,15.5726,0.0661,no answers were more common for Hispanic women than for African-Americans.,244,False,True,no,True,True,< 1 (uncertain),<= 512 (normal)
176,Can fractional lasers enhance transdermal absorption of topical lidocaine in an in vivo animal model?,yes,no,False,16.3736,16.7751,14.9626,0.4015,no: yes.,395,False,True,no,True,True,< 1 (uncertain),<= 512 (normal)
177,Does laparoscopic surgery decrease the risk of atrial fibrillation after foregut surgery?,yes,no,False,15.7506,16.4051,14.1481,0.6545,no was not answered.,365,False,True,no,True,True,< 1 (uncertain),<= 512 (normal)
178,Is breast cancer survival improving?,yes,yes,True,16.3626,16.1048,14.15,0.2578,"yes, no answers was associated with a 1% reduction in risk for each increasing year.",297,False,True,yes,True,True,< 1 (uncertain),<= 512 (normal)
179,Does partial expander deflation exacerbate the adverse effects of radiotherapy in two-stage breast reconstruction?,yes,no,False,14.5121,15.0156,13.8968,0.5035,no answer yes.,253,False,True,no,True,True,< 1 (uncertain),<= 512 (normal)
180,Does the clinical presentation of a prior preterm birth predict risk in a subsequent pregnancy?,yes,no,False,15.5763,15.8728,14.4654,0.2965,no: no: yes: yes: yes: no: yes: yes: yes: yes: yes: yes: yes: yes: yes:,334,False,True,no,True,True,< 1 (uncertain),<= 512 (normal)
181,Cold preparation use in young children after FDA warnings: do concerns still exist?,yes,no,False,16.0083,17.3596,14.9183,1.3513,no.,183,False,False,no,True,True,1–2,<= 512 (normal)
182,Does occupational nuclear power plant radiation affect conception and pregnancy?,yes,no,False,14.9096,15.1397,13.7287,0.23,no answer.,193,False,True,no,True,True,< 1 (uncertain),<= 512 (normal)
183,Can shape analysis differentiate free-floating internal carotid artery thrombus from atherosclerotic plaque in patients evaluated with CTA for stroke or transient ischemic attack?,yes,no,False,15.9022,16.0829,14.488,0.1807,no answers was given.,347,False,True,no,True,True,< 1 (uncertain),<= 512 (normal)
184,Can pictorial warning labels on cigarette packages address smoking-related health disparities?,yes,yes,True,16.3842,16.3271,14.7047,0.0571,"yes questions indicated that the HWL was more credible, relevant, and more likely to be effective than no questions.",278,False,True,yes,True,True,< 1 (uncertain),<= 512 (normal)
185,Surgical treatment of prosthetic valve endocarditis in patients with double prostheses: is single-valve replacement safe?,yes,no,False,15.3006,15.9125,14.2746,0.6119,no.,319,False,True,no,True,True,< 1 (uncertain),<= 512 (normal)
186,Do nomograms designed to predict biochemical recurrence (BCR) do a better job of predicting more clinically relevant prostate cancer outcomes than BCR?,yes,yes,True,16.5654,16.4334,14.4136,0.132,"yes answers were given for yes, no, or maybe yes answers, respectively.",366,False,True,yes,True,True,< 1 (uncertain),<= 512 (normal)
187,"Do ""America's Best Hospitals"" perform better for acute myocardial infarction?",yes,no,False,17.1144,17.1931,14.5422,0.0787,no: yes: no: yes: yes: yes: yes: yes: yes: yes: yes: yes: yes: yes: yes:,430,False,True,no,True,True,< 1 (uncertain),<= 512 (normal)
188,Do socioeconomic differences in mortality persist after retirement?,yes,no,False,15.7562,15.8328,14.0223,0.0766,no yes to yes questions about employment grade and car ownership was associated with a relative index of inequality of inequality of inequality of inequality of inequality of mortality of,282,False,True,no,True,True,< 1 (uncertain),<= 512 (normal)
189,Convulsions and retinal haemorrhage: should we look further?,yes,no,False,15.4388,16.1758,14.6607,0.737,no.,177,False,True,no,True,True,< 1 (uncertain),<= 512 (normal)
190,Is the use of cyanoacrylate in intestinal anastomosis a good and reliable alternative?,yes,yes,True,15.7681,14.5489,13.1776,1.2192,yes answers.,338,False,False,yes,True,True,1–2,<= 512 (normal)
191,Are increased carotid artery pulsatility and resistance indexes early signs of vascular abnormalities in young obese males?,yes,no,False,15.4937,16.3357,13.4681,0.842,no: no: no: no: no: no: no: no: no: no: no: no: no: no: no:,193,False,True,no,True,True,< 1 (uncertain),<= 512 (normal)
192,Does topical ropivacaine reduce the post-tonsillectomy morbidity in pediatric patients?,yes,yes,True,14.6361,14.3909,13.3611,0.2452,"yes., yes., yes., yes., yes., yes., yes., yes., yes., yes.,",292,False,True,yes,True,True,< 1 (uncertain),<= 512 (normal)
193,Is robotically assisted laparoscopic radical prostatectomy less invasive than retropubic radical prostatectomy?,yes,no,False,14.5917,15.4097,13.7323,0.818,no.,415,False,True,no,True,True,< 1 (uncertain),<= 512 (normal)
194,Is specialty care associated with improved survival of patients with congestive heart failure?,yes,no,False,16.1653,16.4143,14.2614,0.2489,no answers was significantly associated with survival in cohort 1 (P < .001) and cohort 2 (P < .001).,467,False,True,no,True,True,< 1 (uncertain),<= 512 (normal)
195,Histologic evaluation of the testicular remnant associated with the vanishing testes syndrome: is surgical management necessary?,yes,no,False,15.3689,16.3859,14.5741,1.0171,no: no: no: no: no: no: no: no: no: no: no: no: no: no: no:,258,False,False,no,True,True,1–2,<= 512 (normal)
196,Does oxybutynin hydrochloride cause arrhythmia in children with bladder dysfunction?,yes,no,False,14.3463,15.2701,13.5256,0.9237,no.,114,False,True,no,True,True,< 1 (uncertain),<= 512 (normal)
197,Does the manic/mixed episode distinction in bipolar disorder patients run true over time?,yes,no,False,16.865,16.8695,14.6654,0.0044,no.,150,False,True,no,True,True,< 1 (uncertain),<= 512 (normal)
198,Is the first urinary albumin/creatinine ratio (ACR) in women with suspected preeclampsia a prognostic factor for maternal and neonatal adverse outcome?,yes,no,False,17.0004,18.0485,15.1725,1.0482,"no yes answers to yes, no, or maybe yes yes answers to yes yes yes answers to yes yes yes yes yes yes yes yes yes yes",325,False,False,no,True,True,1–2,<= 512 (normal)
199,Are pediatric concussion patients compliant with discharge instructions?,yes,no,False,15.9,16.7517,15.2395,0.8516,no answers.,433,False,True,no,True,True,< 1 (uncertain),<= 512 (normal)
200,Can communication with terminally ill patients be taught?,yes,no,False,15.0048,15.2904,15.2182,0.0722,no answers.,306,False,True,no,True,True,< 1 (uncertain),<= 512 (normal)
201,Are environmental factors important in primary systemic vasculitis?,yes,yes,True,16.7421,16.4901,13.5437,0.252,yes.,503,False,True,yes,True,True,< 1 (uncertain),<= 512 (normal)
202,Diagnosis and follow-up in constipated children: should we use ultrasound?,yes,no,False,15.1477,16.4256,14.3217,1.278,no was not possible.,415,False,False,no,True,True,1–2,<= 512 (normal)
203,Out of the smokescreen II: will an advertisement targeting the tobacco industry affect young people's perception of smoking in movies and their intention to smoke?,yes,no,False,15.957,17.4473,15.7587,1.4903,no answers was given.,411,False,False,no,True,True,1–2,<= 512 (normal)
204,Do general practitioner hospitals reduce the utilisation of general hospital beds?,yes,no,False,14.7028,15.9734,14.4668,1.2705,no: no: yes: yes: yes: yes: yes: yes: yes: yes: yes: yes: yes: yes: yes:,250,False,False,no,True,True,1–2,<= 512 (normal)
205,Does insulin resistance drive the association between hyperglycemia and cardiovascular risk?,yes,no,False,15.5742,16.3065,13.9423,0.7323,no: yes: no: no: yes: no: yes: no: yes: no: yes: no: yes: no: yes:,367,False,True,no,True,True,< 1 (uncertain),<= 512 (normal)
206,Ultra high risk (UHR) for psychosis criteria: are there different levels of risk for transition to psychosis?,yes,yes,True,16.0633,15.7442,14.0314,0.3191,"yes, no was significantly higher in the BLIPS group compared to the other two groups (p = 0.001, adjusted analysis).",314,False,True,yes,True,True,< 1 (uncertain),<= 512 (normal)
207,Aberrant loss of dickkopf-3 in gastric cancer: can it predict lymph node metastasis preoperatively?,yes,yes,True,15.4078,15.3915,14.5721,0.0163,"yes, no, yes, no, no, no, no, no, no, no, no, no, no, no, no,",355,False,True,yes,True,True,< 1 (uncertain),<= 512 (normal)
208,Can CT predict the level of CSF block in tuberculous hydrocephalus?,yes,no,False,14.389,15.5514,13.9591,1.1624,no yes.,204,False,False,no,True,True,1–2,<= 512 (normal)
209,Is oral endotracheal intubation efficacy impaired in the helicopter environment?,yes,no,False,16.7397,16.8053,14.5475,0.0655,no: yes: yes: no: yes: no: yes: no: yes: no: yes: no: yes: no: yes:,256,False,True,no,True,True,< 1 (uncertain),<= 512 (normal)
210,Sternal plating for primary and secondary sternal closure; can it improve sternal stability?,yes,no,False,15.3018,15.4483,14.4734,0.1465,no.,321,False,True,no,True,True,< 1 (uncertain),<= 512 (normal)
211,Can early second-look tympanoplasty reduce the rate of conversion to modified radical mastoidectomy?,yes,no,False,14.8249,16.2227,15.3165,0.9061,no answers were given.,225,False,True,no,True,True,< 1 (uncertain),<= 512 (normal)
212,Can T-cell deficiency affect spatial learning ability following toluene exposure?,yes,yes,True,15.7069,14.2469,13.623,1.46,yes.,237,False,False,yes,True,True,1–2,<= 512 (normal)
213,Are acceptance rates of a national preventive home visit programme for older people socially imbalanced?,yes,no,False,15.5972,15.6562,14.7927,0.059,no yes answers was the most frequent answer.,296,False,True,no,True,True,< 1 (uncertain),<= 512 (normal)
214,Increased neutrophil migratory activity after major trauma: a factor in the etiology of acute respiratory distress syndrome?,yes,no,False,15.2554,15.3211,13.5076,0.0657,no: yes: no: yes: yes: yes: yes: yes: yes: yes: yes: yes: yes: yes: yes:,431,False,True,no,True,True,< 1 (uncertain),<= 512 (normal)
215,"Do improvements in outreach, clinical, and family and community-based services predict improvements in child survival?",yes,no,False,16.0236,16.2323,14.8504,0.2086,no: yes: no: yes: no: yes: yes: no: yes: yes: no: yes: yes: no: yes:,400,False,True,no,True,True,< 1 (uncertain),<= 512 (normal)
216,Vertical lines in distal esophageal mucosa (VLEM): a true endoscopic manifestation of esophagitis in children?,yes,no,False,16.6845,17.2038,14.9168,0.5192,no: no: no: no: no: no: no: no: no: no: no: no: no: no: no:,279,False,True,no,True,True,< 1 (uncertain),<= 512 (normal)
217,An HIV1/2 point of care test on sputum for screening TB/HIV co-infection in Central India - Will it work?,yes,no,False,16.626,17.9556,15.199,1.3296,"no answer was yes, no, or mayor yes, yes, no answer was yes, no, yes, no answer was yes, no,",258,False,False,no,True,True,1–2,<= 512 (normal)
218,Is crime associated with over-the-counter pharmacy syringe sales?,yes,yes,True,17.8778,17.2183,14.9212,0.6595,"yes, no, yes: no, yes: no, yes: yes, no, yes: yes, no, yes: yes, no,",289,False,True,yes,True,True,< 1 (uncertain),<= 512 (normal)
219,Colorectal cancer in young patients: is it a distinct clinical entity?,yes,no,False,15.648,16.647,14.8146,0.999,no: no: no: yes: yes: yes: yes: yes: yes: yes: yes: yes: yes: yes: yes:,356,False,True,no,True,True,< 1 (uncertain),<= 512 (normal)
220,Does evidence-based practice improve patient outcomes?,yes,no,False,16.3717,16.4335,14.6754,0.0618,no yes.,387,False,True,no,True,True,< 1 (uncertain),<= 512 (normal)
221,Can the prognosis of polymyalgia rheumatica be predicted at disease onset?,yes,no,False,15.6011,16.6907,14.1481,1.0896,no: no: yes: yes: yes: yes: yes: yes: yes: yes: yes: yes: yes: yes: yes:,380,False,False,no,True,True,1–2,<= 512 (normal)
222,Does prior benign prostate biopsy predict outcome for patients treated with radical perineal prostatectomy?,yes,no,False,15.6957,16.3297,14.5975,0.634,"no yes questions: yes, no, yes, no.",323,False,True,no,True,True,< 1 (uncertain),<= 512 (normal)
223,Is the Distance Worth It?,yes,yes,True,16.1865,15.9944,15.001,0.1922,yes.,416,False,True,yes,True,True,< 1 (uncertain),<= 512 (normal)
224,Treatment as prevention in resource-limited settings: is it feasible to maintain HIV viral load suppression over time?,yes,no,False,15.7494,17.0488,14.8372,1.2994,"no answers was given in the following percentages: yes, no, maybe yes, maybe no, maybe no, maybe yes, may",352,False,False,no,True,True,1–2,<= 512 (normal)
225,Does head positioning influence anterior chamber depth in pseudoexfoliation syndrome?,yes,yes,True,15.5748,15.166,14.5735,0.4087,yes: yes: yes: yes: yes: yes: yes: yes: yes: yes: yes: yes: yes: yes: yes:,272,False,True,yes,True,True,< 1 (uncertain),<= 512 (normal)
226,Are intraoperative precursor events associated with postoperative major adverse events?,yes,no,False,15.4665,15.6216,13.9862,0.1552,"no yes responses to yes, no, yes, no, yes, no, yes, no, no, no, no, no, no,",332,False,True,no,True,True,< 1 (uncertain),<= 512 (normal)
227,Transient tachypnea of the newborn (TTN): a role for polymorphisms in the beta-adrenergic receptor (ADRB) encoding genes?,yes,no,False,14.9624,15.305,13.2034,0.3426,"no answers to the question: yes, no, mayor yes, mayor no, mayor no answers to the question: yes, no,",270,False,True,no,True,True,< 1 (uncertain),<= 512 (normal)
228,Could ADMA levels in young adults born preterm predict an early endothelial dysfunction?,yes,no,False,15.1445,15.8774,13.3925,0.7328,no: no: no: yes: yes: yes: yes: yes: yes: yes: yes: yes: yes: yes: yes:,326,False,True,no,True,True,< 1 (uncertain),<= 512 (normal)
229,Informed consent for total hip arthroplasty: does a written information sheet improve recall by patients?,yes,no,False,16.9183,17.1677,15.4107,0.2494,no answers.,182,False,True,no,True,True,< 1 (uncertain),<= 512 (normal)
230,Quaternary cytoreductive surgery in ovarian cancer: does surgical effort still matter?,yes,yes,True,14.6601,14.6444,12.6531,0.0157,"yes, no, yes, no, yes, no, no, no, no, no, no, no, no, no, no,",434,False,True,yes,True,True,< 1 (uncertain),<= 512 (normal)
231,Can a Novel Surgical Approach to the Temporomandibular Joint Improve Access and Reduce Complications?,yes,yes,True,15.567,15.463,13.848,0.104,yes.,200,False,True,yes,True,True,< 1 (uncertain),<= 512 (normal)
232,Hepatic arterial embolization for unresectable hepatocellular carcinomas: do technical factors affect prognosis?,yes,no,False,15.7549,16.1658,13.7951,0.4109,no: no: yes: yes: yes: yes: yes: yes: yes: yes: yes: yes: yes: yes: yes:,331,False,True,no,True,True,< 1 (uncertain),<= 512 (normal)
233,Is plate clearing a risk factor for obesity?,yes,no,False,16.4244,16.7104,15.387,0.286,no: no: yes: yes: yes: yes: yes: yes: yes: yes: yes: yes: yes: yes: yes:,207,False,True,no,True,True,< 1 (uncertain),<= 512 (normal)
234,Outcomes of severely injured adult trauma patients in an Australian health service: does trauma center level make a difference?,yes,no,False,15.3209,16.101,14.744,0.7802,no answers.,335,False,True,no,True,True,< 1 (uncertain),<= 512 (normal)
235,Does the lipid-lowering peroxisome proliferator-activated receptors ligand bezafibrate prevent colon cancer in patients with coronary artery disease?,yes,no,False,15.3767,16.0623,14.1837,0.6856,no: no: no: no: no: no: no: no: no: no: no: no: no: no: no:,426,False,True,no,True,True,< 1 (uncertain),<= 512 (normal)
236,Serum angiotensin-converting enzyme and frequency of severe hypoglycaemia in Type 1 diabetes: does a relationship exist?,yes,no,False,15.5711,15.894,14.0327,0.3228,no: no: yes: no: yes: no: yes: no: yes: no: yes: no: yes: no: yes:,342,False,True,no,True,True,< 1 (uncertain),<= 512 (normal)
237,Hypotension in patients with coronary disease: can profound hypotensive events cause myocardial ischaemic events?,yes,no,False,15.5283,16.2801,14.8574,0.7518,"no yes questions: yes yes, no, maybe yes, no yes questions: yes yes yes yes yes yes yes yes yes yes yes yes yes",345,False,True,no,True,True,< 1 (uncertain),<= 512 (normal)
238,Measuring hospital mortality rates: are 30-day data enough?,yes,yes,True,15.4735,14.8214,13.9713,0.6521,yes.,314,False,True,yes,True,True,< 1 (uncertain),<= 512 (normal)
239,Is the ability to perform transurethral resection of the prostate influenced by the surgeon's previous experience?,yes,no,False,14.7881,15.7863,14.5116,0.9982,no.,304,False,True,no,True,True,< 1 (uncertain),<= 512 (normal)
240,"Syncope during bathing in infants, a pediatric form of water-induced urticaria?",yes,no,False,14.5207,15.5258,14.3409,1.0051,no.,265,False,False,no,True,True,1–2,<= 512 (normal)
241,Do women residents delay childbearing due to perceived career threats?,yes,yes,True,17.1856,16.9037,15.5809,0.2818,"yes, no, yes, no answers were used to determine the most influential reason for the gender difference.",314,False,True,yes,True,True,< 1 (uncertain),<= 512 (normal)
242,Is trabecular bone related to primary stability of miniscrews?,yes,no,False,15.1377,15.5716,14.4172,0.4338,"no answer yes, no, yes, yes, yes, yes, yes, yes, yes, yes, yes, yes, yes, yes,",278,False,True,no,True,True,< 1 (uncertain),<= 512 (normal)
243,Acute respiratory distress syndrome in children with malignancy--can we predict outcome?,yes,no,False,15.4903,16.2695,14.3907,0.7792,no was yes.,225,False,True,no,True,True,< 1 (uncertain),<= 512 (normal)
244,"Neoadjuvant Imatinib in Locally Advanced Gastrointestinal stromal Tumours, Will Kit Mutation Analysis Be a Pathfinder?",yes,no,False,15.2748,15.8954,14.9713,0.6207,no response was not reached.,395,False,True,no,True,True,< 1 (uncertain),<= 512 (normal)
245,Is obesity a risk factor for wheezing among adolescents?,yes,yes,True,16.0068,15.9791,14.32,0.0276,"yes, no, yes, no, yes, no, yes, no, no, no, no, no, no, no, no,",415,False,True,yes,True,True,< 1 (uncertain),<= 512 (normal)
246,Could ESC (Electronic Stability Control) change the way we drive?,yes,no,False,15.9412,16.8847,15.0311,0.9435,no: no: yes: yes: no: yes: yes: no: yes: yes: yes: yes: yes: yes: yes:,350,False,True,no,True,True,< 1 (uncertain),<= 512 (normal)
247,Does a geriatric oncology consultation modify the cancer treatment plan for elderly patients?,yes,no,False,14.693,15.7134,14.4205,1.0204,no answer yes: no answer yes: no answer yes: no answer yes: no answer yes: no answer yes: no answer yes: no answer,287,False,False,no,True,True,1–2,<= 512 (normal)
248,Can students' scores on preclerkship clinical performance examinations predict that they will fail a senior clinical performance examination?,yes,yes,True,16.2012,15.5633,13.8044,0.6379,"yes, no answers were not statistically significant.",298,False,True,yes,True,True,< 1 (uncertain),<= 512 (normal)
249,Adults with mild intellectual disabilities: can their reading comprehension ability be improved?,yes,yes,True,15.47,14.5171,12.6744,0.9529,yes.,386,False,True,yes,True,True,< 1 (uncertain),<= 512 (normal)
250,Can nurse-led preoperative education reduce anxiety and postoperative complications of patients undergoing cardiac surgery?,yes,no,False,14.9762,15.3599,13.9087,0.3836,no answers.,322,False,True,no,True,True,< 1 (uncertain),<= 512 (normal)
251,Is there a relationship between homocysteine and vitiligo?,yes,no,False,14.7186,15.7562,13.2356,1.0376,"no answers was given in 8, 8, and 8 patients, respectively.",473,False,False,no,True,True,1–2,<= 512 (normal)
252,Does para-cervical block offer additional advantages in abortion induction with gemeprost in the 2nd trimester?,yes,no,False,14.5328,15.6552,13.7527,1.1224,no.,369,False,False,no,True,True,1–2,<= 512 (normal)
253,Is a 9-month treatment sufficient in tuberculous enterocolitis?,yes,no,False,15.5985,16.1557,14.818,0.5572,no.,276,False,True,no,True,True,< 1 (uncertain),<= 512 (normal)
254,Reporting and interpreting red blood cell morphology: is there discordance between clinical pathologists and clinicians?,yes,no,False,15.9866,16.0146,15.1174,0.028,no answers to yes questions.,303,False,True,no,True,True,< 1 (uncertain),<= 512 (normal)
255,The inverse equity hypothesis: does it apply to coverage of cancer screening in middle-income countries?,yes,yes,True,16.5248,16.1106,14.4846,0.4142,"yes, no: yes: no: yes: no: yes: no: yes: no: yes: no: yes: no: yes:",329,False,True,yes,True,True,< 1 (uncertain),<= 512 (normal)
256,Menopausal hormone therapy and irregular endometrial bleeding: a potential role for uterine natural killer cells?,yes,no,False,15.172,16.001,14.7116,0.829,no: no: yes: no: yes: no: yes: no: yes: no: no: yes: no: no: no:,290,False,True,no,True,True,< 1 (uncertain),<= 512 (normal)
257,Can we ease the financial burden of colonoscopy?,yes,no,False,16.7773,16.9197,14.6804,0.1424,no answers.,345,False,True,no,True,True,< 1 (uncertain),<= 512 (normal)
258,Does open access publishing increase the impact of scientific articles?,yes,yes,True,15.8759,15.6126,13.8213,0.2633,"yes, no, yes, yes, yes, yes, yes, yes, yes, yes, yes, yes, yes, yes, yes,",357,False,True,yes,True,True,< 1 (uncertain),<= 512 (normal)
259,Can biofeedback training of psychophysiological responses enhance athletes' sport performance?,yes,yes,True,15.5749,15.3321,14.3222,0.2428,"yes, no: yes: no: no: yes: no: yes: no: yes: no: yes: no: yes: no:",431,False,True,yes,True,True,< 1 (uncertain),<= 512 (normal)
260,Are patients willing participants in the new wave of community-based medical education in regional and rural Australia?,yes,no,False,16.0171,16.2064,15.4998,0.1894,no.,257,False,True,no,True,True,< 1 (uncertain),<= 512 (normal)
261,Are pectins involved in cold acclimation and de-acclimation of winter oil-seed rape plants?,yes,no,False,15.1189,15.1929,13.3967,0.074,no.,258,False,True,no,True,True,< 1 (uncertain),<= 512 (normal)
262,The HELPP syndrome--evidence of a possible systemic inflammatory response in pre-eclampsia?,yes,no,False,13.874,14.971,13.4828,1.097,no.,366,False,False,no,True,True,1–2,<= 512 (normal)
263,Optimism and survival: does an optimistic outlook predict better survival at advanced ages?,yes,yes,True,16.7567,16.0712,15.1371,0.6855,yes: yes: yes: yes: yes: yes: yes: yes: yes: yes: yes: yes: yes: yes: yes:,378,False,True,yes,True,True,< 1 (uncertain),<= 512 (normal)
264,Is combined therapy more effective than growth hormone or hyperbaric oxygen alone in the healing of left ischemic and non-ischemic colonic anastomoses?,yes,yes,True,15.8201,14.1425,14.3045,1.5156,yes.,325,False,False,yes,True,True,1–2,<= 512 (normal)
265,The promise of specialty pharmaceuticals: are they worth the price?,yes,no,False,15.3967,15.9037,13.9547,0.507,no.,267,False,True,no,True,True,< 1 (uncertain),<= 512 (normal)
266,A comparison of 500 prefilled textured saline breast implants versus 500 standard textured saline breast implants: is there a difference in deflation rates?,yes,yes,True,17.16,16.9499,15.5289,0.21,"yes, no, yes, no answers.",380,False,True,yes,True,True,< 1 (uncertain),<= 512 (normal)
267,Is withdrawal-induced anxiety in alcoholism based on beta-endorphin deficiency?,yes,yes,True,15.741,14.9237,13.4996,0.8173,"yes, no, yes, no, yes, no, yes, no, no, no, no, no, no, no, no,",394,False,True,yes,True,True,< 1 (uncertain),<= 512 (normal)
268,Cardiac reoperations in octogenarians: Do they really benefit?,yes,no,False,16.0733,16.1004,13.931,0.0271,no answers.,332,False,True,no,True,True,< 1 (uncertain),<= 512 (normal)
269,Is first-line single-agent mitoxantrone in the treatment of high-risk metastatic breast cancer patients as effective as combination chemotherapy?,yes,yes,True,15.8196,15.6811,14.2532,0.1385,yes.,337,False,True,yes,True,True,< 1 (uncertain),<= 512 (normal)
270,Can clinical supervision sustain our workforce in the current healthcare landscape?,yes,no,False,17.0768,17.834,15.6491,0.7572,no questions were also significantly associated with higher total MCSS-26 scores (P (s) < 0.001).,382,False,True,no,True,True,< 1 (uncertain),<= 512 (normal)
271,Can distal ureteral diameter predict reflux resolution after endoscopic injection?,yes,no,False,16.5999,16.6331,14.6526,0.0332,no was considered as success.,317,False,True,no,True,True,< 1 (uncertain),<= 512 (normal)
272,Is lumbar drainage of postoperative cerebrospinal fluid fistula after spine surgery effective?,yes,no,False,14.8525,16.6679,14.1302,1.8154,no answers.,186,False,False,no,True,True,1–2,<= 512 (normal)
273,Assessing joint line positions by means of the contralateral knee: a new approach for planning knee revision surgery?,yes,no,False,17.0557,17.4181,14.9839,0.3624,no yes answers was considered as a positive answer.,247,False,True,no,True,True,< 1 (uncertain),<= 512 (normal)
274,Can myometrial electrical activity identify patients in preterm labor?,yes,yes,True,15.3449,14.8718,13.547,0.4731,"yes, no answers were given.",245,False,True,yes,True,True,< 1 (uncertain),<= 512 (normal)
275,Does the Transmissible Liability Index (TLI) assessed in late childhood predict suicidal symptoms at young adulthood?,yes,yes,True,17.2578,16.6432,14.7244,0.6145,"yes, no answers were significantly associated with number and severity of lifetime suicide attempts.",258,False,True,yes,True,True,< 1 (uncertain),<= 512 (normal)
276,Does strategy training reduce age-related deficits in working memory?,no,yes,False,16.5682,15.1472,13.2892,1.421,"yes, no answers were not significantly different between the pre- and post-training reading span tasks.",308,False,False,yes,True,True,1–2,<= 512 (normal)
277,Does the sex of acute stroke patients influence the effectiveness of rt-PA?,no,no,True,16.4051,16.8025,15.1122,0.3974,"no yes answers to yes questions about the sex of the patient did not affect the recanalization rate, time to recanalization, or clinical outcome at 3 months.",383,False,True,no,True,True,< 1 (uncertain),<= 512 (normal)
278,Does the early adopter of drugs exist?,no,yes,False,16.6723,16.3859,14.1811,0.2865,"yes, no, yes, no, yes, no, yes, no, no, no, no, no, no, no, no,",303,False,True,yes,True,True,< 1 (uncertain),<= 512 (normal)
279,Can 'high-risk' human papillomaviruses (HPVs) be detected in human breast milk?,no,no,True,15.404,16.2483,14.0607,0.8443,no answer was not possible.,125,False,True,no,True,True,< 1 (uncertain),<= 512 (normal)
280,Is nasogastric decompression useful in prevention of leaks after laparoscopic sleeve gastrectomy?,no,no,True,14.8702,15.8432,13.106,0.973,"no answers was obtained in group A patients (78.6%, 17.1%, and 1.4%, respectively) and in group B patients (81.3",330,False,True,no,True,True,< 1 (uncertain),<= 512 (normal)
281,"Regional anesthesia as compared with general anesthesia for surgery in geriatric patients with hip fracture: does it decrease morbidity, mortality, and health care costs?",no,yes,False,15.6521,15.3285,13.7658,0.3236,yes: no: yes: no: yes: no: yes: no: yes: no: yes: no: yes: no: yes:,333,False,True,yes,True,True,< 1 (uncertain),<= 512 (normal)
282,Double reading of barium enemas: is it necessary?,no,no,True,15.969,16.2187,14.5059,0.2497,"no answers for the second reading was 100%, 99.5%, and 99.5%, respectively.",382,False,True,no,True,True,< 1 (uncertain),<= 512 (normal)
283,"Is there any evidence of a ""July effect"" in patients undergoing major cancer surgery?",no,no,True,15.9626,16.6822,14.705,0.7197,no yes answers were used to determine whether the July effect was present.,299,False,True,no,True,True,< 1 (uncertain),<= 512 (normal)
284,Characterization of the gender dimorphism after injury and hemorrhagic shock: are hormonal differences responsible?,no,yes,False,16.2441,15.9814,14.1546,0.2627,"yes, no answers.",333,False,True,yes,True,True,< 1 (uncertain),<= 512 (normal)
285,Cardiogenic shock complicating acute myocardial infarction in elderly patients: does admission to a tertiary center improve survival?,no,no,True,17.3235,17.6392,14.753,0.3157,no: yes: no: yes: yes: yes: yes: yes: yes: yes: yes: yes: yes: yes: yes:,334,False,True,no,True,True,< 1 (uncertain),<= 512 (normal)
286,Sub-classification of low-grade cerebellar astrocytoma: is it clinically meaningful?,no,no,True,15.0762,15.3481,14.0004,0.2718,no.,264,False,True,no,True,True,< 1 (uncertain),<= 512 (normal)
287,Department of Transportation vs self-reported data on motor vehicle collisions and driving convictions for stroke survivors: do they agree?,no,no,True,16.2028,16.6229,14.3221,0.4201,no: yes: no: yes: no: yes: no: yes: no: yes: no: yes: no: yes: no:,346,False,True,no,True,True,< 1 (uncertain),<= 512 (normal)
288,Cholesterol screening in school children: is family history reliable to choose the ones to screen?,no,no,True,15.1099,16.6922,14.0931,1.5823,no answers were given by the subjects.,174,False,False,no,True,True,1–2,<= 512 (normal)
289,Did the call for boycott by the Catholic bishops affect the polio vaccination coverage in Kenya in 2015?,no,no,True,15.7962,16.5768,15.0382,0.7806,"no answers were given to yes, no, yes, yes, yes, yes, yes, yes, yes, yes, yes, yes, yes",331,False,True,no,True,True,< 1 (uncertain),<= 512 (normal)
290,Does early discharge with nurse home visits affect adequacy of newborn metabolic screening?,no,no,True,16.5632,16.8574,14.4281,0.2942,no: no: yes: yes: yes: yes: yes: yes: yes: yes: yes: yes: yes: yes: yes:,335,False,True,no,True,True,< 1 (uncertain),<= 512 (normal)
291,Is alexithymia a risk factor for unexplained physical symptoms in general medical outpatients?,no,no,True,15.5353,15.7506,14.3333,0.2152,no: no: no: no: no: no: no: no: no: no: no: no: no: no: no:,269,False,True,no,True,True,< 1 (uncertain),<= 512 (normal)
292,Are sports medicine journals relevant and applicable to practitioners and athletes?,no,no,True,15.6639,16.7919,14.7544,1.128,no answers.,149,False,False,no,True,True,1–2,<= 512 (normal)
293,Does quantitative left ventricular regional wall motion change after fibrous tissue resection in endomyocardial fibrosis?,no,no,True,15.7106,16.7658,14.2273,1.0552,"no yes answers were given in 40%, 40%, and 20% of patients, respectively.",312,False,False,no,True,True,1–2,<= 512 (normal)
294,Does gestational age misclassification explain the difference in birthweights for Australian aborigines and whites?,no,yes,False,15.476,15.0679,14.7837,0.4081,yes.,254,False,True,yes,True,True,< 1 (uncertain),<= 512 (normal)
295,Utility of unenhanced fat-suppressed T1-weighted MRI in children with sickle cell disease -- can it differentiate bone infarcts from acute osteomyelitis?,no,no,True,16.1322,16.6927,14.0421,0.5605,no: no: yes: yes: yes: yes: yes: yes: yes: yes: yes: yes: yes: yes: yes:,356,False,True,no,True,True,< 1 (uncertain),<= 512 (normal)
296,Do African American women require fewer calories to maintain weight?,no,no,True,17.2387,17.5379,14.8324,0.2992,no: yes: no: yes: no: yes: no: yes: no: yes: no: yes: no: yes: no:,366,False,True,no,True,True,< 1 (uncertain),<= 512 (normal)
297,The use of audit to identify maternal mortality in different settings: is it just a difference between the rich and the poor?,no,no,True,15.0878,15.6143,14.6645,0.5264,no answers.,283,False,True,no,True,True,< 1 (uncertain),<= 512 (normal)
298,Are wandering and physically nonaggressive agitation equivalent?,no,yes,False,17.8166,17.2136,15.3697,0.603,"yes, no answers were used to indicate wandering and yes, no, or maybe yes answers were used to indicate PNA.",244,False,True,yes,True,True,< 1 (uncertain),<= 512 (normal)
299,Is the covering of the resection margin after distal pancreatectomy advantageous?,no,no,True,15.2827,15.5707,13.0657,0.2879,"no yes answers were given to the question: yes, no, yes, no.",454,False,True,no,True,True,< 1 (uncertain),<= 512 (normal)
300,Does continuous intravenous infusion of low-concentration epinephrine impair uterine blood flow in pregnant ewes?,no,no,True,15.4083,15.8498,13.4007,0.4415,no.,271,False,True,no,True,True,< 1 (uncertain),<= 512 (normal)
301,Do healthier lifestyles lead to less utilization of healthcare resources?,no,no,True,15.8075,15.9856,14.3618,0.1782,no was the most common answer.,276,False,True,no,True,True,< 1 (uncertain),<= 512 (normal)
302,Do risk factors for suicidal behavior differ by affective disorder polarity?,no,yes,False,17.0025,16.1444,14.2067,0.8581,yes: yes: yes: yes: yes: yes: yes: yes: yes: yes: yes: yes: yes: yes: yes:,296,False,True,yes,True,True,< 1 (uncertain),<= 512 (normal)
303,Thrombosis prophylaxis in hospitalised medical patients: does prophylaxis in all patients make sense?,no,no,True,15.537,16.4205,13.9475,0.8835,no) was given to only one patient in the cancer group and to none in the non-cancer group.,216,False,True,no,True,True,< 1 (uncertain),<= 512 (normal)
304,Is late-night salivary cortisol a better screening test for possible cortisol excess than standard screening tests in obese patients with Type 2 diabetes?,no,no,True,16.3534,16.8778,14.4837,0.5244,no answers was significantly different between the three tests (P = 0.001).,276,False,True,no,True,True,< 1 (uncertain),<= 512 (normal)
305,Does escalation of the apical dose change treatment outcome in beta-radiation of posterior choroidal melanomas with 106Ru plaques?,no,no,True,14.3914,15.9684,14.8076,1.1609,"no answers was given in 10%, 30%, and 50% of cases, respectively.",264,False,False,no,True,True,1–2,<= 512 (normal)
306,Estradiol and Antagonist Pretreatment Prior to Microdose Leuprolide in in Vitro Fertilization. Does It Improve IVF Outcomes in Poor Responders as Compared to Oral Contraceptive Pill?,no,yes,False,15.7737,15.3602,14.0166,0.4135,yes answers.,268,False,True,yes,True,True,< 1 (uncertain),<= 512 (normal)
307,Do risk calculators accurately predict surgical site occurrences?,no,yes,False,16.2861,15.6957,13.7217,0.5904,yes.,568,False,True,yes,True,True,< 1 (uncertain),> 512 (long)
308,Is diffusion-weighted imaging a significant indicator of the development of vascularization in hypovascular hepatocellular lesions?,no,yes,False,16.7947,16.3852,14.4823,0.4095,yes.,177,False,True,yes,True,True,< 1 (uncertain),<= 512 (normal)
309,Does confined placental mosaicism account for adverse perinatal outcomes in IVF pregnancies?,no,yes,False,16.4647,16.0263,14.0659,0.4385,yes.,314,False,True,yes,True,True,< 1 (uncertain),<= 512 (normal)
310,Do elderly cancer patients have different care needs compared with younger ones?,no,maybe,False,14.7409,14.1237,14.7678,0.027,mayor yes answers.,276,False,True,yes,True,False,< 1 (uncertain),<= 512 (normal)
311,Does increased nerve length within the treatment volume improve trigeminal neuralgia radiosurgery?,no,no,True,15.5086,16.2169,13.8054,0.7083,"no answers were given to yes, no, or mayor yes, no answers were given to no, yes, or mayor yes, no answers",294,False,True,no,True,True,< 1 (uncertain),<= 512 (normal)
312,Amblyopia: is visual loss permanent?,no,no,True,14.8804,16.5036,14.1545,1.6231,no yes answers were given in the case of no answers.,212,False,False,no,True,True,1–2,<= 512 (normal)
313,Are physicians meeting the needs of family caregivers of the frail elderly?,no,no,True,15.4759,16.4617,15.1527,0.9859,no answers.,237,False,True,no,True,True,< 1 (uncertain),<= 512 (normal)
314,Will CT ordering practices change if we educate residents about the potential effects of radiation exposure?,no,no,True,16.0888,16.4565,15.8447,0.3678,"no answers were given for 57% (12 of 21), 38% (eight of 21), and 5% (one of 21) of",315,False,True,no,True,True,< 1 (uncertain),<= 512 (normal)
315,Is arch form influenced by sagittal molar relationship or Bolton tooth-size discrepancy?,no,yes,False,15.6873,15.0346,14.1271,0.6526,yes yes answers.,195,False,True,yes,True,True,< 1 (uncertain),<= 512 (normal)
316,Are the long-term results of the transanal pull-through equal to those of the transabdominal pull-through?,no,no,True,15.4212,15.7321,14.3402,0.3109,no answers.,349,False,True,no,True,True,< 1 (uncertain),<= 512 (normal)
317,Should temperature be monitorized during kidney allograft preservation?,no,no,True,14.3079,14.5997,14.0226,0.2918,no.,308,False,True,no,True,True,< 1 (uncertain),<= 512 (normal)
318,Should all human immunodeficiency virus-infected patients with end-stage renal disease be excluded from transplantation?,no,no,True,15.585,15.6608,15.2488,0.0758,no answers.,267,False,True,no,True,True,< 1 (uncertain),<= 512 (normal)
319,Does minimal access major surgery in the newborn hurt less?,no,yes,False,15.9403,15.644,14.5785,0.2963,yes.,347,False,True,yes,True,True,< 1 (uncertain),<= 512 (normal)
320,Does increased patient awareness improve accrual into cancer-related clinical trials?,no,no,True,16.0346,16.5884,14.9156,0.5539,no questions.,244,False,True,no,True,True,< 1 (uncertain),<= 512 (normal)
321,Continuity of care experience of residents in an academic vascular department: are trainees learning complete surgical care?,no,no,True,16.2183,16.92,14.3163,0.7017,no yes answers were significantly higher for emergent cases compared with same-day admission cases (P < .05).,421,False,True,no,True,True,< 1 (uncertain),<= 512 (normal)
322,Health habits and vaccination status of Lebanese residents: are future doctors applying the rules of prevention?,no,no,True,15.4222,16.0208,15.6409,0.3799,no answer.,421,False,True,no,True,True,< 1 (uncertain),<= 512 (normal)
323,Landolt C and snellen e acuity: differences in strabismus amblyopia?,no,no,True,14.7177,14.974,13.6695,0.2563,no answers.,344,False,True,no,True,True,< 1 (uncertain),<= 512 (normal)
324,The insertion allele of the ACE gene I/D polymorphism. A candidate gene for insulin resistance?,no,no,True,15.3296,15.5735,13.6454,0.2439,no: no: yes: no: yes: no: yes: no: yes: no: yes: no: yes: no: yes:,312,False,True,no,True,True,< 1 (uncertain),<= 512 (normal)
325,Is fetal gender associated with emergency department visits for asthma during pregnancy?,no,no,True,16.1204,17.3265,14.7054,1.2061,"no answers to yes questions about fetal gender was not associated with an increased risk of having an ED visit for asthma (OR 1.00, 95% CI 0.91",308,False,False,no,True,True,1–2,<= 512 (normal)
326,Blunt trauma in intoxicated patients: is computed tomography of the abdomen always necessary?,no,no,True,15.9222,16.8083,14.5476,0.8862,no: no: no: no: no: no: no: no: no: no: no: no: no: no: no:,190,False,True,no,True,True,< 1 (uncertain),<= 512 (normal)
327,Risk factors for avascular necrosis of bone in patients with systemic lupus erythematosus: is there a role for antiphospholipid antibodies?,no,no,True,15.19,16.0892,13.9532,0.8992,no: no: yes: yes: yes: yes: yes: yes: yes: yes: yes: yes: yes: yes: yes:,223,False,True,no,True,True,< 1 (uncertain),<= 512 (normal)
328,Volume change of uterine myomas during pregnancy: do myomas really grow?,no,no,True,15.0837,16.798,14.6253,1.7144,no answer.,356,False,False,no,True,True,1–2,<= 512 (normal)
329,Do foreign bodies migrate through the body towards the heart?,no,no,True,14.3463,14.982,14.2267,0.6358,no.,234,False,True,no,True,True,< 1 (uncertain),<= 512 (normal)
330,Does concomitant anterior/apical repair during midurethral sling improve the overactive bladder component of mixed incontinence?,no,no,True,16.2721,17.0748,14.6282,0.8026,"no yes answers to yes, no, no answers to no answers to no answers to no answers to no answers to no answers to no answers to no",378,False,True,no,True,True,< 1 (uncertain),<= 512 (normal)
331,Is hypoalbuminemia an independent prognostic factor in patients with gastric cancer?,no,no,True,16.1999,16.2636,13.8726,0.0637,"no yes, no yes, no yes, no yes, no yes, no yes, no yes, no yes, no yes, no yes,",272,False,True,no,True,True,< 1 (uncertain),<= 512 (normal)
332,Is adjustment for reporting heterogeneity necessary in sleep disorders?,no,yes,False,15.9161,14.8917,14.4922,1.0244,"yes, no answers to yes, no answers to yes, no answers to no answers to yes answers to no answers to no answers to no answers to",323,False,False,yes,True,True,1–2,<= 512 (normal)
333,Can the growth rate of a gallbladder polyp predict a neoplastic polyp?,no,no,True,15.3476,15.9091,14.7332,0.5615,"no answers was given to yes, no, or mayor yes, yes, no answers was given to yes, no, mayor yes, no",289,False,True,no,True,True,< 1 (uncertain),<= 512 (normal)
334,Preoperative locoregional staging of gastric cancer: is there a place for magnetic resonance imaging?,no,no,True,16.1437,16.9123,14.416,0.7686,no: no: no: no: no: no: no: no: no: no: no: no: no: no: no:,349,False,True,no,True,True,< 1 (uncertain),<= 512 (normal)
335,Are hepatitis G virus and TT virus involved in cryptogenic chronic liver disease?,no,no,True,14.095,14.9046,13.2171,0.8096,no: no: no: yes: no: yes: yes: yes: yes: yes: yes: yes: yes: yes: yes:,383,False,True,no,True,True,< 1 (uncertain),<= 512 (normal)
336,Are patients with Werlhof's disease at increased risk for bleeding complications when undergoing cardiac surgery?,no,no,True,14.9007,15.5612,13.9064,0.6605,no: yes: no: yes: no: yes: no: yes: no: yes: no: yes: no: yes: no:,412,False,True,no,True,True,< 1 (uncertain),<= 512 (normal)
337,Does Mammographic Density have an Impact on the Margin Re-excision Rate After Breast-Conserving Surgery?,no,no,True,15.6968,16.5049,14.3975,0.8081,"no yes answers were given in 41.8, 41.8, and 41.8% of the patients, respectively.",402,False,True,no,True,True,< 1 (uncertain),<= 512 (normal)
338,Are UK radiologists satisfied with the training and support received in suspected child abuse?,no,no,True,15.8717,16.7303,15.6249,0.8586,no yes answers.,224,False,True,no,True,True,< 1 (uncertain),<= 512 (normal)
339,Do oblique views add value in the diagnosis of spondylolysis in adolescents?,no,yes,False,17.3052,15.5754,13.9659,1.7298,yes yes answers.,487,False,False,yes,True,True,1–2,<= 512 (normal)
340,The clinical significance of bile duct sludge: is it different from bile duct stones?,no,no,True,15.1144,15.9738,13.8677,0.8594,no: no: no: no: no: no: no: no: no: no: no: no: no: no: no:,330,False,True,no,True,True,< 1 (uncertain),<= 512 (normal)
341,Can bedside assessment reliably exclude aspiration following acute stroke?,no,no,True,15.8356,16.7788,14.8115,0.9432,"no yes answers gave a sensitivity of 75%, specificity of 72%, PPV of 41% and NPV of 91% for the presence of aspiration.",290,False,True,no,True,True,< 1 (uncertain),<= 512 (normal)
342,Does frozen section alter surgical management of multinodular thyroid disease?,no,no,True,15.5085,16.1517,13.6675,0.6432,no.,234,False,True,no,True,True,< 1 (uncertain),<= 512 (normal)
343,Does type 1 diabetes mellitus affect Achilles tendon response to a 10 km run?,no,no,True,15.5787,15.9364,14.6545,0.3577,no yes answers were given.,290,False,True,no,True,True,< 1 (uncertain),<= 512 (normal)
344,Are higher rates of depression in women accounted for by differential symptom reporting?,no,yes,False,17.2739,16.7414,14.836,0.5325,"yes, no, yes, no, yes, no, yes, no, no, no, no, no, no, no, no,",321,False,True,yes,True,True,< 1 (uncertain),<= 512 (normal)
345,Do Indigenous Australians age prematurely?,no,no,True,14.9356,15.3805,14.426,0.445,no.,220,False,True,no,True,True,< 1 (uncertain),<= 512 (normal)
346,Adjuvant radiation of stage III thymoma: is it necessary?,no,no,True,15.0464,15.1364,14.3651,0.09,no: no: no: yes: yes: yes: yes: yes: yes: yes: yes: yes: yes: yes: yes:,269,False,True,no,True,True,< 1 (uncertain),<= 512 (normal)
347,Are patients with diabetes receiving the same message from dietitians and nurses?,no,no,True,16.4801,17.4862,15.707,1.006,no questions was used as a yes / no question.,222,False,False,no,True,True,1–2,<= 512 (normal)
348,"Do lipids, blood pressure, diabetes, and smoking confer equal risk of myocardial infarction in women as in men?",no,no,True,15.2998,15.4576,13.3019,0.1579,no yes answers was significantly higher for women than men.,339,False,True,no,True,True,< 1 (uncertain),<= 512 (normal)
349,Diabetes mellitus among Swedish art glass workers--an effect of arsenic exposure?,no,no,True,15.7246,16.3735,13.9244,0.6489,no answers was given for the remaining answers.,323,False,True,no,True,True,< 1 (uncertain),<= 512 (normal)
350,Preoperative staging of patients with liver metastases of colorectal carcinoma. Does PET/CT really add something to multidetector CT?,no,no,True,15.1189,15.6653,13.6301,0.5464,no answers.,292,False,True,no,True,True,< 1 (uncertain),<= 512 (normal)
351,Epidural analgesia for surgical treatment of peritoneal carcinomatosis: a risky technique?,no,no,True,14.3882,15.4216,13.9653,1.0334,no answers.,289,False,False,no,True,True,1–2,<= 512 (normal)
352,Do acute changes in heart rate by isoproterenol affect aortic stiffness in patients with hypertension?,no,no,True,14.7072,14.9896,12.9797,0.2824,no answers were obtained.,381,False,True,no,True,True,< 1 (uncertain),<= 512 (normal)
353,Totally implantable venous access device placement by interventional radiologists: are prophylactic antibiotics necessary?,no,no,True,15.5525,17.2489,14.4565,1.6964,"no yes answers were given to the question: yes, no, yes, yes, yes, yes, yes, yes, yes, yes, yes",282,False,False,no,True,True,1–2,<= 512 (normal)
354,Does increasing blood pH stimulate protein synthesis in dialysis patients?,no,no,True,14.4427,15.573,13.3706,1.1304,no.,409,False,False,no,True,True,1–2,<= 512 (normal)
355,Necrotizing fasciitis: an indication for hyperbaric oxygenation therapy?,no,no,True,15.2865,15.5489,12.9909,0.2624,no: no: no: no: no: no: no: no: no: no: no: no: no: no: no:,292,False,True,no,True,True,< 1 (uncertain),<= 512 (normal)
356,MR arthrography of the shoulder: do we need local anesthesia?,no,no,True,16.3988,16.5446,14.8154,0.1457,no.,436,False,True,no,True,True,< 1 (uncertain),<= 512 (normal)
357,Prognosis of low-tone sudden deafness - does it inevitably progress to Meniere's disease?,no,no,True,14.698,15.1826,13.8296,0.4846,no: yes: no: yes: no: yes: no: yes: no: yes: no: yes: no: yes: no:,284,False,True,no,True,True,< 1 (uncertain),<= 512 (normal)
358,Is there a relationship between complex fractionated atrial electrograms recorded during atrial fibrillation and sinus rhythm fractionation?,no,no,True,15.3202,16.1788,13.4548,0.8587,"no yes answers were given to yes, no, or mayor yes answers, respectively.",317,False,True,no,True,True,< 1 (uncertain),<= 512 (normal)
359,Is bicompartmental knee arthroplasty more favourable to knee muscle strength and physical performance compared to total knee arthroplasty?,no,yes,False,15.3265,14.9981,14.1343,0.3283,yes answers were not different between the two groups.,336,False,True,yes,True,True,< 1 (uncertain),<= 512 (normal)
360,Does pain intensity predict a poor opioid response in cancer patients?,no,no,True,15.6106,15.9173,14.5838,0.3067,no yes answers were found in the three categories of pain intensity.,249,False,True,no,True,True,< 1 (uncertain),<= 512 (normal)
361,Does the radiographic transition zone correlate with the level of aganglionosis on the specimen in Hirschsprung's disease?,no,no,True,15.755,16.4841,15.1768,0.7291,no answer.,270,False,True,no,True,True,< 1 (uncertain),<= 512 (normal)
362,Serovar specific immunity to Neisseria gonorrhoeae: does it exist?,no,no,True,14.9156,15.9053,13.9809,0.9897,no.,143,False,True,no,True,True,< 1 (uncertain),<= 512 (normal)
363,Is calibration the cause of variation in liquid chromatography tandem mass spectrometry testosterone measurement?,no,yes,False,16.1379,16.0433,14.421,0.0946,"yes, no answers were given to the question: yes, no, yes, no, yes, no, yes, no, yes, no,",265,False,True,yes,True,True,< 1 (uncertain),<= 512 (normal)
364,Internal derangement of the temporomandibular joint: is there still a place for ultrasound?,no,no,True,14.1102,14.7432,14.0348,0.633,no answers.,187,False,True,no,True,True,< 1 (uncertain),<= 512 (normal)
365,Does delivery mode affect women's postpartum quality of life in rural China?,no,no,True,15.1148,15.5346,14.9759,0.4198,"no answer yes, yes, no answer yes, yes yes yes yes yes yes yes yes yes yes yes yes yes yes yes yes yes yes yes yes",318,False,True,no,True,True,< 1 (uncertain),<= 512 (normal)
366,Endovenous laser ablation in the treatment of small saphenous varicose veins: does site of access influence early outcomes?,no,no,True,16.4872,17.3098,14.6452,0.8226,no: yes: no: yes: no: yes: no: yes: no: yes: no: yes: no: yes: no:,318,False,True,no,True,True,< 1 (uncertain),<= 512 (normal)
367,Is there a role for fondaparinux in perioperative bridging?,no,no,True,14.8972,15.7649,14.1758,0.8676,no.,360,False,True,no,True,True,< 1 (uncertain),<= 512 (normal)
368,Is it better to be big?,no,no,True,15.4841,15.9927,15.0534,0.5086,no answers.,238,False,True,no,True,True,< 1 (uncertain),<= 512 (normal)
369,Chemotherapy and survival in advanced non-small cell lung carcinoma: is pneumologists' skepticism justified?,no,no,True,15.0634,15.6256,14.1379,0.5622,no yes answers to yes questions was used as a measure of skepticism.,429,False,True,no,True,True,< 1 (uncertain),<= 512 (normal)
370,The association of puberty and young adolescent alcohol use: do parents have a moderating role?,no,no,True,16.8933,16.8995,15.7223,0.0062,no: yes: yes: no: maybe: yes: no: maybe: yes: no: maybe: yes: no: may,227,False,True,no,True,True,< 1 (uncertain),<= 512 (normal)
371,Does increased use of private health care reduce the demand for NHS care?,no,no,True,17.2399,17.2705,16.3246,0.0306,no: no: yes: yes: yes: yes: yes: yes: yes: yes: yes: yes: yes: yes: yes:,308,False,True,no,True,True,< 1 (uncertain),<= 512 (normal)
372,Is decompressive surgery effective for spinal cord sarcoidosis accompanied with compressive cervical myelopathy?,no,yes,False,15.3059,15.2838,13.663,0.0221,"yes, no was given to yes, no, yes, yes, yes, yes, yes, yes, yes, yes, yes, yes,",379,False,True,yes,True,True,< 1 (uncertain),<= 512 (normal)
373,Does the aggressive use of polyvalent antivenin for rattlesnake bites result in serious acute side effects?,no,no,True,15.4497,16.5958,14.0672,1.1462,no yes answers.,463,False,False,no,True,True,1–2,<= 512 (normal)
374,Does successful completion of the Perinatal Education Programme result in improved obstetric practice?,no,no,True,16.2581,16.8036,14.5158,0.5455,no.,491,False,True,no,True,True,< 1 (uncertain),<= 512 (normal)
375,Can surgeon familiarization with current evidence lead to a change in practice?,no,no,True,16.1274,16.3407,14.1356,0.2133,no.,279,False,True,no,True,True,< 1 (uncertain),<= 512 (normal)
376,Kell alloimmunization in pregnancy: associated with fetal thrombocytopenia?,no,no,True,14.5531,15.9518,14.2884,1.3988,no answers was given in the Kell group.,258,False,False,no,True,True,1–2,<= 512 (normal)
377,Globulomaxillary cysts--do they really exist?,no,no,True,13.9649,14.9086,13.7629,0.9437,no answer.,229,False,True,no,True,True,< 1 (uncertain),<= 512 (normal)
378,Colorectal cancer with synchronous liver metastases: does global management at the same centre improve results?,no,no,True,15.1557,16.3018,14.0776,1.1461,no answers was higher in the GM group (P = 0.02).,342,False,False,no,True,True,1–2,<= 512 (normal)
379,Are octogenarians at high risk for carotid endarterectomy?,no,no,True,16.2699,16.4671,14.3712,0.1972,no.,297,False,True,no,True,True,< 1 (uncertain),<= 512 (normal)
380,Is there a need for pelvic CT scan in cases of renal cell carcinoma?,no,no,True,15.0863,16.1821,15.1862,0.9959,no answer was given in the remaining three cases.,298,False,True,no,True,True,< 1 (uncertain),<= 512 (normal)
381,Should circumcision be performed in childhood?,no,no,True,14.7637,15.4974,14.4634,0.7337,"no answer was given in the case of yes, no, mayor, no answer in the case of no answer.",307,False,True,no,True,True,< 1 (uncertain),<= 512 (normal)
382,Does the Simultaneous Use of a Neuroendoscope Influence the Incidence of Ventriculoperitoneal Shunt Infection?,no,no,True,16.7025,17.1305,15.0175,0.428,no answers was given in groups 1A and 1B and groups 2A and 2B.,334,False,True,no,True,True,< 1 (uncertain),<= 512 (normal)
383,Is the probability of prenatal diagnosis or termination of pregnancy different for fetuses with congenital anomalies conceived following assisted reproductive techniques?,no,no,True,15.2354,16.0044,14.5492,0.769,no answer was not possible for one or more answers.,299,False,True,no,True,True,< 1 (uncertain),<= 512 (normal)
384,Is There an Additional Value of Using Somatostatin Receptor Subtype 2a Immunohistochemistry Compared to Somatostatin Receptor Scintigraphy Uptake in Predicting Gastroenteropancreatic Neuroendocrine Tumor Response?,no,no,True,15.2822,16.5178,14.1383,1.2356,no was significantly different between patients with negative and positive sst2a tumoral IHC (p = 0.02).,370,False,False,no,True,True,1–2,<= 512 (normal)
385,Does growth hormone replacement therapy reduce mortality in adults with growth hormone deficiency?,no,yes,False,15.7144,15.698,14.1171,0.0164,yes answers were not significant.,295,False,True,yes,True,True,< 1 (uncertain),<= 512 (normal)
386,Can decisional algorithms replace global introspection in the individual causality assessment of spontaneously reported ADRs?,no,no,True,15.2303,15.9505,14.3222,0.7202,no answers was considered to be drug related.,212,False,True,no,True,True,< 1 (uncertain),<= 512 (normal)
387,Sternal skin conductance: a reasonable surrogate for hot flash measurement?,no,no,True,16.9214,17.4759,15.6972,0.5545,no answers to yes questions revealed that the device was not a good surrogate for hot flashes.,234,False,True,no,True,True,< 1 (uncertain),<= 512 (normal)
388,Is the Androgen Deficiency of Aging Men (ADAM) questionnaire useful for the screening of partial androgenic deficiency of aging men?,no,no,True,15.3349,15.795,13.9746,0.4601,"no answer was positive in 76.9%, 16.7%, and 0% of cases, respectively.",461,False,True,no,True,True,< 1 (uncertain),<= 512 (normal)
389,Does a history of unintended pregnancy lessen the likelihood of desire for sterilization reversal?,no,no,True,17.3933,17.6191,15.3753,0.2259,no questions was associated with a higher likelihood of desire for reversal (yes: no: maybe: no: yes: no: yes: no:,268,False,True,no,True,True,< 1 (uncertain),<= 512 (normal)
390,Can we measure mesopic pupil size with the cobalt blue light slit-lamp biomicroscopy method?,no,yes,False,15.7385,15.5341,14.6177,0.2044,"yes, no, yes, no, yes, no, no, no, no, no, no, no, no, no, no,",357,False,True,yes,True,True,< 1 (uncertain),<= 512 (normal)
391,Does stress increase imitation of drinking behavior?,no,yes,False,16.612,16.3373,14.1781,0.2747,yes answers were more frequent in the no-stress condition than in the stress condition.,292,False,True,yes,True,True,< 1 (uncertain),<= 512 (normal)
392,Do clinical variables predict pathologic radiographs in the first episode of wheezing?,no,no,True,16.4686,16.8065,14.6574,0.338,no yes answers were obtained.,235,False,True,no,True,True,< 1 (uncertain),<= 512 (normal)
393,"Is distance to provider a barrier to care for medicaid patients with breast, colorectal, or lung cancer?",no,no,True,16.3286,16.4859,15.0135,0.1573,no: yes: yes: yes: yes: yes: yes: yes: yes: yes: yes: yes: yes: yes: yes:,264,False,True,no,True,True,< 1 (uncertain),<= 512 (normal)
394,Laminoplasty outcomes: is there a difference between patients with degenerative stenosis and those with ossification of the posterior longitudinal ligament?,no,yes,False,15.5538,15.5169,13.4056,0.0369,yes.,458,False,True,yes,True,True,< 1 (uncertain),<= 512 (normal)
395,Do overweight children necessarily make overweight adults?,no,yes,False,15.3459,14.7124,14.3162,0.6336,yes.,262,False,True,yes,True,True,< 1 (uncertain),<= 512 (normal)
396,Does patient position during liver surgery influence the risk of venous air embolism?,no,no,True,14.7192,15.3829,13.4859,0.6637,no.,186,False,True,no,True,True,< 1 (uncertain),<= 512 (normal)
397,Is routine chest radiography after transbronchial biopsy necessary?,no,no,True,14.8216,16.1083,14.1176,1.2867,no.,262,False,False,no,True,True,1–2,<= 512 (normal)
398,Can folic acid protect against congenital heart defects in Down syndrome?,no,no,True,17.0723,17.4976,14.9776,0.4253,no: yes: no: yes: no: yes: no: yes: no: yes: no: yes: no: yes: yes:,342,False,True,no,True,True,< 1 (uncertain),<= 512 (normal)
399,Location and number of sutures placed for hiatal hernia repair during laparoscopic adjustable gastric banding: does it matter?,no,no,True,15.8715,16.106,14.3947,0.2345,no yes: no yes: no yes: no: no yes: no: no: no: no: no: no: no: no:,422,False,True,no,True,True,< 1 (uncertain),<= 512 (normal)
400,Does the distribution of health care benefits in Kenya meet the principles of universal coverage?,no,no,True,15.4918,15.8198,14.8051,0.328,no.,336,False,True,no,True,True,< 1 (uncertain),<= 512 (normal)
401,Are women with major depression in pregnancy identifiable in population health data?,no,no,True,14.5898,15.115,13.3018,0.5253,"no yes, yes, no.",480,False,True,no,True,True,< 1 (uncertain),<= 512 (normal)
402,Can bone thickness and inter-radicular space affect miniscrew placement in posterior mandibular sites?,no,yes,False,16.1156,15.7539,14.901,0.3617,yes.,392,False,True,yes,True,True,< 1 (uncertain),<= 512 (normal)
403,SPECT study with I-123-Ioflupane (DaTSCAN) in patients with essential tremor. Is there any correlation with Parkinson's disease?,no,no,True,14.2275,14.4996,14.4051,0.0945,no.,590,False,True,no,True,True,< 1 (uncertain),> 512 (long)
404,Are many colorectal cancers due to missed adenomas?,no,no,True,14.6015,15.867,14.7375,1.1295,no answer.,237,False,False,no,True,True,1–2,<= 512 (normal)
405,Clinician assessment for acute chest syndrome in febrile patients with sickle cell disease: is it accurate enough?,no,no,True,15.9676,16.0032,13.9139,0.0357,"no yes answers was used as the criterion for a yes, no, or mayor yes answer.",358,False,True,no,True,True,< 1 (uncertain),<= 512 (normal)
406,Can nonproliferative breast disease and proliferative breast disease without atypia be distinguished by fine-needle aspiration cytology?,no,no,True,16.3143,17.5619,15.1105,1.2476,"no yes answers were given to the yes, no, or mayor yes answers, respectively, for the yes, no, or mayor yes answers",227,False,False,no,True,True,1–2,<= 512 (normal)
407,Is vancomycin MIC creep a worldwide phenomenon?,no,no,True,14.8063,16.1024,14.3016,1.2961,no answer was given for the yes / no question.,314,False,False,no,True,True,1–2,<= 512 (normal)
408,Is vitamin D deficiency a feature of pediatric celiac disease?,no,no,True,15.7881,15.9727,13.8557,0.1845,no was not significant (p = 0.5).,383,False,True,no,True,True,< 1 (uncertain),<= 512 (normal)
409,Is renal warm ischemia over 30 minutes during laparoscopic partial nephrectomy possible?,no,no,True,15.1547,15.8241,14.0562,0.6694,no: no: yes: yes: yes: yes: yes: yes: yes: yes: yes: yes: yes: yes: yes:,325,False,True,no,True,True,< 1 (uncertain),<= 512 (normal)
410,PSA repeatedly fluctuating levels are reassuring enough to avoid biopsy?,no,yes,False,15.4334,15.337,14.4384,0.0963,yes.,305,False,True,yes,True,True,< 1 (uncertain),<= 512 (normal)
411,Does immediate breast reconstruction compromise the delivery of adjuvant chemotherapy?,no,no,True,15.87,17.0706,14.8018,1.2006,no: yes: no: yes: no: yes: no: yes: no: yes: no: yes: no: yes: no:,213,False,False,no,True,True,1–2,<= 512 (normal)
412,Prognosis of well differentiated small hepatocellular carcinoma--is well differentiated hepatocellular carcinoma clinically early cancer?,no,no,True,14.8233,15.0322,13.4743,0.2089,no.,316,False,True,no,True,True,< 1 (uncertain),<= 512 (normal)
413,Does a preoperative medically supervised weight loss program improve bariatric surgery outcomes?,no,yes,False,15.4403,15.3663,14.139,0.074,yes: yes: no: no: yes: no: yes: no: yes: no: yes: no: yes: no: yes:,387,False,True,yes,True,True,< 1 (uncertain),<= 512 (normal)
414,Bony defects in chronic anterior posttraumatic dislocation of the shoulder: Is there a correlation between humeral and glenoidal lesions?,no,no,True,16.6951,16.941,15.2163,0.2458,no yes answers was given by the observers.,389,False,True,no,True,True,< 1 (uncertain),<= 512 (normal)
415,Does the bracket-ligature combination affect the amount of orthodontic space closure over three months?,no,no,True,15.7739,16.523,14.6451,0.7491,no: yes: no: yes: no: yes: no: yes: no: yes: no: yes: no: yes: no:,337,False,True,no,True,True,< 1 (uncertain),<= 512 (normal)
416,Can increases in the cigarette tax rate be linked to cigarette retail prices?,no,yes,False,15.5444,15.4236,14.7066,0.1208,yes.,208,False,True,yes,True,True,< 1 (uncertain),<= 512 (normal)
417,Attaining negative margins in breast-conservation operations: is there a consensus among breast surgeons?,no,no,True,16.1769,17.1164,16.2344,0.882,no answers were used as the basis for the yes / no answers.,303,False,True,no,True,True,< 1 (uncertain),<= 512 (normal)
418,Does the sequence of clamp application during open abdominal aortic aneurysm surgery influence distal embolisation?,no,no,True,14.8104,15.6464,14.1717,0.836,no: no: yes: no: yes: no: yes: no: yes: no: yes: no: yes: no: yes:,204,False,True,no,True,True,< 1 (uncertain),<= 512 (normal)
419,Discharging patients earlier from Winnipeg hospitals: does it adversely affect quality of care?,no,no,True,15.6682,16.0019,14.3389,0.3336,no.,425,False,True,no,True,True,< 1 (uncertain),<= 512 (normal)
420,Surgical management of the atherosclerotic ascending aorta: is endoaortic balloon occlusion safe?,no,no,True,15.9338,16.2447,13.5146,0.311,no: no: yes: yes: yes: yes: yes: yes: yes: yes: yes: yes: yes: yes: yes:,343,False,True,no,True,True,< 1 (uncertain),<= 512 (normal)
421,Is there a relationship between serum paraoxonase level and epicardial fat tissue thickness?,no,no,True,15.6508,15.7723,13.7255,0.1215,"no yes answers were found in yes, no, or mayor yes answers in yes, no, or mayor answers in no, no answers in",305,False,True,no,True,True,< 1 (uncertain),<= 512 (normal)
422,Do antibiotics decrease post-tonsillectomy morbidity?,no,no,True,14.6708,15.2166,13.7709,0.5458,"no., yes.",228,False,True,no,True,True,< 1 (uncertain),<= 512 (normal)
423,Should prostate specific antigen be adjusted for body mass index?,no,no,True,16.2732,16.3252,14.2339,0.0519,no answers.,291,False,True,no,True,True,< 1 (uncertain),<= 512 (normal)
424,Is it necessary to insert a nasobiliary drainage tube routinely after endoscopic clearance of the common bile duct in patients with choledocholithiasis-induced cholangitis?,no,no,True,16.0574,16.1715,13.2939,0.1141,no answers was not possible.,381,False,True,no,True,True,< 1 (uncertain),<= 512 (normal)
425,Have antiepileptic drug prescription claims changed following the FDA suicidality warning?,no,yes,False,17.0895,17.066,14.604,0.0235,"yes, no was estimated for the prewarning period (99% CI: -0.01% to 0.01%, 99% CI: -0.01% to",349,False,True,yes,True,True,< 1 (uncertain),<= 512 (normal)
426,Are high flow nasal cannulae noisier than bubble CPAP for preterm infants?,no,no,True,15.8311,16.2163,14.7001,0.3852,no: yes: no: yes: no: yes: no: yes: no: yes: no: yes: no: yes: no:,363,False,True,no,True,True,< 1 (uncertain),<= 512 (normal)
427,Are the arginine vasopressin V1a receptor microsatellites related to hypersexuality in children with a prepubertal and early adolescent bipolar disorder phenotype?,no,yes,False,17.1506,16.5257,14.9117,0.6249,"yes, no, yes, no, yes, no, yes, no, no, no, no, no, no, no, no,",506,False,True,yes,True,True,< 1 (uncertain),<= 512 (normal)
428,Are variations in the use of carotid endarterectomy explained by population Need?,no,no,True,15.5732,16.0899,14.2239,0.5167,no yes.,244,False,True,no,True,True,< 1 (uncertain),<= 512 (normal)
429,Do supervised colorectal trainees differ from consultants in terms of quality of TME surgery?,no,no,True,16.0726,17.3375,14.9602,1.2649,no: no: no: no: no: no: no: no: no: no: no: no: no: no: no:,324,False,False,no,True,True,1–2,<= 512 (normal)
430,Major depression and alcohol use disorder in adolescence: Does comorbidity lead to poorer outcomes of depression?,no,yes,False,15.9,15.3792,14.2287,0.5208,yes.,303,False,True,yes,True,True,< 1 (uncertain),<= 512 (normal)
431,Perioperative care in an animal model for training in abdominal surgery: is it necessary a preoperative fasting?,no,no,True,14.1666,14.9901,14.5993,0.3908,no.,288,False,True,no,True,True,< 1 (uncertain),<= 512 (normal)
432,Metastatic carcinoma to the cervical nodes from an unknown head and neck primary site: Is there a need for neck dissection?,no,no,True,15.6939,15.7496,14.4912,0.0557,"no yes answers to the question: yes, no, yes, no, yes, no, yes, no, yes, no, no, no",376,False,True,no,True,True,< 1 (uncertain),<= 512 (normal)
433,Does Viral Co-Infection Influence the Severity of Acute Respiratory Infection in Children?,no,yes,False,15.6635,15.3967,14.0443,0.2669,"yes, no: yes: no: no: no: no: no: no: no: no: no: no: no: no:",375,False,True,yes,True,True,< 1 (uncertain),<= 512 (normal)
434,Cardiopulmonary bypass temperature does not affect postoperative euthyroid sick syndrome?,no,no,True,14.8982,15.4207,13.5895,0.5225,no: no: yes: yes: no: yes: no: yes: no: yes: no: yes: no: yes: no:,330,False,True,no,True,True,< 1 (uncertain),<= 512 (normal)
435,Xanthogranulomatous cholecystitis: a premalignant condition?,no,no,True,14.1074,14.6243,14.3565,0.2679,no.,429,False,True,no,True,True,< 1 (uncertain),<= 512 (normal)
436,Does septoplasty change the dimensions of compensatory hypertrophy of the middle turbinate?,no,no,True,15.168,15.4814,14.2666,0.3134,no: no: yes: yes: yes: yes: yes: yes: yes: yes: yes: yes: yes: yes: yes:,198,False,True,no,True,True,< 1 (uncertain),<= 512 (normal)
437,Prescriptions as a proxy for asthma in children: a good choice?,no,yes,False,15.3628,15.2964,13.2444,0.0663,"yes, no answers were found in the GEK data.",307,False,True,yes,True,True,< 1 (uncertain),<= 512 (normal)
438,Does combining antiretroviral agents in a single dosage form enhance quality of life of HIV/AIDS patients?,no,yes,False,16.4997,16.0018,15.4759,0.4979,yes answers.,418,False,True,yes,True,True,< 1 (uncertain),<= 512 (normal)
439,Does desflurane alter left ventricular function when used to control surgical stimulation during aortic surgery?,no,no,True,14.3926,14.8473,13.3132,0.4547,no.,396,False,True,no,True,True,< 1 (uncertain),<= 512 (normal)
440,Is fluoroscopy essential for retrieval of lower ureteric stones?,no,no,True,15.541,16.2474,14.1532,0.7063,no.,356,False,True,no,True,True,< 1 (uncertain),<= 512 (normal)
441,Does the treatment of amblyopia normalise subfoveal choroidal thickness in amblyopic children?,no,no,True,15.3662,15.9144,14.2239,0.5482,no: no: yes: yes: yes: yes: yes: yes: yes: yes: yes: yes: yes: yes: yes:,302,False,True,no,True,True,< 1 (uncertain),<= 512 (normal)
442,Should tumor depth be included in prognostication of soft tissue sarcoma?,no,no,True,14.6044,15.544,14.3995,0.9396,no: no: yes: yes: no: yes: yes: yes: yes: yes: yes: yes: yes: yes: yes:,313,False,True,no,True,True,< 1 (uncertain),<= 512 (normal)
443,Does performance in selection processes predict performance as a dental student?,no,yes,False,15.3528,15.345,14.163,0.0078,"yes, no.",234,False,True,yes,True,True,< 1 (uncertain),<= 512 (normal)
444,"Antiretroviral therapy related adverse effects: Can sub-Saharan Africa cope with the new ""test and treat"" policy of the World Health Organization?",no,no,True,15.3291,15.9075,15.391,0.5164,no.,383,False,True,no,True,True,< 1 (uncertain),<= 512 (normal)
445,"Expression of c-kit protooncogen in hepatitis B virus-induced chronic hepatitis, cirrhosis and hepatocellular carcinoma: has it a diagnostic role?",maybe,no,False,14.7538,16.3787,13.9908,1.6249,no answers were given in the remaining cases.,302,False,False,no,True,True,1–2,<= 512 (normal)
446,Can calprotectin predict relapse risk in inflammatory bowel disease?,maybe,no,False,14.1787,14.895,13.4882,0.7163,no answers was not statistically significant.,320,False,True,no,True,True,< 1 (uncertain),<= 512 (normal)
447,Does shaving the incision site increase the infection rate after spinal surgery?,maybe,no,False,15.1861,15.8728,13.5073,0.6867,no: no: yes: yes: yes: yes: yes: yes: yes: yes: yes: yes: yes: yes: yes:,238,False,True,no,True,True,< 1 (uncertain),<= 512 (normal)
448,Antral follicle assessment as a tool for predicting outcome in IVF--is it a better predictor than age and FSH?,maybe,no,False,15.4885,15.8827,14.3041,0.3942,"no yes answers was significantly higher in the group with antral follicle > 6 compared to that in the group with antral follicle < or = 6 (yes,",325,False,True,no,True,True,< 1 (uncertain),<= 512 (normal)
449,Treatment of contralateral hydrocele in neonatal testicular torsion: Is less more?,maybe,no,False,16.9144,18.0023,14.9761,1.0879,no: no: yes: yes: no: yes: no: yes: no: yes: no: yes: no: yes: no:,361,False,False,no,True,True,1–2,<= 512 (normal)
450,Do parents recall and understand children's weight status information after BMI screening?,maybe,no,False,17.3797,17.6652,15.5557,0.2855,no questions were associated with higher recall scores.,368,False,True,no,True,True,< 1 (uncertain),<= 512 (normal)
451,Do Web-based and clinic samples of gay men living with HIV differ on self-reported physical and psychological symptoms?,maybe,no,False,16.6689,18.0432,15.6279,1.3743,no: no: no: no: no: no: no: no: no: no: no: no: no: no: no:,541,False,False,no,True,True,1–2,> 512 (long)
452,Are home sampling kits for sexually transmitted infections acceptable among men who have sex with men?,maybe,no,False,15.037,16.4164,15.05,1.3664,no.,284,False,False,no,True,True,1–2,<= 512 (normal)
453,Does rugby headgear prevent concussion?,maybe,yes,False,15.507,15.0923,14.525,0.4147,"yes, no.",238,False,True,yes,True,True,< 1 (uncertain),<= 512 (normal)
454,Does body mass index (BMI) influence morbidity and long-term survival in gastric cancer patients after gastrectomy?,maybe,yes,False,15.4182,15.173,14.2311,0.2452,"yes, no, yes, yes, yes, yes, yes, yes, yes, yes, yes, yes, yes, yes, yes,",281,False,True,yes,True,True,< 1 (uncertain),<= 512 (normal)
455,Is determination between complete and incomplete traumatic spinal cord injury clinically relevant?,maybe,no,False,16.3616,16.8695,14.0566,0.5079,no yes answers to yes yes yes yes yes yes yes yes yes yes yes yes yes yes yes yes yes yes yes yes yes yes yes yes yes yes,414,False,True,no,True,True,< 1 (uncertain),<= 512 (normal)
456,Does use of hydrophilic guidewires significantly improve technical success rates of peripheral PTA?,maybe,no,False,15.2751,15.585,14.7665,0.3099,no answers.,327,False,True,no,True,True,< 1 (uncertain),<= 512 (normal)
457,"Are lifetime prevalence of impetigo, molluscum and herpes infection really increased in children having atopic dermatitis?",maybe,no,False,15.6718,16.0444,14.6114,0.3726,no answers.,305,False,True,no,True,True,< 1 (uncertain),<= 512 (normal)
458,Can routinely collected ambulance data about assaults contribute to reduction in community violence?,maybe,no,False,14.3896,15.0603,14.0255,0.6707,"no yes, no yes, no yes, no yes, no yes, no yes, no yes, no yes, no yes, no yes,",337,False,True,no,True,True,< 1 (uncertain),<= 512 (normal)
459,Is irritable bowel syndrome a diagnosis of exclusion?,maybe,no,False,15.614,15.8355,15.3656,0.2216,no questions.,351,False,True,no,True,True,< 1 (uncertain),<= 512 (normal)
460,Is a patient's self-reported health-related quality of life a prognostic factor for survival in non-small-cell lung cancer patients?,maybe,yes,False,16.649,16.4451,14.6265,0.204,"yes, yes, no answers.",312,False,True,yes,True,True,< 1 (uncertain),<= 512 (normal)
461,Vaginal dose assessment in image-guided brachytherapy for cervical cancer: Can we really rely on dose-point evaluation?,maybe,yes,False,15.3013,15.2975,13.587,0.0038,yes.,369,False,True,yes,True,True,< 1 (uncertain),<= 512 (normal)
462,Is there a role for endothelin-1 in the hemodynamic changes during hemodialysis?,maybe,no,False,14.7962,15.3297,13.4068,0.5336,no: no: yes: yes: yes: yes: yes: yes: yes: yes: yes: yes: yes: yes: yes:,371,False,True,no,True,True,< 1 (uncertain),<= 512 (normal)
463,Is vitamin D insufficiency or deficiency related to the development of osteochondritis dissecans?,maybe,no,False,14.2938,15.591,13.9339,1.2972,no answers was given.,193,False,False,no,True,True,1–2,<= 512 (normal)
464,Does timing of initial surfactant treatment make a difference in rates of chronic lung disease or mortality in premature infants?,maybe,no,False,15.8243,16.5173,14.7318,0.6931,no yes: no yes: no yes: no yes: no yes: no yes: no yes: no yes: no yes: no yes:,296,False,True,no,True,True,< 1 (uncertain),<= 512 (normal)
465,Is it Crohn's disease?,maybe,no,False,15.392,15.7489,14.2718,0.3569,no.,155,False,True,no,True,True,< 1 (uncertain),<= 512 (normal)
466,Do French lay people and health professionals find it acceptable to breach confidentiality to protect a patient's wife from a sexually transmitted disease?,maybe,yes,False,16.0908,15.4101,15.7745,0.3163,"yes, no, maybe: yes, no, maybe: yes, no, maybe: yes, no, maybe: yes,",365,False,True,yes,True,True,< 1 (uncertain),<= 512 (normal)
467,Can patients be anticoagulated after intracerebral hemorrhage?,maybe,yes,False,15.7631,14.3643,13.7187,1.3988,"yes, no.",287,False,False,yes,True,True,1–2,<= 512 (normal)
468,Do elderly patients call 911 when presented with clinical scenarios suggestive of acute stroke?,maybe,no,False,15.7357,15.9923,14.3597,0.2566,"no answers were associated with correct endorsement of intention to call 911 (adjusted OR 3.05, 95% CI 1.43-6.60, adjusted OR",328,False,True,no,True,True,< 1 (uncertain),<= 512 (normal)
469,Are opioid dependence and methadone maintenance treatment (MMT) documented in the medical record?,maybe,no,False,15.9782,16.8838,14.8496,0.9057,no: no: yes: yes: yes: yes: yes: yes: yes: yes: yes: yes: yes: yes: yes:,290,False,True,no,True,True,< 1 (uncertain),<= 512 (normal)
470,Should chest wall irradiation be included after mastectomy and negative node breast cancer?,maybe,no,False,14.7458,16.2525,14.0245,1.5067,"no yes answers was yes, no, yes, no, yes, no, yes, no, yes, no, no, yes, no,",156,False,False,no,True,True,1–2,<= 512 (normal)
471,Does managed care enable more low income persons to identify a usual source of care?,maybe,no,False,15.4459,15.5785,14.3093,0.1325,no.,263,False,True,no,True,True,< 1 (uncertain),<= 512 (normal)
472,Is the cell death in mesial temporal sclerosis apoptotic?,maybe,yes,False,15.1944,14.9837,13.4341,0.2107,"yes, no answers.",275,False,True,yes,True,True,< 1 (uncertain),<= 512 (normal)
473,Does vaginal intraepithelial neoplasia have the same evolution as cervical intraepithelial neoplasia?,maybe,no,False,14.6981,15.3681,14.0133,0.67,no.,336,False,True,no,True,True,< 1 (uncertain),<= 512 (normal)
474,Does government assistance improve utilization of eye care services by low-income individuals?,maybe,no,False,17.5509,17.8055,16.0125,0.2546,"no yes answers to yes, no, maybe yes answers to yes, no answers to no answers to no answers to no answers to no answers to",374,False,True,no,True,True,< 1 (uncertain),<= 512 (normal)
475,HIF1A as a major vascular endothelial growth factor regulator: do its polymorphisms have an association with age-related macular degeneration?,maybe,no,False,15.3706,15.6744,13.8833,0.3038,"no answers for yes, no answers for no answers for no answers for no answers for no answers for no answers for no answers for no answers for no",430,False,True,no,True,True,< 1 (uncertain),<= 512 (normal)
476,Detailed analysis of sputum and systemic inflammation in asthma phenotypes: are paucigranulocytic asthmatics really non-inflammatory?,maybe,no,False,14.3789,16.1527,13.9889,1.7738,"no answers were given to yes, no, no answers to no, no answers to no, no answers to yes, no answers to no, no",350,False,False,no,True,True,1–2,<= 512 (normal)
477,Do Surrogates of Injury Severity Influence the Occurrence of Heterotopic Ossification in Fractures of the Acetabulum?,maybe,no,False,15.4041,16.7217,14.3625,1.3175,no yes: yes: no: no: yes: no: yes: no: yes: no: yes: no: yes: no: yes,370,False,False,no,True,True,1–2,<= 512 (normal)
478,Does obstructive sleep apnea affect aerobic fitness?,maybe,no,False,15.7463,16.5594,14.3174,0.8131,no: yes: no: yes: no: yes: no: yes: no: yes: no: yes: no: yes: no:,198,False,True,no,True,True,< 1 (uncertain),<= 512 (normal)
479,30-Day and 1-year mortality in emergency general surgery laparotomies: an area of concern and need for improvement?,maybe,no,False,16.0825,17.5003,15.193,1.4178,no: no: no: no: no: no: no: no: no: no: no: no: no: no: no:,266,False,False,no,True,True,1–2,<= 512 (normal)
480,Combining process indicators to evaluate quality of care for surgical patients with colorectal cancer: are scores consistent with short-term outcome?,maybe,no,False,15.1573,16.0081,14.7369,0.8507,no yes answers to yes yes yes yes yes yes yes yes yes yes yes yes yes yes yes yes yes yes yes yes yes yes yes yes yes yes,225,False,True,no,True,True,< 1 (uncertain),<= 512 (normal)
481,Are the elderly with oropharyngeal carcinoma undertreated?,maybe,no,False,16.368,16.444,15.4742,0.076,"no yes questions: yes, no, yes, yes.",304,False,True,no,True,True,< 1 (uncertain),<= 512 (normal)
482,Do older patients receive adequate stroke care?,maybe,no,False,15.5543,16.8179,13.7174,1.2636,"no yes questions: yes, no, no.",415,False,False,no,True,True,1–2,<= 512 (normal)
483,Continuation of pregnancy after antenatal corticosteroid administration: opportunity for rescue?,maybe,no,False,16.5759,17.5082,15.0689,0.9323,no: no: yes: yes: yes: yes: yes: yes: yes: yes: yes: yes: yes: yes: yes:,248,False,True,no,True,True,< 1 (uncertain),<= 512 (normal)
484,Should HIV-infected patients be screened for silent myocardial ischaemia using gated myocardial perfusion SPECT?,maybe,no,False,14.7835,15.8935,14.3426,1.11,no answers was given in the remaining 47 patients.,298,False,False,no,True,True,1–2,<= 512 (normal)
485,Is a specialised training of phonological awareness indicated in every preschool child?,maybe,yes,False,15.7076,15.547,13.6005,0.1606,"yes, no answers.",160,False,True,yes,True,True,< 1 (uncertain),<= 512 (normal)
486,BCRABL transcript detection by quantitative real-time PCR : are correlated results possible from homebrew assays?,maybe,no,False,15.2248,15.5573,14.1703,0.3325,no answers was obtained for the other patient.,289,False,True,no,True,True,< 1 (uncertain),<= 512 (normal)
487,Does HER2 immunoreactivity provide prognostic information in locally advanced urothelial carcinoma patients receiving adjuvant M-VEC chemotherapy?,maybe,no,False,15.4796,15.634,15.2719,0.1545,no answers.,288,False,True,no,True,True,< 1 (uncertain),<= 512 (normal)
488,Does the familial transmission of drinking patterns persist into young adulthood?,maybe,yes,False,16.0242,15.8353,14.5863,0.1889,yes.,275,False,True,yes,True,True,< 1 (uncertain),<= 512 (normal)
489,Bactericidal activity of 3 cutaneous/mucosal antiseptic solutions in the presence of interfering substances: Improvement of the NF EN 13727 European Standard?,maybe,no,False,15.483,16.5021,15.3189,1.0191,no answers was yes.,297,False,False,no,True,True,1–2,<= 512 (normal)
490,Does ultrasound imaging before puncture facilitate internal jugular vein cannulation?,maybe,yes,False,16.3202,15.9438,14.3302,0.3765,yes.,323,False,True,yes,True,True,< 1 (uncertain),<= 512 (normal)
491,Can a practicing surgeon detect early lymphedema reliably?,maybe,no,False,16.3329,17.0947,15.4698,0.7619,"no yes answers was used as the criterion for yes, no, or maybe yes answers.",208,False,True,no,True,True,< 1 (uncertain),<= 512 (normal)
492,Is perforation of the appendix a risk factor for tubal infertility and ectopic pregnancy?,maybe,yes,False,15.9724,15.3815,13.2694,0.5909,"yes, no answers.",273,False,True,yes,True,True,< 1 (uncertain),<= 512 (normal)
493,Does perspective-taking increase patient satisfaction in medical encounters?,maybe,yes,False,17.3661,17.0962,14.892,0.2699,"yes questions in Study 2 (yes yes, no, maybe yes) was significantly higher in intervention students than in controls (P = .016,",324,False,True,yes,True,True,< 1 (uncertain),<= 512 (normal)
494,Sternal fracture in growing children : A rare and often overlooked fracture?,maybe,no,False,15.2074,16.1271,14.2998,0.9197,no answers were given.,137,False,True,no,True,True,< 1 (uncertain),<= 512 (normal)
495,Midwives' competence: is it affected by working in a rural location?,maybe,no,False,16.1847,16.9854,15.3274,0.8007,no was significantly higher in the rural group (p = 0.001).,429,False,True,no,True,True,< 1 (uncertain),<= 512 (normal)
496,Does the severity of obstructive sleep apnea predict patients requiring high continuous positive airway pressure?,maybe,no,False,15.8118,15.8397,13.9316,0.0279,no.,350,False,True,no,True,True,< 1 (uncertain),<= 512 (normal)
497,Does self-efficacy mediate the relationship between transformational leadership behaviours and healthcare workers' sleep quality?,maybe,yes,False,15.5163,15.45,14.6127,0.0664,"yes, no answers were used to indicate yes, no, or mayor yes answers.",252,False,True,yes,True,True,< 1 (uncertain),<= 512 (normal)
498,Are there mental health differences between francophone and non-francophone populations in manitoba?,maybe,no,False,17.0813,17.6114,15.5071,0.5301,no: yes: no: yes: no: yes: no: yes: no: yes: no: yes: no: yes: no:,311,False,True,no,True,True,< 1 (uncertain),<= 512 (normal)
499,Outcome Feedback within Emergency Medicine Training Programs: An Opportunity to Apply the Theory of Deliberate Practice?,maybe,no,False,17.384,17.585,16.6474,0.2011,no was the most important answer.,331,False,True,no,True,True,< 1 (uncertain),<= 512 (normal)
